## xl/sharedStrings.xml
 
 POSSIBLE Select 31 of 50 over 150 --> 75+75 SDS SDS WHO KNOWS EXACT ONLY WW HIS LAST MESSAGE THIRTY SEE ANYTHING Q ?? Notations Pos X pos X runs ? Pos ? Runs Remains WORD S W B R N Y P V T T B E R ABSENCE OF LIGHT LIES NUANCE IQLUSION IT WAS TOTALLY INVISIBLE HOWS THAT THEY USED EARTHS MAGNETIC FIELD INFORMATION GATHERED ? K BETWEEN SUBTLE SHADING AND THE ABSENCE OF LIGHT OBKR Letter Pos Python Word Pos L I N BETWEEN SUBTLE SHADING AND THE WIDENING HOLE INSERTED CANDLE PEERED HOT AIR ESCAPING FROM CHAMBER CAUSED FLAME FLICKER BUT PRESENTLY DETAILS ROOM WITHIN EMERGED MIST CAN YOU SEE ANYTHING Q C Y V P ? R M X K -> PRESENTLY DETAILS ROOM WITHIN EMERGED MIST CAN YOU B E T W N S U L H A D I G N C O F Q O J Z Pos SawTooth BURIED OUT THERE SOMEWHERE WHO KNOWS EXACT ONLY WW THIS HIS LAST MESSAGE A S N O H L I C K TINY BREACH IN UPPER LEFT HAND CORNER THEN REMAINS PASSAGE DEBRIS ENCUMBERED LOWER PART DOORWAY REMOVED WITH TREMBLING HANDS MADE TINY BREACH IN UPPER LEFT HAND CORNER THEN WIDENING HOLE LITTLE INSERTED CANDLE PEERED HOT AIR ESCAPING FROM CHAMBER CAUSED FLAME FLICKER BUT N N English Kryptos Count Big Diff N N N Expected Chars N - due to stops N Y K1 length K2 length K3 length THIRTY EIGHT DEGREES FIFTY SEVEN MINUTES SIX POINT FIVE SECONDS NORTH SEVENTY FORTY FOUR WEST LAYER TWO POSSIBLE ?? ?? LOCATION X X X X SLOWLY DESPARATLY TOTALLY INVISIBLE HOWS THAT POSSIBLE THEY USED EARTHS MAGNETIC FIELD X INFORMATION GATHERED TRANSMITTED UNDERGRUUND TO AN UNKNOWN LOCATION DOES LANGLEY KNOW ABOUT THIS SHOULD ITS BURIED OUT THERE SOMEWHERE SSYSXSDNXWYDESNSTYYXSNSSRYSSEFSGEHRRGADDEGRETFNENG TYETEDECDENDDDONNSYTSDSTEXOETYWSSEXTSNSTEHYSTYRTXOYYEFETDRTEYDHSIAYNETDDNEEEIEEDNTRMEDEORYSEMDMTXUEQ K4-I K4-II LIES NUANCE IQLUSION IT WAS <- ? preOut postOut Line Avg24 Code ?? THIS K4 subRemains newK4avg24 oldK4avg24 Odd Even OddAvg24 EvenAvg24 Ave24 TRANSMITTED UNDERGRUUND TO AN UNKNOWN LOCATION DOES LANGLEY KNOW ABOUT SHOULD ITS EIGHT DEGREES FIFTY SEVEN MINUTES SIX POINT FIVE SECONDS NORTH SEVENTY FORTY FOUR WEST LAYER TWO SLOWLY DESPARATLY REMAINS PASSAGE DEBRIS ENCUMBERED LOWER PART DOORWAY REMOVED WITH TREMBLING HANDS I MADE A 
## xl/worksheets/sheet1.xml
 
 14 44 124 19 89 251 105 24 MOD(D1+I1,26) 17 AVERAGE(J1:J24) 14.25 
 15 45 127 18 90 252 105 24 MOD(D2+I2,26) 16 AVERAGE(J2:J25) 14 
 16 46 105 24 91 251 105 24 22 13.5 
 17 47 123 4 92 78 123 4 8 12.791666666666666 
 18 48 127 18 93 175 127 18 10 12.541666666666666 
 19 49 124 19 94 39 138 5 24 12.666666666666666 
 20 0 123 4 95 176 123 4 8 12.166666666666666 
 21 50 105 24 96 177 127 18 16 12.708333333333334 
 22 51 132 3 97 49 124 19 22 12.666666666666666 
 23 78 123 4 98 178 132 3 7 12 
 24 52 127 18 99 78 123 4 22 11.916666666666666 
 25 53 136 2 100 179 109 17 19 11.375 
 26 54 132 3 101 180 124 19 22 11.541666666666666 
 27 111 111 23 102 39 138 5 2 10.958333333333334 
 28 78 123 4 103 78 123 4 8 11.041666666666666 
 29 55 126 13 104 181 105 24 11 10.75 
 30 45 127 18 105 45 127 18 10 11.208333333333334 
 31 56 132 3 106 182 132 3 6 11.666666666666666 
 32 77 132 3 107 183 130 7 10 11.75 
 33 311 132 3 108 184 134 6 9 12.291666666666666 
 34 312 132 3 109 185 127 18 21 12.583333333333334 
 35 313 137 14 110 133 133 8 22 11.75 
 36 314 126 13 111 186 123 4 17 11.208333333333334 
 37 315 126 13 112 131 131 0 13 11.416666666666666 
 38 316 126 13 113 187 105 24 11 11.333333333333334 
 39 111 111 23 114 188 130 7 4 11.25 
 40 317 127 18 115 189 126 13 5 12.125 
 41 318 105 24 116 78 123 4 2 12.583333333333334 
 42 319 125 22 117 190 109 17 13 12.541666666666666 
 43 320 124 19 118 191 124 19 12 12.625 
 44 154 127 18 119 192 132 3 21 13.041666666666666 
 45 50 105 24 120 193 109 17 15 13.083333333333334 
 46 321 132 3 121 77 132 3 6 12.541666666666666 
 47 322 127 18 122 194 126 13 5 12.333333333333334 
 48 145 132 3 123 195 134 6 9 12.5 
 49 146 124 19 124 78 123 4 23 12.791666666666666 
 50 147 123 4 125 196 123 4 8 12.541666666666666 
 51 148 123 4 126 131 131 0 4 13.125 
 52 111 111 23 127 197 123 4 1 13.916666666666666 
 53 149 137 14 128 133 133 8 22 14.333333333333334 
 54 150 127 18 129 198 132 3 21 13.833333333333334 
 55 78 123 4 130 78 123 4 8 12.958333333333334 
 56 151 124 19 131 199 123 4 23 13.5 
 57 316 126 13 132 77 132 3 16 12.75 
 58 152 105 24 133 200 132 3 1 13 
 59 153 125 22 134 189 126 13 9 13.666666666666666 
 60 154 127 18 135 78 123 4 22 13.875 
 61 45 127 18 136 201 124 19 11 13.166666666666666 
 62 155 127 18 137 202 109 17 9 13.25 
 63 156 124 19 138 203 134 6 25 12.916666666666666 
 64 157 123 4 139 204 110 12 16 12.833333333333334 
 65 111 111 23 140 78 123 4 1 12.333333333333334 
 66 226 105 24 141 205 109 17 15 
 67 227 124 19 142 206 132 3 22 
 68 228 127 18 143 78 123 4 22 
 69 229 105 24 144 207 123 4 2 
 70 230 126 13 145 313 137 14 1 
 71 231 127 18 146 208 109 17 9 
 72 232 111 23 147 209 124 19 16 
 73 233 124 19 148 114 105 24 17 
 74 234 123 4 149 115 127 18 22 
 75 235 127 18 150 39 138 5 23 
 76 236 130 7 151 78 123 4 11 
 77 237 105 24 152 116 110 12 10 
 78 230 126 13 153 117 126 13 0 
 79 228 127 18 154 118 132 3 MOD(D66+I66,26) 21 
 80 227 124 19 155 204 110 12 5 
 81 231 127 18 156 78 123 4 22 
 82 238 105 24 157 119 124 19 17 
 83 239 109 17 158 111 111 23 14 
 84 235 127 18 159 120 126 13 5 
 85 240 124 19 160 121 128 20 13 
 86 111 111 23 161 13 123 4 1 
 87 241 109 17 162 14 134 6 23 
 88 242 137 14 163 139 139 16 4 
 
## xl/worksheets/sheet10.xml
 
 13 A1&"," 13, B1 13, 
 4 A2&"," 4, C1&B2 13,4, 
 6 6, C2&B3 13,4,6, 
 3 3, 13,4,6,3, 
 4 4, 13,4,6,3,4, 
 4 4, 13,4,6,3,4,4, 
 5 5, 13,4,6,3,4,4,5, 
 19 19, 13,4,6,3,4,4,5,19, 
 18 18, 13,4,6,3,4,4,5,19,18, 
 4 4, 13,4,6,3,4,4,5,19,18,4, 
 4 4, 13,4,6,3,4,4,5,19,18,4,4, 
 5 5, 13,4,6,3,4,4,5,19,18,4,4,5, 
 13 13, 13,4,6,3,4,4,5,19,18,4,4,5,13, 
 19 19, 13,4,6,3,4,4,5,19,18,4,4,5,13,19, 
 18 18, 13,4,6,3,4,4,5,19,18,4,4,5,13,19,18, 
 24 24, 13,4,6,3,4,4,5,19,18,4,4,5,13,19,18,24, 
 4 4, 13,4,6,3,4,4,5,19,18,4,4,5,13,19,18,24,4, 
 18 18, 13,4,6,3,4,4,5,19,18,4,4,5,13,19,18,24,4,18, 
 19 19, 13,4,6,3,4,4,5,19,18,4,4,5,13,19,18,24,4,18,19, 
 4 4, 13,4,6,3,4,4,5,19,18,4,4,5,13,19,18,24,4,18,19,4, 
 24 24, 13,4,6,3,4,4,5,19,18,4,4,5,13,19,18,24,4,18,19,4,24, 
 3 3, 13,4,6,3,4,4,5,19,18,4,4,5,13,19,18,24,4,18,19,4,24,3, 
 4 4, 13,4,6,3,4,4,5,19,18,4,4,5,13,19,18,24,4,18,19,4,24,3,4, 
 18 18, 13,4,6,3,4,4,5,19,18,4,4,5,13,19,18,24,4,18,19,4,24,3,4,18, 
 2 2, 13,4,6,3,4,4,5,19,18,4,4,5,13,19,18,24,4,18,19,4,24,3,4,18,2, 
 3 3, 13,4,6,3,4,4,5,19,18,4,4,5,13,19,18,24,4,18,19,4,24,3,4,18,2,3, 
 23 23, 13,4,6,3,4,4,5,19,18,4,4,5,13,19,18,24,4,18,19,4,24,3,4,18,2,3,23, 
 4 4, 13,4,6,3,4,4,5,19,18,4,4,5,13,19,18,24,4,18,19,4,24,3,4,18,2,3,23,4, 
 13 13, 13,4,6,3,4,4,5,19,18,4,4,5,13,19,18,24,4,18,19,4,24,3,4,18,2,3,23,4,13, 
 18 18, 13,4,6,3,4,4,5,19,18,4,4,5,13,19,18,24,4,18,19,4,24,3,4,18,2,3,23,4,13,18, 
 3 3, 13,4,6,3,4,4,5,19,18,4,4,5,13,19,18,24,4,18,19,4,24,3,4,18,2,3,23,4,13,18,3, 
 3 3, 13,4,6,3,4,4,5,19,18,4,4,5,13,19,18,24,4,18,19,4,24,3,4,18,2,3,23,4,13,18,3,3, 
 3 3, 13,4,6,3,4,4,5,19,18,4,4,5,13,19,18,24,4,18,19,4,24,3,4,18,2,3,23,4,13,18,3,3,3, 
 3 3, 13,4,6,3,4,4,5,19,18,4,4,5,13,19,18,24,4,18,19,4,24,3,4,18,2,3,23,4,13,18,3,3,3,3, 
 14 14, 13,4,6,3,4,4,5,19,18,4,4,5,13,19,18,24,4,18,19,4,24,3,4,18,2,3,23,4,13,18,3,3,3,3,14, 
 13 13, 13,4,6,3,4,4,5,19,18,4,4,5,13,19,18,24,4,18,19,4,24,3,4,18,2,3,23,4,13,18,3,3,3,3,14,13, 
 13 13, 13,4,6,3,4,4,5,19,18,4,4,5,13,19,18,24,4,18,19,4,24,3,4,18,2,3,23,4,13,18,3,3,3,3,14,13,13, 
 13 13, 13,4,6,3,4,4,5,19,18,4,4,5,13,19,18,24,4,18,19,4,24,3,4,18,2,3,23,4,13,18,3,3,3,3,14,13,13,13, 
 23 23, 13,4,6,3,4,4,5,19,18,4,4,5,13,19,18,24,4,18,19,4,24,3,4,18,2,3,23,4,13,18,3,3,3,3,14,13,13,13,23, 
 18 18, 13,4,6,3,4,4,5,19,18,4,4,5,13,19,18,24,4,18,19,4,24,3,4,18,2,3,23,4,13,18,3,3,3,3,14,13,13,13,23,18, 
 24 24, 13,4,6,3,4,4,5,19,18,4,4,5,13,19,18,24,4,18,19,4,24,3,4,18,2,3,23,4,13,18,3,3,3,3,14,13,13,13,23,18,24, 
 22 22, 13,4,6,3,4,4,5,19,18,4,4,5,13,19,18,24,4,18,19,4,24,3,4,18,2,3,23,4,13,18,3,3,3,3,14,13,13,13,23,18,24,22, 
 19 19, 13,4,6,3,4,4,5,19,18,4,4,5,13,19,18,24,4,18,19,4,24,3,4,18,2,3,23,4,13,18,3,3,3,3,14,13,13,13,23,18,24,22,19, 
 18 18, 13,4,6,3,4,4,5,19,18,4,4,5,13,19,18,24,4,18,19,4,24,3,4,18,2,3,23,4,13,18,3,3,3,3,14,13,13,13,23,18,24,22,19,18, 
 24 24, 13,4,6,3,4,4,5,19,18,4,4,5,13,19,18,24,4,18,19,4,24,3,4,18,2,3,23,4,13,18,3,3,3,3,14,13,13,13,23,18,24,22,19,18,24, 
 3 3, 13,4,6,3,4,4,5,19,18,4,4,5,13,19,18,24,4,18,19,4,24,3,4,18,2,3,23,4,13,18,3,3,3,3,14,13,13,13,23,18,24,22,19,18,24,3, 
 18 18, 13,4,6,3,4,4,5,19,18,4,4,5,13,19,18,24,4,18,19,4,24,3,4,18,2,3,23,4,13,18,3,3,3,3,14,13,13,13,23,18,24,22,19,18,24,3,18, 
 3 3, 13,4,6,3,4,4,5,19,18,4,4,5,13,19,18,24,4,18,19,4,24,3,4,18,2,3,23,4,13,18,3,3,3,3,14,13,13,13,23,18,24,22,19,18,24,3,18,3, 
 19 19, 13,4,6,3,4,4,5,19,18,4,4,5,13,19,18,24,4,18,19,4,24,3,4,18,2,3,23,4,13,18,3,3,3,3,14,13,13,13,23,18,24,22,19,18,24,3,18,3,19, 
 4 4, 13,4,6,3,4,4,5,19,18,4,4,5,13,19,18,24,4,18,19,4,24,3,4,18,2,3,23,4,13,18,3,3,3,3,14,13,13,13,23,18,24,22,19,18,24,3,18,3,19,4, 
 4 4, 13,4,6,3,4,4,5,19,18,4,4,5,13,19,18,24,4,18,19,4,24,3,4,18,2,3,23,4,13,18,3,3,3,3,14,13,13,13,23,18,24,22,19,18,24,3,18,3,19,4,4, 
 23 23, 13,4,6,3,4,4,5,19,18,4,4,5,13,19,18,24,4,18,19,4,24,3,4,18,2,3,23,4,13,18,3,3,3,3,14,13,13,13,23,18,24,22,19,18,24,3,18,3,19,4,4,23, 
 14 14, 13,4,6,3,4,4,5,19,18,4,4,5,13,19,18,24,4,18,19,4,24,3,4,18,2,3,23,4,13,18,3,3,3,3,14,13,13,13,23,18,24,22,19,18,24,3,18,3,19,4,4,23,14, 
 18 18, 13,4,6,3,4,4,5,19,18,4,4,5,13,19,18,24,4,18,19,4,24,3,4,18,2,3,23,4,13,18,3,3,3,3,14,13,13,13,23,18,24,22,19,18,24,3,18,3,19,4,4,23,14,18, 
 4 4, 13,4,6,3,4,4,5,19,18,4,4,5,13,19,18,24,4,18,19,4,24,3,4,18,2,3,23,4,13,18,3,3,3,3,14,13,13,13,23,18,24,22,19,18,24,3,18,3,19,4,4,23,14,18,4, 
 19 19, 13,4,6,3,4,4,5,19,18,4,4,5,13,19,18,24,4,18,19,4,24,3,4,18,2,3,23,4,13,18,3,3,3,3,14,13,13,13,23,18,24,22,19,18,24,3,18,3,19,4,4,23,14,18,4,19, 
 13 13, 13,4,6,3,4,4,5,19,18,4,4,5,13,19,18,24,4,18,19,4,24,3,4,18,2,3,23,4,13,18,3,3,3,3,14,13,13,13,23,18,24,22,19,18,24,3,18,3,19,4,4,23,14,18,4,19,13, 
 24 24, 13,4,6,3,4,4,5,19,18,4,4,5,13,19,18,24,4,18,19,4,24,3,4,18,2,3,23,4,13,18,3,3,3,3,14,13,13,13,23,18,24,22,19,18,24,3,18,3,19,4,4,23,14,18,4,19,13,24, 
 22 22, 13,4,6,3,4,4,5,19,18,4,4,5,13,19,18,24,4,18,19,4,24,3,4,18,2,3,23,4,13,18,3,3,3,3,14,13,13,13,23,18,24,22,19,18,24,3,18,3,19,4,4,23,14,18,4,19,13,24,22, 
 18 18, 13,4,6,3,4,4,5,19,18,4,4,5,13,19,18,24,4,18,19,4,24,3,4,18,2,3,23,4,13,18,3,3,3,3,14,13,13,13,23,18,24,22,19,18,24,3,18,3,19,4,4,23,14,18,4,19,13,24,22,18, 
 18 18, 13,4,6,3,4,4,5,19,18,4,4,5,13,19,18,24,4,18,19,4,24,3,4,18,2,3,23,4,13,18,3,3,3,3,14,13,13,13,23,18,24,22,19,18,24,3,18,3,19,4,4,23,14,18,4,19,13,24,22,18,18, 
 18 18, 13,4,6,3,4,4,5,19,18,4,4,5,13,19,18,24,4,18,19,4,24,3,4,18,2,3,23,4,13,18,3,3,3,3,14,13,13,13,23,18,24,22,19,18,24,3,18,3,19,4,4,23,14,18,4,19,13,24,22,18,18,18, 
 19 19, 13,4,6,3,4,4,5,19,18,4,4,5,13,19,18,24,4,18,19,4,24,3,4,18,2,3,23,4,13,18,3,3,3,3,14,13,13,13,23,18,24,22,19,18,24,3,18,3,19,4,4,23,14,18,4,19,13,24,22,18,18,18,19, 
 4 4, 13,4,6,3,4,4,5,19,18,4,4,5,13,19,18,24,4,18,19,4,24,3,4,18,2,3,23,4,13,18,3,3,3,3,14,13,13,13,23,18,24,22,19,18,24,3,18,3,19,4,4,23,14,18,4,19,13,24,22,18,18,18,19,4, 
 23 23, 13,4,6,3,4,4,5,19,18,4,4,5,13,19,18,24,4,18,19,4,24,3,4,18,2,3,23,4,13,18,3,3,3,3,14,13,13,13,23,18,24,22,19,18,24,3,18,3,19,4,4,23,14,18,4,19,13,24,22,18,18,18,19,4,23, 
 24 A66&"," 24, 13,4,6,3,4,4,5,19,18,4,4,5,13,19,18,24,4,18,19,4,24,3,4,18,2,3,23,4,13,18,3,3,3,3,14,13,13,13,23,18,24,22,19,18,24,3,18,3,19,4,4,23,14,18,4,19,13,24,22,18,18,18,19,4,23,24, 
 19 19, C66&B67 13,4,6,3,4,4,5,19,18,4,4,5,13,19,18,24,4,18,19,4,24,3,4,18,2,3,23,4,13,18,3,3,3,3,14,13,13,13,23,18,24,22,19,18,24,3,18,3,19,4,4,23,14,18,4,19,13,24,22,18,18,18,19,4,23,24,19, 
 18 18, 13,4,6,3,4,4,5,19,18,4,4,5,13,19,18,24,4,18,19,4,24,3,4,18,2,3,23,4,13,18,3,3,3,3,14,13,13,13,23,18,24,22,19,18,24,3,18,3,19,4,4,23,14,18,4,19,13,24,22,18,18,18,19,4,23,24,19,18, 
 24 24, 13,4,6,3,4,4,5,19,18,4,4,5,13,19,18,24,4,18,19,4,24,3,4,18,2,3,23,4,13,18,3,3,3,3,14,13,13,13,23,18,24,22,19,18,24,3,18,3,19,4,4,23,14,18,4,19,13,24,22,18,18,18,19,4,23,24,19,18,24, 
 13 13, 13,4,6,3,4,4,5,19,18,4,4,5,13,19,18,24,4,18,19,4,24,3,4,18,2,3,23,4,13,18,3,3,3,3,14,13,13,13,23,18,24,22,19,18,24,3,18,3,19,4,4,23,14,18,4,19,13,24,22,18,18,18,19,4,23,24,19,18,24,13, 
 18 18, 13,4,6,3,4,4,5,19,18,4,4,5,13,19,18,24,4,18,19,4,24,3,4,18,2,3,23,4,13,18,3,3,3,3,14,13,13,13,23,18,24,22,19,18,24,3,18,3,19,4,4,23,14,18,4,19,13,24,22,18,18,18,19,4,23,24,19,18,24,13,18, 
 23 23, 13,4,6,3,4,4,5,19,18,4,4,5,13,19,18,24,4,18,19,4,24,3,4,18,2,3,23,4,13,18,3,3,3,3,14,13,13,13,23,18,24,22,19,18,24,3,18,3,19,4,4,23,14,18,4,19,13,24,22,18,18,18,19,4,23,24,19,18,24,13,18,23, 
 19 19, 13,4,6,3,4,4,5,19,18,4,4,5,13,19,18,24,4,18,19,4,24,3,4,18,2,3,23,4,13,18,3,3,3,3,14,13,13,13,23,18,24,22,19,18,24,3,18,3,19,4,4,23,14,18,4,19,13,24,22,18,18,18,19,4,23,24,19,18,24,13,18,23,19, 
 4 4, 13,4,6,3,4,4,5,19,18,4,4,5,13,19,18,24,4,18,19,4,24,3,4,18,2,3,23,4,13,18,3,3,3,3,14,13,13,13,23,18,24,22,19,18,24,3,18,3,19,4,4,23,14,18,4,19,13,24,22,18,18,18,19,4,23,24,19,18,24,13,18,23,19,4, 
 18 18, 13,4,6,3,4,4,5,19,18,4,4,5,13,19,18,24,4,18,19,4,24,3,4,18,2,3,23,4,13,18,3,3,3,3,14,13,13,13,23,18,24,22,19,18,24,3,18,3,19,4,4,23,14,18,4,19,13,24,22,18,18,18,19,4,23,24,19,18,24,13,18,23,19,4,18, 
 7 7, 13,4,6,3,4,4,5,19,18,4,4,5,13,19,18,24,4,18,19,4,24,3,4,18,2,3,23,4,13,18,3,3,3,3,14,13,13,13,23,18,24,22,19,18,24,3,18,3,19,4,4,23,14,18,4,19,13,24,22,18,18,18,19,4,23,24,19,18,24,13,18,23,19,4,18,7, 
 24 24, 13,4,6,3,4,4,5,19,18,4,4,5,13,19,18,24,4,18,19,4,24,3,4,18,2,3,23,4,13,18,3,3,3,3,14,13,13,13,23,18,24,22,19,18,24,3,18,3,19,4,4,23,14,18,4,19,13,24,22,18,18,18,19,4,23,24,19,18,24,13,18,23,19,4,18,7,24, 
 13 13, 13,4,6,3,4,4,5,19,18,4,4,5,13,19,18,24,4,18,19,4,24,3,4,18,2,3,23,4,13,18,3,3,3,3,14,13,13,13,23,18,24,22,19,18,24,3,18,3,19,4,4,23,14,18,4,19,13,24,22,18,18,18,19,4,23,24,19,18,24,13,18,23,19,4,18,7,24,13, 
 18 18, 13,4,6,3,4,4,5,19,18,4,4,5,13,19,18,24,4,18,19,4,24,3,4,18,2,3,23,4,13,18,3,3,3,3,14,13,13,13,23,18,24,22,19,18,24,3,18,3,19,4,4,23,14,18,4,19,13,24,22,18,18,18,19,4,23,24,19,18,24,13,18,23,19,4,18,7,24,13,18, 
 19 19, 13,4,6,3,4,4,5,19,18,4,4,5,13,19,18,24,4,18,19,4,24,3,4,18,2,3,23,4,13,18,3,3,3,3,14,13,13,13,23,18,24,22,19,18,24,3,18,3,19,4,4,23,14,18,4,19,13,24,22,18,18,18,19,4,23,24,19,18,24,13,18,23,19,4,18,7,24,13,18,19, 
 18 18, 13,4,6,3,4,4,5,19,18,4,4,5,13,19,18,24,4,18,19,4,24,3,4,18,2,3,23,4,13,18,3,3,3,3,14,13,13,13,23,18,24,22,19,18,24,3,18,3,19,4,4,23,14,18,4,19,13,24,22,18,18,18,19,4,23,24,19,18,24,13,18,23,19,4,18,7,24,13,18,19,18, 
 24 24, 13,4,6,3,4,4,5,19,18,4,4,5,13,19,18,24,4,18,19,4,24,3,4,18,2,3,23,4,13,18,3,3,3,3,14,13,13,13,23,18,24,22,19,18,24,3,18,3,19,4,4,23,14,18,4,19,13,24,22,18,18,18,19,4,23,24,19,18,24,13,18,23,19,4,18,7,24,13,18,19,18,24, 
 17 17, 13,4,6,3,4,4,5,19,18,4,4,5,13,19,18,24,4,18,19,4,24,3,4,18,2,3,23,4,13,18,3,3,3,3,14,13,13,13,23,18,24,22,19,18,24,3,18,3,19,4,4,23,14,18,4,19,13,24,22,18,18,18,19,4,23,24,19,18,24,13,18,23,19,4,18,7,24,13,18,19,18,24,17, 
 18 18, 13,4,6,3,4,4,5,19,18,4,4,5,13,19,18,24,4,18,19,4,24,3,4,18,2,3,23,4,13,18,3,3,3,3,14,13,13,13,23,18,24,22,19,18,24,3,18,3,19,4,4,23,14,18,4,19,13,24,22,18,18,18,19,4,23,24,19,18,24,13,18,23,19,4,18,7,24,13,18,19,18,24,17,18, 
 19 19, 13,4,6,3,4,4,5,19,18,4,4,5,13,19,18,24,4,18,19,4,24,3,4,18,2,3,23,4,13,18,3,3,3,3,14,13,13,13,23,18,24,22,19,18,24,3,18,3,19,4,4,23,14,18,4,19,13,24,22,18,18,18,19,4,23,24,19,18,24,13,18,23,19,4,18,7,24,13,18,19,18,24,17,18,19, 
 23 23, 13,4,6,3,4,4,5,19,18,4,4,5,13,19,18,24,4,18,19,4,24,3,4,18,2,3,23,4,13,18,3,3,3,3,14,13,13,13,23,18,24,22,19,18,24,3,18,3,19,4,4,23,14,18,4,19,13,24,22,18,18,18,19,4,23,24,19,18,24,13,18,23,19,4,18,7,24,13,18,19,18,24,17,18,19,23, 
 17 17, 13,4,6,3,4,4,5,19,18,4,4,5,13,19,18,24,4,18,19,4,24,3,4,18,2,3,23,4,13,18,3,3,3,3,14,13,13,13,23,18,24,22,19,18,24,3,18,3,19,4,4,23,14,18,4,19,13,24,22,18,18,18,19,4,23,24,19,18,24,13,18,23,19,4,18,7,24,13,18,19,18,24,17,18,19,23,17, 
 14 14, 13,4,6,3,4,4,5,19,18,4,4,5,13,19,18,24,4,18,19,4,24,3,4,18,2,3,23,4,13,18,3,3,3,3,14,13,13,13,23,18,24,22,19,18,24,3,18,3,19,4,4,23,14,18,4,19,13,24,22,18,18,18,19,4,23,24,19,18,24,13,18,23,19,4,18,7,24,13,18,19,18,24,17,18,19,23,17,14, 
 24 24, 13,4,6,3,4,4,5,19,18,4,4,5,13,19,18,24,4,18,19,4,24,3,4,18,2,3,23,4,13,18,3,3,3,3,14,13,13,13,23,18,24,22,19,18,24,3,18,3,19,4,4,23,14,18,4,19,13,24,22,18,18,18,19,4,23,24,19,18,24,13,18,23,19,4,18,7,24,13,18,19,18,24,17,18,19,23,17,14,24, 
 24 24, 13,4,6,3,4,4,5,19,18,4,4,5,13,19,18,24,4,18,19,4,24,3,4,18,2,3,23,4,13,18,3,3,3,3,14,13,13,13,23,18,24,22,19,18,24,3,18,3,19,4,4,23,14,18,4,19,13,24,22,18,18,18,19,4,23,24,19,18,24,13,18,23,19,4,18,7,24,13,18,19,18,24,17,18,19,23,17,14,24,24, 
 24 24, 13,4,6,3,4,4,5,19,18,4,4,5,13,19,18,24,4,18,19,4,24,3,4,18,2,3,23,4,13,18,3,3,3,3,14,13,13,13,23,18,24,22,19,18,24,3,18,3,19,4,4,23,14,18,4,19,13,24,22,18,18,18,19,4,23,24,19,18,24,13,18,23,19,4,18,7,24,13,18,19,18,24,17,18,19,23,17,14,24,24,24, 
 4 4, 13,4,6,3,4,4,5,19,18,4,4,5,13,19,18,24,4,18,19,4,24,3,4,18,2,3,23,4,13,18,3,3,3,3,14,13,13,13,23,18,24,22,19,18,24,3,18,3,19,4,4,23,14,18,4,19,13,24,22,18,18,18,19,4,23,24,19,18,24,13,18,23,19,4,18,7,24,13,18,19,18,24,17,18,19,23,17,14,24,24,24,4, 
 18 18, 13,4,6,3,4,4,5,19,18,4,4,5,13,19,18,24,4,18,19,4,24,3,4,18,2,3,23,4,13,18,3,3,3,3,14,13,13,13,23,18,24,22,19,18,24,3,18,3,19,4,4,23,14,18,4,19,13,24,22,18,18,18,19,4,23,24,19,18,24,13,18,23,19,4,18,7,24,13,18,19,18,24,17,18,19,23,17,14,24,24,24,4,18, 
 5 5, 13,4,6,3,4,4,5,19,18,4,4,5,13,19,18,24,4,18,19,4,24,3,4,18,2,3,23,4,13,18,3,3,3,3,14,13,13,13,23,18,24,22,19,18,24,3,18,3,19,4,4,23,14,18,4,19,13,24,22,18,18,18,19,4,23,24,19,18,24,13,18,23,19,4,18,7,24,13,18,19,18,24,17,18,19,23,17,14,24,24,24,4,18,5, 
 4 4, 13,4,6,3,4,4,5,19,18,4,4,5,13,19,18,24,4,18,19,4,24,3,4,18,2,3,23,4,13,18,3,3,3,3,14,13,13,13,23,18,24,22,19,18,24,3,18,3,19,4,4,23,14,18,4,19,13,24,22,18,18,18,19,4,23,24,19,18,24,13,18,23,19,4,18,7,24,13,18,19,18,24,17,18,19,23,17,14,24,24,24,4,18,5,4, 
 18 18, 13,4,6,3,4,4,5,19,18,4,4,5,13,19,18,24,4,18,19,4,24,3,4,18,2,3,23,4,13,18,3,3,3,3,14,13,13,13,23,18,24,22,19,18,24,3,18,3,19,4,4,23,14,18,4,19,13,24,22,18,18,18,19,4,23,24,19,18,24,13,18,23,19,4,18,7,24,13,18,19,18,24,17,18,19,23,17,14,24,24,24,4,18,5,4,18, 
 19 19, 13,4,6,3,4,4,5,19,18,4,4,5,13,19,18,24,4,18,19,4,24,3,4,18,2,3,23,4,13,18,3,3,3,3,14,13,13,13,23,18,24,22,19,18,24,3,18,3,19,4,4,23,14,18,4,19,13,24,22,18,18,18,19,4,23,24,19,18,24,13,18,23,19,4,18,7,24,13,18,19,18,24,17,18,19,23,17,14,24,24,24,4,18,5,4,18,19, 
 3 3, 13,4,6,3,4,4,5,19,18,4,4,5,13,19,18,24,4,18,19,4,24,3,4,18,2,3,23,4,13,18,3,3,3,3,14,13,13,13,23,18,24,22,19,18,24,3,18,3,19,4,4,23,14,18,4,19,13,24,22,18,18,18,19,4,23,24,19,18,24,13,18,23,19,4,18,7,24,13,18,19,18,24,17,18,19,23,17,14,24,24,24,4,18,5,4,18,19,3, 
 4 4, 13,4,6,3,4,4,5,19,18,4,4,5,13,19,18,24,4,18,19,4,24,3,4,18,2,3,23,4,13,18,3,3,3,3,14,13,13,13,23,18,24,22,19,18,24,3,18,3,19,4,4,23,14,18,4,19,13,24,22,18,18,18,19,4,23,24,19,18,24,13,18,23,19,4,18,7,24,13,18,19,18,24,17,18,19,23,17,14,24,24,24,4,18,5,4,18,19,3,4, 
 17 17, 13,4,6,3,4,4,5,19,18,4,4,5,13,19,18,24,4,18,19,4,24,3,4,18,2,3,23,4,13,18,3,3,3,3,14,13,13,13,23,18,24,22,19,18,24,3,18,3,19,4,4,23,14,18,4,19,13,24,22,18,18,18,19,4,23,24,19,18,24,13,18,23,19,4,18,7,24,13,18,19,18,24,17,18,19,23,17,14,24,24,24,4,18,5,4,18,19,3,4,17, 
 19 19, 13,4,6,3,4,4,5,19,18,4,4,5,13,19,18,24,4,18,19,4,24,3,4,18,2,3,23,4,13,18,3,3,3,3,14,13,13,13,23,18,24,22,19,18,24,3,18,3,19,4,4,23,14,18,4,19,13,24,22,18,18,18,19,4,23,24,19,18,24,13,18,23,19,4,18,7,24,13,18,19,18,24,17,18,19,23,17,14,24,24,24,4,18,5,4,18,19,3,4,17,19, 
 5 5, 13,4,6,3,4,4,5,19,18,4,4,5,13,19,18,24,4,18,19,4,24,3,4,18,2,3,23,4,13,18,3,3,3,3,14,13,13,13,23,18,24,22,19,18,24,3,18,3,19,4,4,23,14,18,4,19,13,24,22,18,18,18,19,4,23,24,19,18,24,13,18,23,19,4,18,7,24,13,18,19,18,24,17,18,19,23,17,14,24,24,24,4,18,5,4,18,19,3,4,17,19,5, 
 4 4, 13,4,6,3,4,4,5,19,18,4,4,5,13,19,18,24,4,18,19,4,24,3,4,18,2,3,23,4,13,18,3,3,3,3,14,13,13,13,23,18,24,22,19,18,24,3,18,3,19,4,4,23,14,18,4,19,13,24,22,18,18,18,19,4,23,24,19,18,24,13,18,23,19,4,18,7,24,13,18,19,18,24,17,18,19,23,17,14,24,24,24,4,18,5,4,18,19,3,4,17,19,5,4, 
 24 24, 13,4,6,3,4,4,5,19,18,4,4,5,13,19,18,24,4,18,19,4,24,3,4,18,2,3,23,4,13,18,3,3,3,3,14,13,13,13,23,18,24,22,19,18,24,3,18,3,19,4,4,23,14,18,4,19,13,24,22,18,18,18,19,4,23,24,19,18,24,13,18,23,19,4,18,7,24,13,18,19,18,24,17,18,19,23,17,14,24,24,24,4,18,5,4,18,19,3,4,17,19,5,4,24, 
 18 18, 13,4,6,3,4,4,5,19,18,4,4,5,13,19,18,24,4,18,19,4,24,3,4,18,2,3,23,4,13,18,3,3,3,3,14,13,13,13,23,18,24,22,19,18,24,3,18,3,19,4,4,23,14,18,4,19,13,24,22,18,18,18,19,4,23,24,19,18,24,13,18,23,19,4,18,7,24,13,18,19,18,24,17,18,19,23,17,14,24,24,24,4,18,5,4,18,19,3,4,17,19,5,4,24,18, 
 3 3, 13,4,6,3,4,4,5,19,18,4,4,5,13,19,18,24,4,18,19,4,24,3,4,18,2,3,23,4,13,18,3,3,3,3,14,13,13,13,23,18,24,22,19,18,24,3,18,3,19,4,4,23,14,18,4,19,13,24,22,18,18,18,19,4,23,24,19,18,24,13,18,23,19,4,18,7,24,13,18,19,18,24,17,18,19,23,17,14,24,24,24,4,18,5,4,18,19,3,4,17,19,5,4,24,18,3, 
 7 7, 13,4,6,3,4,4,5,19,18,4,4,5,13,19,18,24,4,18,19,4,24,3,4,18,2,3,23,4,13,18,3,3,3,3,14,13,13,13,23,18,24,22,19,18,24,3,18,3,19,4,4,23,14,18,4,19,13,24,22,18,18,18,19,4,23,24,19,18,24,13,18,23,19,4,18,7,24,13,18,19,18,24,17,18,19,23,17,14,24,24,24,4,18,5,4,18,19,3,4,17,19,5,4,24,18,3,7, 
 6 6, 13,4,6,3,4,4,5,19,18,4,4,5,13,19,18,24,4,18,19,4,24,3,4,18,2,3,23,4,13,18,3,3,3,3,14,13,13,13,23,18,24,22,19,18,24,3,18,3,19,4,4,23,14,18,4,19,13,24,22,18,18,18,19,4,23,24,19,18,24,13,18,23,19,4,18,7,24,13,18,19,18,24,17,18,19,23,17,14,24,24,24,4,18,5,4,18,19,3,4,17,19,5,4,24,18,3,7,6, 
 18 18, 13,4,6,3,4,4,5,19,18,4,4,5,13,19,18,24,4,18,19,4,24,3,4,18,2,3,23,4,13,18,3,3,3,3,14,13,13,13,23,18,24,22,19,18,24,3,18,3,19,4,4,23,14,18,4,19,13,24,22,18,18,18,19,4,23,24,19,18,24,13,18,23,19,4,18,7,24,13,18,19,18,24,17,18,19,23,17,14,24,24,24,4,18,5,4,18,19,3,4,17,19,5,4,24,18,3,7,6,18, 
 8 8, 13,4,6,3,4,4,5,19,18,4,4,5,13,19,18,24,4,18,19,4,24,3,4,18,2,3,23,4,13,18,3,3,3,3,14,13,13,13,23,18,24,22,19,18,24,3,18,3,19,4,4,23,14,18,4,19,13,24,22,18,18,18,19,4,23,24,19,18,24,13,18,23,19,4,18,7,24,13,18,19,18,24,17,18,19,23,17,14,24,24,24,4,18,5,4,18,19,3,4,17,19,5,4,24,18,3,7,6,18,8, 
 4 4, 13,4,6,3,4,4,5,19,18,4,4,5,13,19,18,24,4,18,19,4,24,3,4,18,2,3,23,4,13,18,3,3,3,3,14,13,13,13,23,18,24,22,19,18,24,3,18,3,19,4,4,23,14,18,4,19,13,24,22,18,18,18,19,4,23,24,19,18,24,13,18,23,19,4,18,7,24,13,18,19,18,24,17,18,19,23,17,14,24,24,24,4,18,5,4,18,19,3,4,17,19,5,4,24,18,3,7,6,18,8,4, 
 0 0, 13,4,6,3,4,4,5,19,18,4,4,5,13,19,18,24,4,18,19,4,24,3,4,18,2,3,23,4,13,18,3,3,3,3,14,13,13,13,23,18,24,22,19,18,24,3,18,3,19,4,4,23,14,18,4,19,13,24,22,18,18,18,19,4,23,24,19,18,24,13,18,23,19,4,18,7,24,13,18,19,18,24,17,18,19,23,17,14,24,24,24,4,18,5,4,18,19,3,4,17,19,5,4,24,18,3,7,6,18,8,4,0, 
 24 24, 13,4,6,3,4,4,5,19,18,4,4,5,13,19,18,24,4,18,19,4,24,3,4,18,2,3,23,4,13,18,3,3,3,3,14,13,13,13,23,18,24,22,19,18,24,3,18,3,19,4,4,23,14,18,4,19,13,24,22,18,18,18,19,4,23,24,19,18,24,13,18,23,19,4,18,7,24,13,18,19,18,24,17,18,19,23,17,14,24,24,24,4,18,5,4,18,19,3,4,17,19,5,4,24,18,3,7,6,18,8,4,0,24, 
 7 7, 13,4,6,3,4,4,5,19,18,4,4,5,13,19,18,24,4,18,19,4,24,3,4,18,2,3,23,4,13,18,3,3,3,3,14,13,13,13,23,18,24,22,19,18,24,3,18,3,19,4,4,23,14,18,4,19,13,24,22,18,18,18,19,4,23,24,19,18,24,13,18,23,19,4,18,7,24,13,18,19,18,24,17,18,19,23,17,14,24,24,24,4,18,5,4,18,19,3,4,17,19,5,4,24,18,3,7,6,18,8,4,0,24,7, 
 13 13, 13,4,6,3,4,4,5,19,18,4,4,5,13,19,18,24,4,18,19,4,24,3,4,18,2,3,23,4,13,18,3,3,3,3,14,13,13,13,23,18,24,22,19,18,24,3,18,3,19,4,4,23,14,18,4,19,13,24,22,18,18,18,19,4,23,24,19,18,24,13,18,23,19,4,18,7,24,13,18,19,18,24,17,18,19,23,17,14,24,24,24,4,18,5,4,18,19,3,4,17,19,5,4,24,18,3,7,6,18,8,4,0,24,7,13, 
 4 4, 13,4,6,3,4,4,5,19,18,4,4,5,13,19,18,24,4,18,19,4,24,3,4,18,2,3,23,4,13,18,3,3,3,3,14,13,13,13,23,18,24,22,19,18,24,3,18,3,19,4,4,23,14,18,4,19,13,24,22,18,18,18,19,4,23,24,19,18,24,13,18,23,19,4,18,7,24,13,18,19,18,24,17,18,19,23,17,14,24,24,24,4,18,5,4,18,19,3,4,17,19,5,4,24,18,3,7,6,18,8,4,0,24,7,13,4, 
 17 17, 13,4,6,3,4,4,5,19,18,4,4,5,13,19,18,24,4,18,19,4,24,3,4,18,2,3,23,4,13,18,3,3,3,3,14,13,13,13,23,18,24,22,19,18,24,3,18,3,19,4,4,23,14,18,4,19,13,24,22,18,18,18,19,4,23,24,19,18,24,13,18,23,19,4,18,7,24,13,18,19,18,24,17,18,19,23,17,14,24,24,24,4,18,5,4,18,19,3,4,17,19,5,4,24,18,3,7,6,18,8,4,0,24,7,13,4,17, 
 19 19, 13,4,6,3,4,4,5,19,18,4,4,5,13,19,18,24,4,18,19,4,24,3,4,18,2,3,23,4,13,18,3,3,3,3,14,13,13,13,23,18,24,22,19,18,24,3,18,3,19,4,4,23,14,18,4,19,13,24,22,18,18,18,19,4,23,24,19,18,24,13,18,23,19,4,18,7,24,13,18,19,18,24,17,18,19,23,17,14,24,24,24,4,18,5,4,18,19,3,4,17,19,5,4,24,18,3,7,6,18,8,4,0,24,7,13,4,17,19, 
 3 3, 13,4,6,3,4,4,5,19,18,4,4,5,13,19,18,24,4,18,19,4,24,3,4,18,2,3,23,4,13,18,3,3,3,3,14,13,13,13,23,18,24,22,19,18,24,3,18,3,19,4,4,23,14,18,4,19,13,24,22,18,18,18,19,4,23,24,19,18,24,13,18,23,19,4,18,7,24,13,18,19,18,24,17,18,19,23,17,14,24,24,24,4,18,5,4,18,19,3,4,17,19,5,4,24,18,3,7,6,18,8,4,0,24,7,13,4,17,19,3, 
 17 17, 13,4,6,3,4,4,5,19,18,4,4,5,13,19,18,24,4,18,19,4,24,3,4,18,2,3,23,4,13,18,3,3,3,3,14,13,13,13,23,18,24,22,19,18,24,3,18,3,19,4,4,23,14,18,4,19,13,24,22,18,18,18,19,4,23,24,19,18,24,13,18,23,19,4,18,7,24,13,18,19,18,24,17,18,19,23,17,14,24,24,24,4,18,5,4,18,19,3,4,17,19,5,4,24,18,3,7,6,18,8,4,0,24,7,13,4,17,19,3,17, 
 3 3, 13,4,6,3,4,4,5,19,18,4,4,5,13,19,18,24,4,18,19,4,24,3,4,18,2,3,23,4,13,18,3,3,3,3,14,13,13,13,23,18,24,22,19,18,24,3,18,3,19,4,4,23,14,18,4,19,13,24,22,18,18,18,19,4,23,24,19,18,24,13,18,23,19,4,18,7,24,13,18,19,18,24,17,18,19,23,17,14,24,24,24,4,18,5,4,18,19,3,4,17,19,5,4,24,18,3,7,6,18,8,4,0,24,7,13,4,17,19,3,17,3, 
 13 13, 13,4,6,3,4,4,5,19,18,4,4,5,13,19,18,24,4,18,19,4,24,3,4,18,2,3,23,4,13,18,3,3,3,3,14,13,13,13,23,18,24,22,19,18,24,3,18,3,19,4,4,23,14,18,4,19,13,24,22,18,18,18,19,4,23,24,19,18,24,13,18,23,19,4,18,7,24,13,18,19,18,24,17,18,19,23,17,14,24,24,24,4,18,5,4,18,19,3,4,17,19,5,4,24,18,3,7,6,18,8,4,0,24,7,13,4,17,19,3,17,3,13, 
 6 6, 13,4,6,3,4,4,5,19,18,4,4,5,13,19,18,24,4,18,19,4,24,3,4,18,2,3,23,4,13,18,3,3,3,3,14,13,13,13,23,18,24,22,19,18,24,3,18,3,19,4,4,23,14,18,4,19,13,24,22,18,18,18,19,4,23,24,19,18,24,13,18,23,19,4,18,7,24,13,18,19,18,24,17,18,19,23,17,14,24,24,24,4,18,5,4,18,19,3,4,17,19,5,4,24,18,3,7,6,18,8,4,0,24,7,13,4,17,19,3,17,3,13,6, 
 4 4, 13,4,6,3,4,4,5,19,18,4,4,5,13,19,18,24,4,18,19,4,24,3,4,18,2,3,23,4,13,18,3,3,3,3,14,13,13,13,23,18,24,22,19,18,24,3,18,3,19,4,4,23,14,18,4,19,13,24,22,18,18,18,19,4,23,24,19,18,24,13,18,23,19,4,18,7,24,13,18,19,18,24,17,18,19,23,17,14,24,24,24,4,18,5,4,18,19,3,4,17,19,5,4,24,18,3,7,6,18,8,4,0,24,7,13,4,17,19,3,17,3,13,6,4, 
 4 4, 13,4,6,3,4,4,5,19,18,4,4,5,13,19,18,24,4,18,19,4,24,3,4,18,2,3,23,4,13,18,3,3,3,3,14,13,13,13,23,18,24,22,19,18,24,3,18,3,19,4,4,23,14,18,4,19,13,24,22,18,18,18,19,4,23,24,19,18,24,13,18,23,19,4,18,7,24,13,18,19,18,24,17,18,19,23,17,14,24,24,24,4,18,5,4,18,19,3,4,17,19,5,4,24,18,3,7,6,18,8,4,0,24,7,13,4,17,19,3,17,3,13,6,4,4, 
 0 0, 13,4,6,3,4,4,5,19,18,4,4,5,13,19,18,24,4,18,19,4,24,3,4,18,2,3,23,4,13,18,3,3,3,3,14,13,13,13,23,18,24,22,19,18,24,3,18,3,19,4,4,23,14,18,4,19,13,24,22,18,18,18,19,4,23,24,19,18,24,13,18,23,19,4,18,7,24,13,18,19,18,24,17,18,19,23,17,14,24,24,24,4,18,5,4,18,19,3,4,17,19,5,4,24,18,3,7,6,18,8,4,0,24,7,13,4,17,19,3,17,3,13,6,4,4,0, 
 4 4, 13,4,6,3,4,4,5,19,18,4,4,5,13,19,18,24,4,18,19,4,24,3,4,18,2,3,23,4,13,18,3,3,3,3,14,13,13,13,23,18,24,22,19,18,24,3,18,3,19,4,4,23,14,18,4,19,13,24,22,18,18,18,19,4,23,24,19,18,24,13,18,23,19,4,18,7,24,13,18,19,18,24,17,18,19,23,17,14,24,24,24,4,18,5,4,18,19,3,4,17,19,5,4,24,18,3,7,6,18,8,4,0,24,7,13,4,17,19,3,17,3,13,6,4,4,0,4, 
 8 8, 13,4,6,3,4,4,5,19,18,4,4,5,13,19,18,24,4,18,19,4,24,3,4,18,2,3,23,4,13,18,3,3,3,3,14,13,13,13,23,18,24,22,19,18,24,3,18,3,19,4,4,23,14,18,4,19,13,24,22,18,18,18,19,4,23,24,19,18,24,13,18,23,19,4,18,7,24,13,18,19,18,24,17,18,19,23,17,14,24,24,24,4,18,5,4,18,19,3,4,17,19,5,4,24,18,3,7,6,18,8,4,0,24,7,13,4,17,19,3,17,3,13,6,4,4,0,4,8, 
 3 3, 13,4,6,3,4,4,5,19,18,4,4,5,13,19,18,24,4,18,19,4,24,3,4,18,2,3,23,4,13,18,3,3,3,3,14,13,13,13,23,18,24,22,19,18,24,3,18,3,19,4,4,23,14,18,4,19,13,24,22,18,18,18,19,4,23,24,19,18,24,13,18,23,19,4,18,7,24,13,18,19,18,24,17,18,19,23,17,14,24,24,24,4,18,5,4,18,19,3,4,17,19,5,4,24,18,3,7,6,18,8,4,0,24,7,13,4,17,19,3,17,3,13,6,4,4,0,4,8,3, 
 4 A130&"," 4, 13,4,6,3,4,4,5,19,18,4,4,5,13,19,18,24,4,18,19,4,24,3,4,18,2,3,23,4,13,18,3,3,3,3,14,13,13,13,23,18,24,22,19,18,24,3,18,3,19,4,4,23,14,18,4,19,13,24,22,18,18,18,19,4,23,24,19,18,24,13,18,23,19,4,18,7,24,13,18,19,18,24,17,18,19,23,17,14,24,24,24,4,18,5,4,18,19,3,4,17,19,5,4,24,18,3,7,6,18,8,4,0,24,7,13,4,17,19,3,17,3,13,6,4,4,0,4,8,3,4, 
 4 4, C130&B131 13,4,6,3,4,4,5,19,18,4,4,5,13,19,18,24,4,18,19,4,24,3,4,18,2,3,23,4,13,18,3,3,3,3,14,13,13,13,23,18,24,22,19,18,24,3,18,3,19,4,4,23,14,18,4,19,13,24,22,18,18,18,19,4,23,24,19,18,24,13,18,23,19,4,18,7,24,13,18,19,18,24,17,18,19,23,17,14,24,24,24,4,18,5,4,18,19,3,4,17,19,5,4,24,18,3,7,6,18,8,4,0,24,7,13,4,17,19,3,17,3,13,6,4,4,0,4,8,3,4,4, 
 3 3, 13,4,6,3,4,4,5,19,18,4,4,5,13,19,18,24,4,18,19,4,24,3,4,18,2,3,23,4,13,18,3,3,3,3,14,13,13,13,23,18,24,22,19,18,24,3,18,3,19,4,4,23,14,18,4,19,13,24,22,18,18,18,19,4,23,24,19,18,24,13,18,23,19,4,18,7,24,13,18,19,18,24,17,18,19,23,17,14,24,24,24,4,18,5,4,18,19,3,4,17,19,5,4,24,18,3,7,6,18,8,4,0,24,7,13,4,17,19,3,17,3,13,6,4,4,0,4,8,3,4,4,3, 
 3 3, 13,4,6,3,4,4,5,19,18,4,4,5,13,19,18,24,4,18,19,4,24,3,4,18,2,3,23,4,13,18,3,3,3,3,14,13,13,13,23,18,24,22,19,18,24,3,18,3,19,4,4,23,14,18,4,19,13,24,22,18,18,18,19,4,23,24,19,18,24,13,18,23,19,4,18,7,24,13,18,19,18,24,17,18,19,23,17,14,24,24,24,4,18,5,4,18,19,3,4,17,19,5,4,24,18,3,7,6,18,8,4,0,24,7,13,4,17,19,3,17,3,13,6,4,4,0,4,8,3,4,4,3,3, 
 13 13, 13,4,6,3,4,4,5,19,18,4,4,5,13,19,18,24,4,18,19,4,24,3,4,18,2,3,23,4,13,18,3,3,3,3,14,13,13,13,23,18,24,22,19,18,24,3,18,3,19,4,4,23,14,18,4,19,13,24,22,18,18,18,19,4,23,24,19,18,24,13,18,23,19,4,18,7,24,13,18,19,18,24,17,18,19,23,17,14,24,24,24,4,18,5,4,18,19,3,4,17,19,5,4,24,18,3,7,6,18,8,4,0,24,7,13,4,17,19,3,17,3,13,6,4,4,0,4,8,3,4,4,3,3,13, 
 4 4, 13,4,6,3,4,4,5,19,18,4,4,5,13,19,18,24,4,18,19,4,24,3,4,18,2,3,23,4,13,18,3,3,3,3,14,13,13,13,23,18,24,22,19,18,24,3,18,3,19,4,4,23,14,18,4,19,13,24,22,18,18,18,19,4,23,24,19,18,24,13,18,23,19,4,18,7,24,13,18,19,18,24,17,18,19,23,17,14,24,24,24,4,18,5,4,18,19,3,4,17,19,5,4,24,18,3,7,6,18,8,4,0,24,7,13,4,17,19,3,17,3,13,6,4,4,0,4,8,3,4,4,3,3,13,4, 
 19 19, 13,4,6,3,4,4,5,19,18,4,4,5,13,19,18,24,4,18,19,4,24,3,4,18,2,3,23,4,13,18,3,3,3,3,14,13,13,13,23,18,24,22,19,18,24,3,18,3,19,4,4,23,14,18,4,19,13,24,22,18,18,18,19,4,23,24,19,18,24,13,18,23,19,4,18,7,24,13,18,19,18,24,17,18,19,23,17,14,24,24,24,4,18,5,4,18,19,3,4,17,19,5,4,24,18,3,7,6,18,8,4,0,24,7,13,4,17,19,3,17,3,13,6,4,4,0,4,8,3,4,4,3,3,13,4,19, 
 17 17, 13,4,6,3,4,4,5,19,18,4,4,5,13,19,18,24,4,18,19,4,24,3,4,18,2,3,23,4,13,18,3,3,3,3,14,13,13,13,23,18,24,22,19,18,24,3,18,3,19,4,4,23,14,18,4,19,13,24,22,18,18,18,19,4,23,24,19,18,24,13,18,23,19,4,18,7,24,13,18,19,18,24,17,18,19,23,17,14,24,24,24,4,18,5,4,18,19,3,4,17,19,5,4,24,18,3,7,6,18,8,4,0,24,7,13,4,17,19,3,17,3,13,6,4,4,0,4,8,3,4,4,3,3,13,4,19,17, 
 6 6, 13,4,6,3,4,4,5,19,18,4,4,5,13,19,18,24,4,18,19,4,24,3,4,18,2,3,23,4,13,18,3,3,3,3,14,13,13,13,23,18,24,22,19,18,24,3,18,3,19,4,4,23,14,18,4,19,13,24,22,18,18,18,19,4,23,24,19,18,24,13,18,23,19,4,18,7,24,13,18,19,18,24,17,18,19,23,17,14,24,24,24,4,18,5,4,18,19,3,4,17,19,5,4,24,18,3,7,6,18,8,4,0,24,7,13,4,17,19,3,17,3,13,6,4,4,0,4,8,3,4,4,3,3,13,4,19,17,6, 
 12 12, 13,4,6,3,4,4,5,19,18,4,4,5,13,19,18,24,4,18,19,4,24,3,4,18,2,3,23,4,13,18,3,3,3,3,14,13,13,13,23,18,24,22,19,18,24,3,18,3,19,4,4,23,14,18,4,19,13,24,22,18,18,18,19,4,23,24,19,18,24,13,18,23,19,4,18,7,24,13,18,19,18,24,17,18,19,23,17,14,24,24,24,4,18,5,4,18,19,3,4,17,19,5,4,24,18,3,7,6,18,8,4,0,24,7,13,4,17,19,3,17,3,13,6,4,4,0,4,8,3,4,4,3,3,13,4,19,17,6,12, 
 4 4, 13,4,6,3,4,4,5,19,18,4,4,5,13,19,18,24,4,18,19,4,24,3,4,18,2,3,23,4,13,18,3,3,3,3,14,13,13,13,23,18,24,22,19,18,24,3,18,3,19,4,4,23,14,18,4,19,13,24,22,18,18,18,19,4,23,24,19,18,24,13,18,23,19,4,18,7,24,13,18,19,18,24,17,18,19,23,17,14,24,24,24,4,18,5,4,18,19,3,4,17,19,5,4,24,18,3,7,6,18,8,4,0,24,7,13,4,17,19,3,17,3,13,6,4,4,0,4,8,3,4,4,3,3,13,4,19,17,6,12,4, 
 17 17, 13,4,6,3,4,4,5,19,18,4,4,5,13,19,18,24,4,18,19,4,24,3,4,18,2,3,23,4,13,18,3,3,3,3,14,13,13,13,23,18,24,22,19,18,24,3,18,3,19,4,4,23,14,18,4,19,13,24,22,18,18,18,19,4,23,24,19,18,24,13,18,23,19,4,18,7,24,13,18,19,18,24,17,18,19,23,17,14,24,24,24,4,18,5,4,18,19,3,4,17,19,5,4,24,18,3,7,6,18,8,4,0,24,7,13,4,17,19,3,17,3,13,6,4,4,0,4,8,3,4,4,3,3,13,4,19,17,6,12,4,17, 
 3 3, 13,4,6,3,4,4,5,19,18,4,4,5,13,19,18,24,4,18,19,4,24,3,4,18,2,3,23,4,13,18,3,3,3,3,14,13,13,13,23,18,24,22,19,18,24,3,18,3,19,4,4,23,14,18,4,19,13,24,22,18,18,18,19,4,23,24,19,18,24,13,18,23,19,4,18,7,24,13,18,19,18,24,17,18,19,23,17,14,24,24,24,4,18,5,4,18,19,3,4,17,19,5,4,24,18,3,7,6,18,8,4,0,24,7,13,4,17,19,3,17,3,13,6,4,4,0,4,8,3,4,4,3,3,13,4,19,17,6,12,4,17,3, 
 4 4, 13,4,6,3,4,4,5,19,18,4,4,5,13,19,18,24,4,18,19,4,24,3,4,18,2,3,23,4,13,18,3,3,3,3,14,13,13,13,23,18,24,22,19,18,24,3,18,3,19,4,4,23,14,18,4,19,13,24,22,18,18,18,19,4,23,24,19,18,24,13,18,23,19,4,18,7,24,13,18,19,18,24,17,18,19,23,17,14,24,24,24,4,18,5,4,18,19,3,4,17,19,5,4,24,18,3,7,6,18,8,4,0,24,7,13,4,17,19,3,17,3,13,6,4,4,0,4,8,3,4,4,3,3,13,4,19,17,6,12,4,17,3,4, 
 4 4, 13,4,6,3,4,4,5,19,18,4,4,5,13,19,18,24,4,18,19,4,24,3,4,18,2,3,23,4,13,18,3,3,3,3,14,13,13,13,23,18,24,22,19,18,24,3,18,3,19,4,4,23,14,18,4,19,13,24,22,18,18,18,19,4,23,24,19,18,24,13,18,23,19,4,18,7,24,13,18,19,18,24,17,18,19,23,17,14,24,24,24,4,18,5,4,18,19,3,4,17,19,5,4,24,18,3,7,6,18,8,4,0,24,7,13,4,17,19,3,17,3,13,6,4,4,0,4,8,3,4,4,3,3,13,4,19,17,6,12,4,17,3,4,4, 
 14 14, 13,4,6,3,4,4,5,19,18,4,4,5,13,19,18,24,4,18,19,4,24,3,4,18,2,3,23,4,13,18,3,3,3,3,14,13,13,13,23,18,24,22,19,18,24,3,18,3,19,4,4,23,14,18,4,19,13,24,22,18,18,18,19,4,23,24,19,18,24,13,18,23,19,4,18,7,24,13,18,19,18,24,17,18,19,23,17,14,24,24,24,4,18,5,4,18,19,3,4,17,19,5,4,24,18,3,7,6,18,8,4,0,24,7,13,4,17,19,3,17,3,13,6,4,4,0,4,8,3,4,4,3,3,13,4,19,17,6,12,4,17,3,4,4,14, 
 17 17, 13,4,6,3,4,4,5,19,18,4,4,5,13,19,18,24,4,18,19,4,24,3,4,18,2,3,23,4,13,18,3,3,3,3,14,13,13,13,23,18,24,22,19,18,24,3,18,3,19,4,4,23,14,18,4,19,13,24,22,18,18,18,19,4,23,24,19,18,24,13,18,23,19,4,18,7,24,13,18,19,18,24,17,18,19,23,17,14,24,24,24,4,18,5,4,18,19,3,4,17,19,5,4,24,18,3,7,6,18,8,4,0,24,7,13,4,17,19,3,17,3,13,6,4,4,0,4,8,3,4,4,3,3,13,4,19,17,6,12,4,17,3,4,4,14,17, 
 19 19, 13,4,6,3,4,4,5,19,18,4,4,5,13,19,18,24,4,18,19,4,24,3,4,18,2,3,23,4,13,18,3,3,3,3,14,13,13,13,23,18,24,22,19,18,24,3,18,3,19,4,4,23,14,18,4,19,13,24,22,18,18,18,19,4,23,24,19,18,24,13,18,23,19,4,18,7,24,13,18,19,18,24,17,18,19,23,17,14,24,24,24,4,18,5,4,18,19,3,4,17,19,5,4,24,18,3,7,6,18,8,4,0,24,7,13,4,17,19,3,17,3,13,6,4,4,0,4,8,3,4,4,3,3,13,4,19,17,6,12,4,17,3,4,4,14,17,19, 
 24 24, 13,4,6,3,4,4,5,19,18,4,4,5,13,19,18,24,4,18,19,4,24,3,4,18,2,3,23,4,13,18,3,3,3,3,14,13,13,13,23,18,24,22,19,18,24,3,18,3,19,4,4,23,14,18,4,19,13,24,22,18,18,18,19,4,23,24,19,18,24,13,18,23,19,4,18,7,24,13,18,19,18,24,17,18,19,23,17,14,24,24,24,4,18,5,4,18,19,3,4,17,19,5,4,24,18,3,7,6,18,8,4,0,24,7,13,4,17,19,3,17,3,13,6,4,4,0,4,8,3,4,4,3,3,13,4,19,17,6,12,4,17,3,4,4,14,17,19,24, 
 18 18, 13,4,6,3,4,4,5,19,18,4,4,5,13,19,18,24,4,18,19,4,24,3,4,18,2,3,23,4,13,18,3,3,3,3,14,13,13,13,23,18,24,22,19,18,24,3,18,3,19,4,4,23,14,18,4,19,13,24,22,18,18,18,19,4,23,24,19,18,24,13,18,23,19,4,18,7,24,13,18,19,18,24,17,18,19,23,17,14,24,24,24,4,18,5,4,18,19,3,4,17,19,5,4,24,18,3,7,6,18,8,4,0,24,7,13,4,17,19,3,17,3,13,6,4,4,0,4,8,3,4,4,3,3,13,4,19,17,6,12,4,17,3,4,4,14,17,19,24,18, 
 5 5, 13,4,6,3,4,4,5,19,18,4,4,5,13,19,18,24,4,18,19,4,24,3,4,18,2,3,23,4,13,18,3,3,3,3,14,13,13,13,23,18,24,22,19,18,24,3,18,3,19,4,4,23,14,18,4,19,13,24,22,18,18,18,19,4,23,24,19,18,24,13,18,23,19,4,18,7,24,13,18,19,18,24,17,18,19,23,17,14,24,24,24,4,18,5,4,18,19,3,4,17,19,5,4,24,18,3,7,6,18,8,4,0,24,7,13,4,17,19,3,17,3,13,6,4,4,0,4,8,3,4,4,3,3,13,4,19,17,6,12,4,17,3,4,4,14,17,19,24,18,5, 
 4 4, 13,4,6,3,4,4,5,19,18,4,4,5,13,19,18,24,4,18,19,4,24,3,4,18,2,3,23,4,13,18,3,3,3,3,14,13,13,13,23,18,24,22,19,18,24,3,18,3,19,4,4,23,14,18,4,19,13,24,22,18,18,18,19,4,23,24,19,18,24,13,18,23,19,4,18,7,24,13,18,19,18,24,17,18,19,23,17,14,24,24,24,4,18,5,4,18,19,3,4,17,19,5,4,24,18,3,7,6,18,8,4,0,24,7,13,4,17,19,3,17,3,13,6,4,4,0,4,8,3,4,4,3,3,13,4,19,17,6,12,4,17,3,4,4,14,17,19,24,18,5,4, 
 12 12, 13,4,6,3,4,4,5,19,18,4,4,5,13,19,18,24,4,18,19,4,24,3,4,18,2,3,23,4,13,18,3,3,3,3,14,13,13,13,23,18,24,22,19,18,24,3,18,3,19,4,4,23,14,18,4,19,13,24,22,18,18,18,19,4,23,24,19,18,24,13,18,23,19,4,18,7,24,13,18,19,18,24,17,18,19,23,17,14,24,24,24,4,18,5,4,18,19,3,4,17,19,5,4,24,18,3,7,6,18,8,4,0,24,7,13,4,17,19,3,17,3,13,6,4,4,0,4,8,3,4,4,3,3,13,4,19,17,6,12,4,17,3,4,4,14,17,19,24,18,5,4,12, 
 13 13, 13,4,6,3,4,4,5,19,18,4,4,5,13,19,18,24,4,18,19,4,24,3,4,18,2,3,23,4,13,18,3,3,3,3,14,13,13,13,23,18,24,22,19,18,24,3,18,3,19,4,4,23,14,18,4,19,13,24,22,18,18,18,19,4,23,24,19,18,24,13,18,23,19,4,18,7,24,13,18,19,18,24,17,18,19,23,17,14,24,24,24,4,18,5,4,18,19,3,4,17,19,5,4,24,18,3,7,6,18,8,4,0,24,7,13,4,17,19,3,17,3,13,6,4,4,0,4,8,3,4,4,3,3,13,4,19,17,6,12,4,17,3,4,4,14,17,19,24,18,5,4,12,13, 
 3 3, 13,4,6,3,4,4,5,19,18,4,4,5,13,19,18,24,4,18,19,4,24,3,4,18,2,3,23,4,13,18,3,3,3,3,14,13,13,13,23,18,24,22,19,18,24,3,18,3,19,4,4,23,14,18,4,19,13,24,22,18,18,18,19,4,23,24,19,18,24,13,18,23,19,4,18,7,24,13,18,19,18,24,17,18,19,23,17,14,24,24,24,4,18,5,4,18,19,3,4,17,19,5,4,24,18,3,7,6,18,8,4,0,24,7,13,4,17,19,3,17,3,13,6,4,4,0,4,8,3,4,4,3,3,13,4,19,17,6,12,4,17,3,4,4,14,17,19,24,18,5,4,12,13,3, 
 12 12, 13,4,6,3,4,4,5,19,18,4,4,5,13,19,18,24,4,18,19,4,24,3,4,18,2,3,23,4,13,18,3,3,3,3,14,13,13,13,23,18,24,22,19,18,24,3,18,3,19,4,4,23,14,18,4,19,13,24,22,18,18,18,19,4,23,24,19,18,24,13,18,23,19,4,18,7,24,13,18,19,18,24,17,18,19,23,17,14,24,24,24,4,18,5,4,18,19,3,4,17,19,5,4,24,18,3,7,6,18,8,4,0,24,7,13,4,17,19,3,17,3,13,6,4,4,0,4,8,3,4,4,3,3,13,4,19,17,6,12,4,17,3,4,4,14,17,19,24,18,5,4,12,13,3,12, 
 4 4, 13,4,6,3,4,4,5,19,18,4,4,5,13,19,18,24,4,18,19,4,24,3,4,18,2,3,23,4,13,18,3,3,3,3,14,13,13,13,23,18,24,22,19,18,24,3,18,3,19,4,4,23,14,18,4,19,13,24,22,18,18,18,19,4,23,24,19,18,24,13,18,23,19,4,18,7,24,13,18,19,18,24,17,18,19,23,17,14,24,24,24,4,18,5,4,18,19,3,4,17,19,5,4,24,18,3,7,6,18,8,4,0,24,7,13,4,17,19,3,17,3,13,6,4,4,0,4,8,3,4,4,3,3,13,4,19,17,6,12,4,17,3,4,4,14,17,19,24,18,5,4,12,13,3,12,4, 
 19 19, 13,4,6,3,4,4,5,19,18,4,4,5,13,19,18,24,4,18,19,4,24,3,4,18,2,3,23,4,13,18,3,3,3,3,14,13,13,13,23,18,24,22,19,18,24,3,18,3,19,4,4,23,14,18,4,19,13,24,22,18,18,18,19,4,23,24,19,18,24,13,18,23,19,4,18,7,24,13,18,19,18,24,17,18,19,23,17,14,24,24,24,4,18,5,4,18,19,3,4,17,19,5,4,24,18,3,7,6,18,8,4,0,24,7,13,4,17,19,3,17,3,13,6,4,4,0,4,8,3,4,4,3,3,13,4,19,17,6,12,4,17,3,4,4,14,17,19,24,18,5,4,12,13,3,12,4,19, 
 23 23, 13,4,6,3,4,4,5,19,18,4,4,5,13,19,18,24,4,18,19,4,24,3,4,18,2,3,23,4,13,18,3,3,3,3,14,13,13,13,23,18,24,22,19,18,24,3,18,3,19,4,4,23,14,18,4,19,13,24,22,18,18,18,19,4,23,24,19,18,24,13,18,23,19,4,18,7,24,13,18,19,18,24,17,18,19,23,17,14,24,24,24,4,18,5,4,18,19,3,4,17,19,5,4,24,18,3,7,6,18,8,4,0,24,7,13,4,17,19,3,17,3,13,6,4,4,0,4,8,3,4,4,3,3,13,4,19,17,6,12,4,17,3,4,4,14,17,19,24,18,5,4,12,13,3,12,4,19,23, 
 13 13, 13,4,6,3,4,4,5,19,18,4,4,5,13,19,18,24,4,18,19,4,24,3,4,18,2,3,23,4,13,18,3,3,3,3,14,13,13,13,23,18,24,22,19,18,24,3,18,3,19,4,4,23,14,18,4,19,13,24,22,18,18,18,19,4,23,24,19,18,24,13,18,23,19,4,18,7,24,13,18,19,18,24,17,18,19,23,17,14,24,24,24,4,18,5,4,18,19,3,4,17,19,5,4,24,18,3,7,6,18,8,4,0,24,7,13,4,17,19,3,17,3,13,6,4,4,0,4,8,3,4,4,3,3,13,4,19,17,6,12,4,17,3,4,4,14,17,19,24,18,5,4,12,13,3,12,4,19,23,13, 
 20 20, 13,4,6,3,4,4,5,19,18,4,4,5,13,19,18,24,4,18,19,4,24,3,4,18,2,3,23,4,13,18,3,3,3,3,14,13,13,13,23,18,24,22,19,18,24,3,18,3,19,4,4,23,14,18,4,19,13,24,22,18,18,18,19,4,23,24,19,18,24,13,18,23,19,4,18,7,24,13,18,19,18,24,17,18,19,23,17,14,24,24,24,4,18,5,4,18,19,3,4,17,19,5,4,24,18,3,7,6,18,8,4,0,24,7,13,4,17,19,3,17,3,13,6,4,4,0,4,8,3,4,4,3,3,13,4,19,17,6,12,4,17,3,4,4,14,17,19,24,18,5,4,12,13,3,12,4,19,23,13,20, 
 4 4, 13,4,6,3,4,4,5,19,18,4,4,5,13,19,18,24,4,18,19,4,24,3,4,18,2,3,23,4,13,18,3,3,3,3,14,13,13,13,23,18,24,22,19,18,24,3,18,3,19,4,4,23,14,18,4,19,13,24,22,18,18,18,19,4,23,24,19,18,24,13,18,23,19,4,18,7,24,13,18,19,18,24,17,18,19,23,17,14,24,24,24,4,18,5,4,18,19,3,4,17,19,5,4,24,18,3,7,6,18,8,4,0,24,7,13,4,17,19,3,17,3,13,6,4,4,0,4,8,3,4,4,3,3,13,4,19,17,6,12,4,17,3,4,4,14,17,19,24,18,5,4,12,13,3,12,4,19,23,13,20,4, 
 6 6, 13,4,6,3,4,4,5,19,18,4,4,5,13,19,18,24,4,18,19,4,24,3,4,18,2,3,23,4,13,18,3,3,3,3,14,13,13,13,23,18,24,22,19,18,24,3,18,3,19,4,4,23,14,18,4,19,13,24,22,18,18,18,19,4,23,24,19,18,24,13,18,23,19,4,18,7,24,13,18,19,18,24,17,18,19,23,17,14,24,24,24,4,18,5,4,18,19,3,4,17,19,5,4,24,18,3,7,6,18,8,4,0,24,7,13,4,17,19,3,17,3,13,6,4,4,0,4,8,3,4,4,3,3,13,4,19,17,6,12,4,17,3,4,4,14,17,19,24,18,5,4,12,13,3,12,4,19,23,13,20,4,6, 
 16 16, 13,4,6,3,4,4,5,19,18,4,4,5,13,19,18,24,4,18,19,4,24,3,4,18,2,3,23,4,13,18,3,3,3,3,14,13,13,13,23,18,24,22,19,18,24,3,18,3,19,4,4,23,14,18,4,19,13,24,22,18,18,18,19,4,23,24,19,18,24,13,18,23,19,4,18,7,24,13,18,19,18,24,17,18,19,23,17,14,24,24,24,4,18,5,4,18,19,3,4,17,19,5,4,24,18,3,7,6,18,8,4,0,24,7,13,4,17,19,3,17,3,13,6,4,4,0,4,8,3,4,4,3,3,13,4,19,17,6,12,4,17,3,4,4,14,17,19,24,18,5,4,12,13,3,12,4,19,23,13,20,4,6,16, 
 
## xl/worksheets/sheet11.xml
 
 68 69 67 70 
 1 0 0 1 1 1 1 1 1 F2-1 0 1 1 
 1+A2 2 1+B2 1 1+C2 2 1+D2 2 1+F2 2 F3-1 1 1+H2 2 
 1+A3 3 1+B3 2 1+C3 3 1+D3 3 1+F3 3 2 1+H3 3 
 4 3 4 4 4 3 4 
 5 4 1 5 5 4 5 
 6 5 2 6 6 5 6 
 7 6 3 7 7 6 7 
 8 7 4 8 8 7 8 
 9 8 5 9 9 8 9 
 10 9 6 10 10 9 10 
 11 10 7 11 11 10 11 
 12 11 8 12 12 11 12 
 13 12 9 13 13 12 13 
 14 13 10 14 14 13 14 
 15 14 11 15 15 14 1 
 16 15 12 16 16 15 2 
 17 16 13 17 17 16 3 
 18 17 14 18 18 17 4 
 19 18 15 19 19 18 5 
 20 19 16 20 20 19 6 
 21 20 17 21 21 20 7 
 22 21 18 22 22 21 8 
 23 22 19 23 23 22 9 
 24 23 20 24 24 23 10 
 25 24 21 25 25 24 11 
 26 25 22 1 26 25 12 
 27 26 23 2 27 26 13 
 28 27 24 3 28 27 14 
 29 28 25 4 29 28 15 
 30 29 26 5 30 29 16 
 31 30 27 6 31 30 17 
 32 31 28 7 32 31 18 
 33 32 29 8 33 32 19 
 34 33 30 9 34 33 20 
 35 34 31 10 35 34 21 
 36 35 1 11 36 35 22 
 37 36 2 12 37 36 23 
 38 37 3 13 38 37 24 
 39 38 4 14 39 38 25 
 40 39 5 15 40 39 26 
 41 40 6 16 41 40 27 
 42 41 7 17 42 41 28 
 43 42 8 18 43 42 29 
 44 43 9 19 44 43 30 
 45 44 10 20 45 44 31 
 46 45 11 21 46 45 32 
 47 46 12 22 47 46 33 
 48 47 13 23 48 47 34 
 49 48 14 24 49 48 35 
 50 49 15 25 50 49 36 
 51 50 16 1 51 50 37 
 52 51 17 2 52 51 38 
 53 52 18 3 53 52 39 
 54 53 19 4 54 53 40 
 55 54 20 5 55 54 41 
 56 55 21 6 56 55 42 
 57 56 22 7 57 56 43 
 58 57 23 8 58 57 44 
 59 58 24 9 59 58 45 
 60 59 25 10 60 59 46 
 61 60 26 11 61 60 47 
 62 61 27 12 62 61 48 
 63 62 28 13 63 62 49 
 64 63 29 14 64 63 50 
 65 64 30 15 65 64 51 
 66 65 31 16 66 F67-1 65 52 
 1+A67 67 1+B67 66 1 1+D67 17 1+F67 67 66 1+H67 53 
 68 67 2 18 68 67 54 
 69 68 3 19 69 68 55 
 70 69 4 20 70 69 56 
 71 70 5 21 71 70 57 
 72 71 6 22 72 71 58 
 73 72 7 23 73 72 59 
 74 73 8 24 74 73 60 
 75 74 9 25 75 74 61 
 76 75 10 1 76 75 62 
 77 76 11 2 77 76 63 
 78 77 12 3 78 77 64 
 79 78 13 4 79 78 65 
 80 79 14 5 80 79 66 
 81 80 15 6 81 80 67 
 82 81 16 7 82 81 68 
 83 82 17 8 83 82 69 
 84 83 18 9 84 83 70 
 85 84 19 10 85 84 71 
 86 85 20 11 86 85 72 
 87 86 21 12 87 86 73 
 88 87 22 13 88 87 74 
 89 88 23 14 89 88 75 
 90 89 24 15 90 89 1 
 91 90 25 16 91 90 2 
 92 91 26 17 92 91 3 
 93 92 27 18 93 92 4 
 94 93 28 19 94 93 5 
 95 94 29 20 95 94 6 
 96 95 30 21 96 95 7 
 97 96 31 22 97 96 8 
 98 97 9 
 99 98 10 
 100 99 11 
 101 100 12 
 102 101 13 
 103 102 14 
 104 103 15 
 105 104 16 
 106 105 17 
 107 106 18 
 108 107 19 
 109 108 20 
 110 109 21 
 111 110 22 
 112 111 23 
 113 112 24 
 114 113 25 
 115 114 26 
 116 115 27 
 117 116 28 
 118 117 29 
 119 118 30 
 120 119 31 
 121 120 32 
 122 121 33 
 123 122 34 
 124 123 35 
 125 124 36 
 126 125 37 
 127 126 38 
 128 127 39 
 129 128 40 
 130 F131-1 129 41 
 1+F131 131 130 1+H131 42 
 132 131 43 
 133 132 44 
 134 133 45 
 135 134 46 
 136 135 47 
 137 136 48 
 138 137 49 
 139 138 50 
 140 139 51 
 141 140 52 
 142 141 53 
 143 142 54 
 144 143 55 
 145 144 56 
 146 145 57 
 147 146 58 
 148 147 59 
 149 148 60 
 150 149 61 
 151 150 62 
 152 151 63 
 153 152 64 
 154 153 65 
 155 154 66 
 156 155 67 
 157 156 68 
 158 157 69 
 159 158 70 
 160 159 71 
 161 160 72 
 162 161 73 
 163 162 74 
 164 163 75 
 
## xl/worksheets/sheet12.xml
 
 126 A1 N 
 123 B1&A2 NE 
 134 B2&A3 NEG 
 132 NEGD 
 123 NEGDE 
 123 NEGDEE 
 138 NEGDEEF 
 124 NEGDEEFT 
 127 NEGDEEFTS 
 123 NEGDEEFTSE 
 126 NEGDEEFTSEN 
 124 NEGDEEFTSENT 
 127 NEGDEEFTSENTS 
 105 NEGDEEFTSENTSY 
 123 NEGDEEFTSENTSYE 
 127 NEGDEEFTSENTSYES 
 124 NEGDEEFTSENTSYEST 
 123 NEGDEEFTSENTSYESTE 
 105 NEGDEEFTSENTSYESTEY 
 132 NEGDEEFTSENTSYESTEYD 
 123 NEGDEEFTSENTSYESTEYDE 
 127 NEGDEEFTSENTSYESTEYDES 
 136 NEGDEEFTSENTSYESTEYDESC 
 132 NEGDEEFTSENTSYESTEYDESCD 
 111 NEGDEEFTSENTSYESTEYDESCDX 
 126 NEGDEEFTSENTSYESTEYDESCDXN 
 127 NEGDEEFTSENTSYESTEYDESCDXNS 
 132 NEGDEEFTSENTSYESTEYDESCDXNSD 
 132 NEGDEEFTSENTSYESTEYDESCDXNSDD 
 132 NEGDEEFTSENTSYESTEYDESCDXNSDDD 
 132 NEGDEEFTSENTSYESTEYDESCDXNSDDDD 
 137 NEGDEEFTSENTSYESTEYDESCDXNSDDDDO 
 126 NEGDEEFTSENTSYESTEYDESCDXNSDDDDON 
 126 NEGDEEFTSENTSYESTEYDESCDXNSDDDDONN 
 126 NEGDEEFTSENTSYESTEYDESCDXNSDDDDONNN 
 127 NEGDEEFTSENTSYESTEYDESCDXNSDDDDONNNS 
 105 NEGDEEFTSENTSYESTEYDESCDXNSDDDDONNNSY 
 125 NEGDEEFTSENTSYESTEYDESCDXNSDDDDONNNSYW 
 124 NEGDEEFTSENTSYESTEYDESCDXNSDDDDONNNSYWT 
 127 NEGDEEFTSENTSYESTEYDESCDXNSDDDDONNNSYWTS 
 132 NEGDEEFTSENTSYESTEYDESCDXNSDDDDONNNSYWTSD 
 127 NEGDEEFTSENTSYESTEYDESCDXNSDDDDONNNSYWTSDS 
 132 NEGDEEFTSENTSYESTEYDESCDXNSDDDDONNNSYWTSDSD 
 124 NEGDEEFTSENTSYESTEYDESCDXNSDDDDONNNSYWTSDSDT 
 123 NEGDEEFTSENTSYESTEYDESCDXNSDDDDONNNSYWTSDSDTE 
 123 NEGDEEFTSENTSYESTEYDESCDXNSDDDDONNNSYWTSDSDTEE 
 137 NEGDEEFTSENTSYESTEYDESCDXNSDDDDONNNSYWTSDSDTEEO 
 127 NEGDEEFTSENTSYESTEYDESCDXNSDDDDONNNSYWTSDSDTEEOS 
 123 NEGDEEFTSENTSYESTEYDESCDXNSDDDDONNNSYWTSDSDTEEOSE 
 124 NEGDEEFTSENTSYESTEYDESCDXNSDDDDONNNSYWTSDSDTEEOSET 
 126 NEGDEEFTSENTSYESTEYDESCDXNSDDDDONNNSYWTSDSDTEEOSETN 
 105 NEGDEEFTSENTSYESTEYDESCDXNSDDDDONNNSYWTSDSDTEEOSETNY 
 125 NEGDEEFTSENTSYESTEYDESCDXNSDDDDONNNSYWTSDSDTEEOSETNYW 
 127 NEGDEEFTSENTSYESTEYDESCDXNSDDDDONNNSYWTSDSDTEEOSETNYWS 
 127 NEGDEEFTSENTSYESTEYDESCDXNSDDDDONNNSYWTSDSDTEEOSETNYWSS 
 127 NEGDEEFTSENTSYESTEYDESCDXNSDDDDONNNSYWTSDSDTEEOSETNYWSSS 
 124 NEGDEEFTSENTSYESTEYDESCDXNSDDDDONNNSYWTSDSDTEEOSETNYWSSST 
 123 NEGDEEFTSENTSYESTEYDESCDXNSDDDDONNNSYWTSDSDTEEOSETNYWSSSTE 
 105 NEGDEEFTSENTSYESTEYDESCDXNSDDDDONNNSYWTSDSDTEEOSETNYWSSSTEY 
 124 NEGDEEFTSENTSYESTEYDESCDXNSDDDDONNNSYWTSDSDTEEOSETNYWSSSTEYT 
 127 NEGDEEFTSENTSYESTEYDESCDXNSDDDDONNNSYWTSDSDTEEOSETNYWSSSTEYTS 
 105 NEGDEEFTSENTSYESTEYDESCDXNSDDDDONNNSYWTSDSDTEEOSETNYWSSSTEYTSY 
 126 NEGDEEFTSENTSYESTEYDESCDXNSDDDDONNNSYWTSDSDTEEOSETNYWSSSTEYTSYN 
 127 NEGDEEFTSENTSYESTEYDESCDXNSDDDDONNNSYWTSDSDTEEOSETNYWSSSTEYTSYNS 
 111 NEGDEEFTSENTSYESTEYDESCDXNSDDDDONNNSYWTSDSDTEEOSETNYWSSSTEYTSYNSX 
 124 NEGDEEFTSENTSYESTEYDESCDXNSDDDDONNNSYWTSDSDTEEOSETNYWSSSTEYTSYNSXT 
 123 B66&A67 NEGDEEFTSENTSYESTEYDESCDXNSDDDDONNNSYWTSDSDTEEOSETNYWSSSTEYTSYNSXTE 
 127 NEGDEEFTSENTSYESTEYDESCDXNSDDDDONNNSYWTSDSDTEEOSETNYWSSSTEYTSYNSXTES 
 130 NEGDEEFTSENTSYESTEYDESCDXNSDDDDONNNSYWTSDSDTEEOSETNYWSSSTEYTSYNSXTESH 
 105 NEGDEEFTSENTSYESTEYDESCDXNSDDDDONNNSYWTSDSDTEEOSETNYWSSSTEYTSYNSXTESHY 
 124 NEGDEEFTSENTSYESTEYDESCDXNSDDDDONNNSYWTSDSDTEEOSETNYWSSSTEYTSYNSXTESHYT 
 105 NEGDEEFTSENTSYESTEYDESCDXNSDDDDONNNSYWTSDSDTEEOSETNYWSSSTEYTSYNSXTESHYTY 
 109 NEGDEEFTSENTSYESTEYDESCDXNSDDDDONNNSYWTSDSDTEEOSETNYWSSSTEYTSYNSXTESHYTYR 
 124 NEGDEEFTSENTSYESTEYDESCDXNSDDDDONNNSYWTSDSDTEEOSETNYWSSSTEYTSYNSXTESHYTYRT 
 109 NEGDEEFTSENTSYESTEYDESCDXNSDDDDONNNSYWTSDSDTEEOSETNYWSSSTEYTSYNSXTESHYTYRTR 
 137 NEGDEEFTSENTSYESTEYDESCDXNSDDDDONNNSYWTSDSDTEEOSETNYWSSSTEYTSYNSXTESHYTYRTRO 
 105 NEGDEEFTSENTSYESTEYDESCDXNSDDDDONNNSYWTSDSDTEEOSETNYWSSSTEYTSYNSXTESHYTYRTROY 
 105 NEGDEEFTSENTSYESTEYDESCDXNSDDDDONNNSYWTSDSDTEEOSETNYWSSSTEYTSYNSXTESHYTYRTROYY 
 123 NEGDEEFTSENTSYESTEYDESCDXNSDDDDONNNSYWTSDSDTEEOSETNYWSSSTEYTSYNSXTESHYTYRTROYYE 
 127 NEGDEEFTSENTSYESTEYDESCDXNSDDDDONNNSYWTSDSDTEEOSETNYWSSSTEYTSYNSXTESHYTYRTROYYES 
 138 NEGDEEFTSENTSYESTEYDESCDXNSDDDDONNNSYWTSDSDTEEOSETNYWSSSTEYTSYNSXTESHYTYRTROYYESF 
 123 NEGDEEFTSENTSYESTEYDESCDXNSDDDDONNNSYWTSDSDTEEOSETNYWSSSTEYTSYNSXTESHYTYRTROYYESFE 
 127 NEGDEEFTSENTSYESTEYDESCDXNSDDDDONNNSYWTSDSDTEEOSETNYWSSSTEYTSYNSXTESHYTYRTROYYESFES 
 124 NEGDEEFTSENTSYESTEYDESCDXNSDDDDONNNSYWTSDSDTEEOSETNYWSSSTEYTSYNSXTESHYTYRTROYYESFEST 
 132 NEGDEEFTSENTSYESTEYDESCDXNSDDDDONNNSYWTSDSDTEEOSETNYWSSSTEYTSYNSXTESHYTYRTROYYESFESTD 
 109 NEGDEEFTSENTSYESTEYDESCDXNSDDDDONNNSYWTSDSDTEEOSETNYWSSSTEYTSYNSXTESHYTYRTROYYESFESTDR 
 124 NEGDEEFTSENTSYESTEYDESCDXNSDDDDONNNSYWTSDSDTEEOSETNYWSSSTEYTSYNSXTESHYTYRTROYYESFESTDRT 
 105 NEGDEEFTSENTSYESTEYDESCDXNSDDDDONNNSYWTSDSDTEEOSETNYWSSSTEYTSYNSXTESHYTYRTROYYESFESTDRTY 
 127 NEGDEEFTSENTSYESTEYDESCDXNSDDDDONNNSYWTSDSDTEEOSETNYWSSSTEYTSYNSXTESHYTYRTROYYESFESTDRTYS 
 132 NEGDEEFTSENTSYESTEYDESCDXNSDDDDONNNSYWTSDSDTEEOSETNYWSSSTEYTSYNSXTESHYTYRTROYYESFESTDRTYSD 
 130 NEGDEEFTSENTSYESTEYDESCDXNSDDDDONNNSYWTSDSDTEEOSETNYWSSSTEYTSYNSXTESHYTYRTROYYESFESTDRTYSDH 
 134 NEGDEEFTSENTSYESTEYDESCDXNSDDDDONNNSYWTSDSDTEEOSETNYWSSSTEYTSYNSXTESHYTYRTROYYESFESTDRTYSDHG 
 127 NEGDEEFTSENTSYESTEYDESCDXNSDDDDONNNSYWTSDSDTEEOSETNYWSSSTEYTSYNSXTESHYTYRTROYYESFESTDRTYSDHGS 
 133 NEGDEEFTSENTSYESTEYDESCDXNSDDDDONNNSYWTSDSDTEEOSETNYWSSSTEYTSYNSXTESHYTYRTROYYESFESTDRTYSDHGSI 
 123 NEGDEEFTSENTSYESTEYDESCDXNSDDDDONNNSYWTSDSDTEEOSETNYWSSSTEYTSYNSXTESHYTYRTROYYESFESTDRTYSDHGSIE 
 131 NEGDEEFTSENTSYESTEYDESCDXNSDDDDONNNSYWTSDSDTEEOSETNYWSSSTEYTSYNSXTESHYTYRTROYYESFESTDRTYSDHGSIEA 
 105 NEGDEEFTSENTSYESTEYDESCDXNSDDDDONNNSYWTSDSDTEEOSETNYWSSSTEYTSYNSXTESHYTYRTROYYESFESTDRTYSDHGSIEAY 
 130 NEGDEEFTSENTSYESTEYDESCDXNSDDDDONNNSYWTSDSDTEEOSETNYWSSSTEYTSYNSXTESHYTYRTROYYESFESTDRTYSDHGSIEAYH 
 126 NEGDEEFTSENTSYESTEYDESCDXNSDDDDONNNSYWTSDSDTEEOSETNYWSSSTEYTSYNSXTESHYTYRTROYYESFESTDRTYSDHGSIEAYHN 
 109 NEGDEEFTSENTSYESTEYDESCDXNSDDDDONNNSYWTSDSDTEEOSETNYWSSSTEYTSYNSXTESHYTYRTROYYESFESTDRTYSDHGSIEAYHNR 
 124 NEGDEEFTSENTSYESTEYDESCDXNSDDDDONNNSYWTSDSDTEEOSETNYWSSSTEYTSYNSXTESHYTYRTROYYESFESTDRTYSDHGSIEAYHNRT 
 132 NEGDEEFTSENTSYESTEYDESCDXNSDDDDONNNSYWTSDSDTEEOSETNYWSSSTEYTSYNSXTESHYTYRTROYYESFESTDRTYSDHGSIEAYHNRTD 
 109 NEGDEEFTSENTSYESTEYDESCDXNSDDDDONNNSYWTSDSDTEEOSETNYWSSSTEYTSYNSXTESHYTYRTROYYESFESTDRTYSDHGSIEAYHNRTDR 
 126 NEGDEEFTSENTSYESTEYDESCDXNSDDDDONNNSYWTSDSDTEEOSETNYWSSSTEYTSYNSXTESHYTYRTROYYESFESTDRTYSDHGSIEAYHNRTDRN 
 134 NEGDEEFTSENTSYESTEYDESCDXNSDDDDONNNSYWTSDSDTEEOSETNYWSSSTEYTSYNSXTESHYTYRTROYYESFESTDRTYSDHGSIEAYHNRTDRNG 
 123 NEGDEEFTSENTSYESTEYDESCDXNSDDDDONNNSYWTSDSDTEEOSETNYWSSSTEYTSYNSXTESHYTYRTROYYESFESTDRTYSDHGSIEAYHNRTDRNGE 
 132 NEGDEEFTSENTSYESTEYDESCDXNSDDDDONNNSYWTSDSDTEEOSETNYWSSSTEYTSYNSXTESHYTYRTROYYESFESTDRTYSDHGSIEAYHNRTDRNGED 
 123 NEGDEEFTSENTSYESTEYDESCDXNSDDDDONNNSYWTSDSDTEEOSETNYWSSSTEYTSYNSXTESHYTYRTROYYESFESTDRTYSDHGSIEAYHNRTDRNGEDE 
 132 NEGDEEFTSENTSYESTEYDESCDXNSDDDDONNNSYWTSDSDTEEOSETNYWSSSTEYTSYNSXTESHYTYRTROYYESFESTDRTYSDHGSIEAYHNRTDRNGEDED 
 132 NEGDEEFTSENTSYESTEYDESCDXNSDDDDONNNSYWTSDSDTEEOSETNYWSSSTEYTSYNSXTESHYTYRTROYYESFESTDRTYSDHGSIEAYHNRTDRNGEDEDD 
 124 NEGDEEFTSENTSYESTEYDESCDXNSDDDDONNNSYWTSDSDTEEOSETNYWSSSTEYTSYNSXTESHYTYRTROYYESFESTDRTYSDHGSIEAYHNRTDRNGEDEDDT 
 109 NEGDEEFTSENTSYESTEYDESCDXNSDDDDONNNSYWTSDSDTEEOSETNYWSSSTEYTSYNSXTESHYTYRTROYYESFESTDRTYSDHGSIEAYHNRTDRNGEDEDDTR 
 134 NEGDEEFTSENTSYESTEYDESCDXNSDDDDONNNSYWTSDSDTEEOSETNYWSSSTEYTSYNSXTESHYTYRTROYYESFESTDRTYSDHGSIEAYHNRTDRNGEDEDDTRG 
 110 NEGDEEFTSENTSYESTEYDESCDXNSDDDDONNNSYWTSDSDTEEOSETNYWSSSTEYTSYNSXTESHYTYRTROYYESFESTDRTYSDHGSIEAYHNRTDRNGEDEDDTRGM 
 109 NEGDEEFTSENTSYESTEYDESCDXNSDDDDONNNSYWTSDSDTEEOSETNYWSSSTEYTSYNSXTESHYTYRTROYYESFESTDRTYSDHGSIEAYHNRTDRNGEDEDDTRGMR 
 132 NEGDEEFTSENTSYESTEYDESCDXNSDDDDONNNSYWTSDSDTEEOSETNYWSSSTEYTSYNSXTESHYTYRTROYYESFESTDRTYSDHGSIEAYHNRTDRNGEDEDDTRGMRD 
 123 NEGDEEFTSENTSYESTEYDESCDXNSDDDDONNNSYWTSDSDTEEOSETNYWSSSTEYTSYNSXTESHYTYRTROYYESFESTDRTYSDHGSIEAYHNRTDRNGEDEDDTRGMRDE 
 109 NEGDEEFTSENTSYESTEYDESCDXNSDDDDONNNSYWTSDSDTEEOSETNYWSSSTEYTSYNSXTESHYTYRTROYYESFESTDRTYSDHGSIEAYHNRTDRNGEDEDDTRGMRDER 
 124 NEGDEEFTSENTSYESTEYDESCDXNSDDDDONNNSYWTSDSDTEEOSETNYWSSSTEYTSYNSXTESHYTYRTROYYESFESTDRTYSDHGSIEAYHNRTDRNGEDEDDTRGMRDERT 
 105 NEGDEEFTSENTSYESTEYDESCDXNSDDDDONNNSYWTSDSDTEEOSETNYWSSSTEYTSYNSXTESHYTYRTROYYESFESTDRTYSDHGSIEAYHNRTDRNGEDEDDTRGMRDERTY 
 127 NEGDEEFTSENTSYESTEYDESCDXNSDDDDONNNSYWTSDSDTEEOSETNYWSSSTEYTSYNSXTESHYTYRTROYYESFESTDRTYSDHGSIEAYHNRTDRNGEDEDDTRGMRDERTYS 
 110 NEGDEEFTSENTSYESTEYDESCDXNSDDDDONNNSYWTSDSDTEEOSETNYWSSSTEYTSYNSXTESHYTYRTROYYESFESTDRTYSDHGSIEAYHNRTDRNGEDEDDTRGMRDERTYSM 
 126 NEGDEEFTSENTSYESTEYDESCDXNSDDDDONNNSYWTSDSDTEEOSETNYWSSSTEYTSYNSXTESHYTYRTROYYESFESTDRTYSDHGSIEAYHNRTDRNGEDEDDTRGMRDERTYSMN 
 132 NEGDEEFTSENTSYESTEYDESCDXNSDDDDONNNSYWTSDSDTEEOSETNYWSSSTEYTSYNSXTESHYTYRTROYYESFESTDRTYSDHGSIEAYHNRTDRNGEDEDDTRGMRDERTYSMND 
 124 NEGDEEFTSENTSYESTEYDESCDXNSDDDDONNNSYWTSDSDTEEOSETNYWSSSTEYTSYNSXTESHYTYRTROYYESFESTDRTYSDHGSIEAYHNRTDRNGEDEDDTRGMRDERTYSMNDT 
 126 NEGDEEFTSENTSYESTEYDESCDXNSDDDDONNNSYWTSDSDTEEOSETNYWSSSTEYTSYNSXTESHYTYRTROYYESFESTDRTYSDHGSIEAYHNRTDRNGEDEDDTRGMRDERTYSMNDTN 
 128 NEGDEEFTSENTSYESTEYDESCDXNSDDDDONNNSYWTSDSDTEEOSETNYWSSSTEYTSYNSXTESHYTYRTROYYESFESTDRTYSDHGSIEAYHNRTDRNGEDEDDTRGMRDERTYSMNDTNU 
 123 NEGDEEFTSENTSYESTEYDESCDXNSDDDDONNNSYWTSDSDTEEOSETNYWSSSTEYTSYNSXTESHYTYRTROYYESFESTDRTYSDHGSIEAYHNRTDRNGEDEDDTRGMRDERTYSMNDTNUE 
 134 NEGDEEFTSENTSYESTEYDESCDXNSDDDDONNNSYWTSDSDTEEOSETNYWSSSTEYTSYNSXTESHYTYRTROYYESFESTDRTYSDHGSIEAYHNRTDRNGEDEDDTRGMRDERTYSMNDTNUEG 
 139 NEGDEEFTSENTSYESTEYDESCDXNSDDDDONNNSYWTSDSDTEEOSETNYWSSSTEYTSYNSXTESHYTYRTROYYESFESTDRTYSDHGSIEAYHNRTDRNGEDEDDTRGMRDERTYSMNDTNUEGQ 
 
## xl/worksheets/sheet2.xml
 
 297 295 1 2 3 4 5 6 7 8 9 10 11 12 13 14 15 16 17 18 19 20 21 22 23 24 25 26 27 28 29 30 31 296 1 2 3 4 5 6 7 8 9 10 11 12 13 14 15 16 17 18 19 20 21 22 23 24 25 26 27 28 29 30 31 
 1 113 122 123 124 125 123 123 126 127 128 122 124 129 123 127 130 131 132 133 126 134 131 126 132 124 130 123 131 122 127 123 126 IF(C2<>"?",CODE(C2)-65,"") 1 IF(D2<>"?",CODE(D2)-65,"") 4 19 22 4 4 13 18 20 1 19 11 4 18 7 0 3 8 13 6 0 13 3 19 7 4 0 1 18 4 13 AVERAGE(AJ2:BN2) 8.935483870967742 
 2 292 136 123 137 138 129 133 134 130 124 129 133 123 127 124 130 123 126 128 131 126 136 123 137 138 133 139 129 128 127 133 137 IF(C3<>"?",CODE(C3)-65,"") 2 IF(D3<>"?",CODE(D3)-65,"") 4 IF(E3<>"?",CODE(E3)-65,"") 14 IF(F3<>"?",CODE(F3)-65,"") 5 IF(G3<>"?",CODE(G3)-65,"") 11 IF(H3<>"?",CODE(H3)-65,"") 8 IF(I3<>"?",CODE(I3)-65,"") 6 IF(J3<>"?",CODE(J3)-65,"") 7 IF(K3<>"?",CODE(K3)-65,"") 19 IF(L3<>"?",CODE(L3)-65,"") 11 IF(M3<>"?",CODE(M3)-65,"") 8 IF(N3<>"?",CODE(N3)-65,"") 4 IF(O3<>"?",CODE(O3)-65,"") 18 IF(P3<>"?",CODE(P3)-65,"") 19 IF(Q3<>"?",CODE(Q3)-65,"") 7 IF(R3<>"?",CODE(R3)-65,"") 4 IF(S3<>"?",CODE(S3)-65,"") 13 IF(T3<>"?",CODE(T3)-65,"") 20 IF(U3<>"?",CODE(U3)-65,"") 0 IF(V3<>"?",CODE(V3)-65,"") 13 IF(W3<>"?",CODE(W3)-65,"") 2 IF(X3<>"?",CODE(X3)-65,"") 4 IF(Y3<>"?",CODE(Y3)-65,"") 14 IF(Z3<>"?",CODE(Z3)-65,"") 5 IF(AA3<>"?",CODE(AA3)-65,"") 8 IF(AB3<>"?",CODE(AB3)-65,"") 16 IF(AC3<>"?",CODE(AC3)-65,"") 11 IF(AD3<>"?",CODE(AD3)-65,"") 20 IF(AE3<>"?",CODE(AE3)-65,"") 18 IF(AF3<>"?",CODE(AF3)-65,"") 8 IF(AG3<>"?",CODE(AG3)-65,"") 14 AVERAGE(AJ3:BN3) 10.096774193548388 
 3 135 133 124 125 131 127 124 137 124 131 129 129 105 133 126 106 133 127 133 122 129 123 130 137 125 127 124 130 131 124 107 137 8 19 22 0 18 19 14 19 0 11 11 24 8 13 21 8 18 8 1 11 4 7 14 22 18 19 7 0 19 15 14 12.64516129032258 
 4 127 127 133 122 129 123 108 124 130 123 105 128 127 123 132 124 130 123 123 131 109 124 130 127 110 131 134 126 123 124 133 18 18 8 1 11 4 19 7 4 24 20 18 4 3 19 7 4 4 0 17 19 7 18 12 0 6 13 4 19 8 10.533333333333333 
 5 104 138 133 123 129 132 111 124 130 123 133 126 138 137 109 110 131 124 133 137 126 125 131 127 134 131 124 130 123 109 123 132 5 8 4 11 3 23 19 7 4 8 13 5 14 17 12 0 19 8 14 13 22 0 18 6 0 19 7 4 17 4 3 9.9032258064516121 
 6 131 126 132 124 109 131 126 127 110 133 124 124 123 132 128 126 132 123 109 134 109 128 128 126 132 124 137 131 126 128 126 0 13 3 19 17 0 13 18 12 8 19 19 4 3 20 13 3 4 17 6 17 20 20 13 3 19 14 0 13 20 13 11.709677419354838 
 7 112 126 137 125 126 129 137 136 131 124 133 137 126 111 132 137 123 127 129 131 126 134 129 123 105 112 126 137 125 131 122 10 13 14 22 13 11 14 2 0 19 8 14 13 23 3 14 4 18 11 0 13 6 11 4 24 10 13 14 22 0 1 11.096774193548388 
 8 137 128 124 124 130 133 127 108 124 130 123 105 127 130 137 128 129 132 133 124 127 122 128 109 133 123 132 137 128 124 124 14 20 19 19 7 8 18 19 7 4 24 18 7 14 20 11 3 8 19 18 1 20 17 8 4 3 14 20 19 19 13.4 
 9 130 123 109 123 127 137 110 123 125 130 123 109 123 111 125 130 137 112 126 137 125 127 124 130 123 123 111 131 136 124 129 7 4 17 4 18 14 12 4 22 7 4 17 4 23 22 7 14 10 13 14 22 18 19 7 4 4 23 0 2 19 11 11.806451612903226 
 10 137 136 131 124 133 137 126 108 137 126 129 105 125 125 124 130 133 127 125 131 127 130 133 127 129 131 127 124 110 123 127 14 2 0 19 8 14 13 14 13 11 24 22 22 19 7 8 18 22 0 18 7 8 18 11 0 18 19 12 4 18 12.766666666666667 
 11 127 131 134 123 111 124 130 133 109 124 105 123 133 134 130 124 132 123 134 109 123 123 127 138 133 138 124 105 127 123 106 18 0 6 4 23 19 7 8 17 19 24 4 8 6 7 19 3 4 6 17 4 4 18 5 8 5 19 24 18 4 21 11.258064516129032 
 12 123 126 110 133 126 128 124 123 127 127 133 111 107 137 133 126 124 138 133 106 123 127 123 136 137 126 132 127 126 137 109 4 13 12 8 13 20 19 4 18 18 8 23 15 14 8 13 19 5 8 21 4 18 4 2 14 13 3 18 13 14 17 12.35483870967742 
 13 124 130 127 123 106 123 126 124 105 127 123 106 123 126 132 123 134 109 123 123 127 123 133 134 130 124 110 133 126 128 124 19 7 18 4 21 4 13 19 24 18 4 21 4 13 3 4 6 17 4 4 18 4 8 6 7 19 12 8 13 20 19 11.64516129032258 
 14 123 127 138 137 109 124 105 138 137 128 109 127 123 136 137 126 132 127 125 123 127 124 111 129 131 105 123 109 124 125 137 4 18 5 14 17 19 24 5 14 20 17 18 4 2 14 13 3 18 22 4 18 19 23 11 0 24 4 17 19 22 14 13.741935483870968 
 
 1 127 129 137 125 129 105 132 123 127 107 131 109 131 124 129 105 127 129 137 125 129 105 124 130 123 109 123 110 131 133 126 18 11 14 22 11 24 3 4 18 15 0 17 0 19 11 24 18 11 14 22 11 24 19 7 4 17 4 12 0 8 13 12.741935483870968 
 2 127 137 138 107 131 127 127 131 134 123 132 123 122 109 133 127 124 130 131 124 123 126 136 128 110 122 123 109 123 132 124 18 14 5 15 0 18 18 0 6 4 3 4 1 17 8 18 19 7 0 19 4 13 2 20 12 1 4 17 4 3 19 9.4516129032258061 
 3 130 123 129 137 125 123 109 107 131 109 124 137 138 124 130 123 132 137 137 109 125 131 105 125 131 127 109 123 110 137 106 7 4 11 14 22 4 17 15 0 17 19 14 5 19 7 4 3 14 14 17 22 0 24 22 0 18 17 4 12 14 21 12.290322580645162 
 4 123 132 125 133 124 130 124 109 123 110 122 129 133 126 134 130 131 126 132 127 133 110 131 132 123 131 124 133 126 105 122 4 3 22 8 19 7 19 17 4 12 1 11 8 13 6 7 0 13 3 18 8 12 0 3 4 0 19 8 13 24 1 9.258064516129032 
 5 109 123 131 136 130 133 126 124 130 123 128 107 107 123 109 129 123 138 124 130 131 126 132 136 137 109 126 123 109 131 126 17 4 0 2 7 8 13 19 7 4 20 15 15 4 17 11 4 5 19 7 0 13 3 2 14 17 13 4 17 0 13 9.4838709677419359 
 6 132 124 130 123 126 125 133 132 123 126 133 126 134 124 130 123 130 137 129 123 131 129 133 124 124 129 123 133 133 126 127 3 19 7 4 13 22 8 3 4 13 8 13 6 19 7 4 7 14 11 4 0 11 8 19 19 11 4 8 8 13 18 9.935483870967742 
 7 123 109 124 123 132 124 130 123 136 131 126 132 129 123 131 126 132 107 123 123 109 123 132 133 126 124 130 123 130 137 124 4 17 19 4 3 19 7 4 2 0 13 3 11 4 0 13 3 15 4 4 17 4 3 8 13 19 7 4 7 14 19 8.5161290322580641 
 8 131 133 109 123 127 136 131 107 133 126 134 138 109 137 110 124 130 123 136 130 131 110 122 123 109 136 131 128 127 123 132 0 8 17 4 18 2 0 15 8 13 6 5 17 14 12 19 7 4 2 7 0 12 1 4 17 2 0 20 18 4 3 8.3548387096774199 
 9 124 130 123 138 129 131 110 123 124 137 138 129 133 136 112 123 109 122 128 124 107 109 123 127 123 126 124 129 105 132 123 19 7 4 5 11 0 12 4 19 14 5 11 8 2 10 4 17 1 20 19 15 17 4 18 4 13 19 11 24 3 4 10.451612903225806 
 10 124 131 133 129 127 137 138 124 130 123 109 137 137 110 125 133 124 130 133 126 123 110 123 109 134 123 132 138 109 137 110 19 0 8 11 18 14 5 19 7 4 17 14 14 12 22 8 19 7 8 13 4 12 4 17 6 4 3 5 17 14 12 10.870967741935484 
 11 124 130 123 110 133 127 124 111 136 131 126 105 137 128 127 123 123 131 126 105 124 130 133 126 134 139 294 293 293 293 293 19 7 4 12 8 18 19 23 2 0 13 24 14 20 18 4 4 0 13 24 19 7 8 13 6 16 12.115384615384615 
 12 293 293 293 293 293 293 293 293 293 293 293 293 293 293 293 293 293 293 293 293 293 293 293 293 293 293 293 293 293 293 293 AVERAGE(AJ2:AJ27) 10.08 AVERAGE(AK2:AK27) 9.48 10.88 10.119999999999999 12.56 12.12 12.75 11 10.68 10.4 11.16 14.36 10.119999999999999 13.08 11.12 10.28 9.2799999999999994 9.44 10.039999999999999 11.28 11.08 10.6 10.52 11.44 8.92 10.96 9.5833333333333339 10.208333333333334 13.666666666666666 11.208333333333334 12.833333333333334 
 13 293 293 293 293 293 293 293 293 293 293 293 293 293 293 293 293 293 293 293 293 293 293 293 293 293 293 293 293 293 293 293 
 14 293 293 293 293 293 293 293 293 293 293 293 293 293 293 293 293 293 293 293 293 293 293 293 293 293 293 293 293 293 293 293 
 297 295 1 2 3 4 5 6 7 8 9 10 11 12 13 14 15 16 17 18 19 20 21 22 23 24 25 26 27 28 29 30 31 1 2 3 4 5 6 7 8 9 10 11 12 13 14 15 16 17 18 19 20 21 22 23 24 25 26 27 28 29 30 31 
 1 113 123 110 128 138 107 130 142 129 109 138 131 111 105 128 127 132 141 112 142 129 132 112 109 126 127 130 134 126 138 133 106 IF(C33<>"?",CODE(C33)-65,"") 4 IF(D33<>"?",CODE(D33)-65,"") 12 IF(E33<>"?",CODE(E33)-65,"") 20 IF(F33<>"?",CODE(F33)-65,"") 5 IF(G33<>"?",CODE(G33)-65,"") 15 IF(H33<>"?",CODE(H33)-65,"") 7 IF(I33<>"?",CODE(I33)-65,"") 25 IF(J33<>"?",CODE(J33)-65,"") 11 IF(K33<>"?",CODE(K33)-65,"") 17 IF(L33<>"?",CODE(L33)-65,"") 5 IF(M33<>"?",CODE(M33)-65,"") 0 IF(N33<>"?",CODE(N33)-65,"") 23 IF(O33<>"?",CODE(O33)-65,"") 24 IF(P33<>"?",CODE(P33)-65,"") 20 IF(Q33<>"?",CODE(Q33)-65,"") 18 IF(R33<>"?",CODE(R33)-65,"") 3 IF(S33<>"?",CODE(S33)-65,"") 9 IF(T33<>"?",CODE(T33)-65,"") 10 IF(U33<>"?",CODE(U33)-65,"") 25 IF(V33<>"?",CODE(V33)-65,"") 11 IF(W33<>"?",CODE(W33)-65,"") 3 IF(X33<>"?",CODE(X33)-65,"") 10 IF(Y33<>"?",CODE(Y33)-65,"") 17 IF(Z33<>"?",CODE(Z33)-65,"") 13 IF(AA33<>"?",CODE(AA33)-65,"") 18 IF(AB33<>"?",CODE(AB33)-65,"") 7 IF(AC33<>"?",CODE(AC33)-65,"") 6 IF(AD33<>"?",CODE(AD33)-65,"") 13 IF(AE33<>"?",CODE(AE33)-65,"") 5 IF(AF33<>"?",CODE(AF33)-65,"") 8 IF(AG33<>"?",CODE(AG33)-65,"") 21 AVERAGE(AJ33:BN33) 12.419354838709678 
 2 292 141 105 139 124 139 128 111 139 122 139 106 105 128 106 129 129 124 109 123 106 141 105 139 124 110 112 105 109 132 110 138 IF(C34<>"?",CODE(C34)-65,"") 9 24 16 19 16 20 23 16 1 16 21 24 20 21 11 11 19 17 4 21 9 24 16 19 12 10 24 17 3 12 5 AVERAGE(AJ34:BN34) 15.483870967741936 
 3 135 106 138 107 141 128 132 123 123 130 142 125 123 124 142 105 106 134 125 130 112 112 139 123 124 134 138 139 141 126 136 123 21 5 15 9 20 3 4 4 7 25 22 4 19 25 24 21 6 22 7 10 10 16 4 19 6 5 16 9 13 2 4 12.161290322580646 
 4 134 134 125 130 112 112 108 132 139 110 136 107 138 139 142 132 139 110 110 133 131 134 107 138 111 130 139 109 129 134 124 6 6 22 7 10 10 3 16 12 2 15 5 16 25 3 16 12 12 8 0 6 15 5 23 7 16 17 11 6 19 11.033333333333333 
 5 104 110 106 110 142 141 131 126 139 129 106 112 139 123 132 131 134 132 106 138 109 107 141 128 126 134 123 128 126 131 139 142 12 21 12 25 9 0 13 16 11 21 10 16 4 3 0 6 3 21 5 17 15 9 20 13 6 4 20 13 0 16 25 11.806451612903226 
 6 134 142 129 123 136 134 105 128 111 128 123 123 126 141 124 122 141 129 122 139 136 109 124 122 141 132 138 130 109 109 105 6 25 11 4 2 6 24 20 23 20 4 4 13 9 19 1 9 11 1 16 2 17 19 1 9 3 5 7 17 17 24 11.258064516129032 
 7 133 142 123 124 112 142 123 110 106 132 128 138 112 127 141 130 112 138 125 130 112 128 125 139 129 127 142 138 124 133 130 8 25 4 19 10 25 4 12 21 3 20 5 10 18 9 7 10 5 22 7 10 20 22 16 11 18 25 5 19 8 7 13.064516129032258 
 8 130 132 132 132 128 106 130 108 132 125 112 122 138 128 138 107 125 126 124 132 138 133 105 136 128 139 142 123 109 123 123 7 3 3 3 20 21 7 3 22 10 1 5 20 5 15 22 13 19 3 5 8 24 2 20 16 25 4 17 4 4 11.033333333333333 
 9 106 129 132 112 138 123 142 110 137 139 139 141 129 124 124 128 134 127 105 139 107 138 123 128 126 129 131 106 133 132 111 21 11 3 10 5 4 25 12 14 16 16 9 11 19 19 20 6 18 24 16 15 5 4 20 13 11 0 21 8 3 23 12.96774193548387 
 10 138 129 134 134 124 123 142 108 138 112 142 122 127 138 132 139 106 134 137 134 133 107 128 138 111 130 130 132 109 112 138 5 11 6 6 19 4 25 5 10 25 1 18 5 3 16 21 6 14 6 8 15 20 5 23 7 7 3 17 10 5 10.866666666666667 
 11 138 130 139 126 124 134 107 128 131 123 136 126 128 106 107 132 141 110 139 136 129 139 128 110 128 126 123 132 138 139 123 5 7 16 13 19 6 15 20 0 4 2 13 20 21 15 3 9 12 16 2 11 16 20 12 20 13 4 3 5 16 4 11.03225806451613 
 12 129 142 142 106 109 109 134 112 138 138 106 137 123 123 111 122 132 110 106 107 126 138 139 111 123 142 129 134 109 123 132 11 25 25 21 17 17 6 10 5 5 21 14 4 4 23 1 3 12 21 15 13 5 16 23 4 25 11 6 17 4 3 12.483870967741936 
 13 126 139 138 110 107 126 142 134 129 138 129 107 110 109 141 139 105 131 129 110 134 126 128 106 107 132 111 106 112 107 132 13 16 5 12 15 13 25 6 11 5 11 15 12 17 9 16 24 0 11 12 6 13 20 21 15 3 23 21 10 15 3 12.838709677419354 
 14 139 128 110 123 122 123 132 110 130 132 131 138 110 141 134 142 126 128 107 129 134 123 25 26 141 129 129 131 123 124 134 16 20 12 4 1 4 3 12 7 3 0 5 12 9 6 25 13 20 15 11 6 4 18 22 9 11 11 0 4 19 6 9.935483870967742 
 
 1 123 126 132 105 131 130 109 137 130 126 129 127 109 130 123 137 136 107 124 123 137 133 122 133 132 105 127 130 126 131 133 IF(C48<>"?",CODE(C48)-65,"") 4 IF(D48<>"?",CODE(D48)-65,"") 13 IF(E48<>"?",CODE(E48)-65,"") 3 IF(F48<>"?",CODE(F48)-65,"") 24 IF(G48<>"?",CODE(G48)-65,"") 0 IF(H48<>"?",CODE(H48)-65,"") 7 IF(I48<>"?",CODE(I48)-65,"") 17 IF(J48<>"?",CODE(J48)-65,"") 14 IF(K48<>"?",CODE(K48)-65,"") 7 IF(L48<>"?",CODE(L48)-65,"") 13 IF(M48<>"?",CODE(M48)-65,"") 11 IF(N48<>"?",CODE(N48)-65,"") 18 IF(O48<>"?",CODE(O48)-65,"") 17 IF(P48<>"?",CODE(P48)-65,"") 7 IF(Q48<>"?",CODE(Q48)-65,"") 4 IF(R48<>"?",CODE(R48)-65,"") 14 IF(S48<>"?",CODE(S48)-65,"") 2 IF(T48<>"?",CODE(T48)-65,"") 15 IF(U48<>"?",CODE(U48)-65,"") 19 IF(V48<>"?",CODE(V48)-65,"") 4 IF(W48<>"?",CODE(W48)-65,"") 14 IF(X48<>"?",CODE(X48)-65,"") 8 IF(Y48<>"?",CODE(Y48)-65,"") 1 IF(Z48<>"?",CODE(Z48)-65,"") 8 IF(AA48<>"?",CODE(AA48)-65,"") 3 IF(AB48<>"?",CODE(AB48)-65,"") 24 IF(AC48<>"?",CODE(AC48)-65,"") 18 IF(AD48<>"?",CODE(AD48)-65,"") 7 IF(AE48<>"?",CODE(AE48)-65,"") 13 IF(AF48<>"?",CODE(AF48)-65,"") 0 IF(AG48<>"?",CODE(AG48)-65,"") 8 AVERAGE(AJ48:BN48) 10.225806451612904 
 2 131 136 130 124 126 109 123 105 128 129 132 127 129 129 127 129 129 126 137 130 127 126 137 127 110 109 125 111 110 126 123 0 2 7 19 13 17 4 24 20 11 3 18 11 11 18 11 11 13 14 7 18 13 14 18 12 17 22 23 12 13 4 12.903225806451612 
 3 124 107 109 126 134 131 124 133 130 126 109 131 109 107 123 127 129 126 126 123 129 123 122 129 107 133 133 131 136 131 123 19 15 17 13 6 0 19 8 7 13 17 0 17 15 4 18 11 13 13 4 11 4 1 11 15 8 8 0 2 0 4 9.4516129032258061 
 4 125 110 124 125 126 132 133 124 123 123 126 109 131 130 136 124 123 126 123 128 132 109 123 124 126 130 131 123 137 123 124 22 12 19 22 13 3 8 19 4 4 13 17 0 7 2 19 4 13 4 20 3 17 4 19 13 7 0 4 14 4 19 10.612903225806452 
 5 138 137 129 127 123 132 124 133 125 123 126 130 131 123 133 137 105 124 123 105 139 130 123 123 126 136 124 131 105 136 109 5 14 11 18 4 3 19 8 22 4 13 7 0 4 8 14 24 19 4 24 16 7 4 4 13 2 19 0 24 2 17 10.741935483870968 
 6 123 133 138 124 122 109 127 107 131 110 130 130 123 125 123 126 131 124 131 110 131 124 123 134 105 123 123 109 129 122 124 4 8 5 19 1 17 18 15 0 12 7 7 4 22 4 13 0 19 0 12 0 19 4 6 24 4 4 17 11 1 19 9.5483870967741939 
 7 123 123 138 137 131 127 138 133 137 124 128 123 124 128 131 123 137 124 137 131 109 110 131 123 123 109 124 126 109 124 133 4 4 5 14 0 18 5 8 14 19 20 4 19 20 0 4 14 19 14 0 17 12 0 4 4 17 19 13 17 19 8 10.806451612903226 
 8 122 127 123 132 132 126 133 131 131 130 124 124 110 127 124 123 125 107 133 123 109 137 131 134 109 133 123 125 138 123 122 1 18 4 3 3 13 8 0 0 7 19 19 12 18 19 4 22 15 8 4 17 14 0 6 17 8 4 22 5 4 1 9.5161290322580641 
 9 131 123 136 124 132 132 130 133 129 136 123 133 130 127 133 124 123 134 137 123 131 137 127 132 132 109 105 132 129 137 109 0 4 2 19 3 3 7 8 11 2 4 8 7 18 8 19 4 6 14 4 0 14 18 3 3 17 24 3 11 14 17 8.870967741935484 
 10 133 124 109 112 129 110 129 123 130 131 134 124 132 130 131 109 132 107 126 123 137 130 110 134 138 110 138 123 128 130 123 8 19 17 10 11 12 11 4 7 0 6 19 3 7 0 17 3 15 13 4 14 7 12 6 5 12 5 4 20 7 4 9.0967741935483879 
 11 123 136 132 110 109 133 107 138 123 133 110 123 130 126 129 127 127 124 124 109 124 106 132 137 130 125 57 140 27 58 28 4 2 3 12 17 8 15 5 4 8 12 4 7 13 11 18 18 19 19 17 19 21 3 14 7 22 14 1 10 17 11.466666666666667 
 12 128 137 111 137 134 130 128 129 122 127 137 129 133 138 122 122 125 138 129 109 106 139 139 107 109 126 134 112 127 127 137 20 14 23 14 6 7 20 11 1 18 14 11 8 5 1 1 22 5 11 17 21 16 16 15 17 13 6 10 18 18 14 12.67741935483871 
 13 124 125 124 139 127 141 139 127 127 123 112 142 142 125 131 124 141 112 129 128 132 133 131 125 133 126 138 122 126 105 107 19 22 19 16 18 9 16 18 18 4 10 25 25 22 0 19 9 10 11 20 3 8 0 22 8 13 5 1 13 24 15 13.612903225806452 
 14 106 124 124 110 142 138 107 112 125 134 132 112 142 111 124 141 136 132 133 134 112 128 130 128 131 128 123 112 136 131 109 21 19 19 12 25 5 15 10 22 6 3 10 25 23 19 9 2 3 8 6 10 20 7 20 0 20 4 10 2 0 17 12 
 AVERAGE(AJ32:AJ61) 9.5172413793103452 AVERAGE(AK32:AK61) 13.068965517241379 11.275862068965518 12.96551724137931 10.448275862068966 9.2413793103448274 13.857142857142858 11.185185185185185 9.8965517241379306 10.275862068965518 11.275862068965518 11.310344827586206 11.896551724137931 14.241379310344827 10.310344827586206 11.862068965517242 11.482758620689655 13.137931034482758 12.655172413793103 10.96551724137931 10.241379310344827 12.758620689655173 11.793103448275861 12.793103448275861 12.241379310344827 12.068965517241379 12.785714285714286 10.172413793103448 11.655172413793103 9.862068965517242 12 
 
## xl/worksheets/sheet3.xml
 
 1 59 MID(B1,2,1) B CODE(C1)-65 1 AVERAGE(D1:D24) 12.083333333333334 MID(B1,LEN(B1),1) N CODE(F1)-65 13 AVERAGE(G1:G24) 10.541666666666666 29 35 CODE(I1)-65 13 CODE(J1)-65 1 MOD(K1-L1,26) 12 
 2 60 MID(B2,2,1) S CODE(C2)-65 18 AVERAGE(D2:D25) 13 MID(B2,LEN(B2),1) E CODE(F2)-65 4 AVERAGE(G2:G25) 10.958333333333334 30 36 CODE(I2)-65 24 CODE(J2)-65 4 MOD(K2-L2,26) 20 
 3 61 S 18 12.583333333333334 G 6 11.333333333333334 31 37 15 17 MOD(K3-L3,26) 24 
 4 62 A 0 12.75 D 3 11.833333333333334 32 71 21 11 10 
 5 63 T 19 13 E 4 11.833333333333334 33 72 19 8 11 
 6 64 A 0 12.208333333333334 E 4 11.791666666666666 34 73 19 13 6 
 7 65 O 14 13 F 5 11.75 
 8 66 L 11 13.25 T 19 11.666666666666666 
 9 287 L 11 13.583333333333334 S 18 11.458333333333334 
 10 288 N 13 13.125 E 4 11.25 
 11 289 I 8 13.416666666666666 N 13 11.625 
 12 290 I 8 13.541666666666666 T 19 11.625 
 13 291 W 22 13.333333333333334 S 18 11.583333333333334 
 14 253 T 19 12.875 Y 24 11.833333333333334 
 15 254 I 8 12.5 E 4 11.75 
 16 255 H 7 12.166666666666666 S 18 12.375 
 17 256 T 19 12.666666666666666 T 19 12.375 
 18 257 P 15 12.625 E 4 11.708333333333334 
 19 258 T 19 12.333333333333334 Y 24 12.291666666666666 
 20 259 U 20 11.583333333333334 D 3 11.416666666666666 
 21 63 T 19 11.333333333333334 E 4 12.083333333333334 
 22 260 E 4 11.333333333333334 S 18 12.083333333333334 
 23 261 M 12 11.916666666666666 C 2 11.5 
 24 262 F CODE(C24)-65 5 12.333333333333334 D 3 12 
 25 263 X CODE(C25)-65 23 12.541666666666666 X 23 12.625 
 26 264 I 8 12.375 N 13 11.833333333333334 
 27 291 W 22 12.208333333333334 S 18 12.083333333333334 
 28 265 G 6 11.75 D 3 11.875 
 29 62 A 0 12.083333333333334 D 3 12.75 
 30 266 T 19 13 D 3 13.541666666666666 
 31 267 U 20 13 D 3 14.166666666666666 
 32 268 T 19 13.083333333333334 O 14 14.791666666666666 
 33 269 A 0 12.583333333333334 N 13 14.958333333333334 
 34 270 U 20 13.041666666666666 N 13 15.208333333333334 
 35 271 L 11 12.708333333333334 N 13 14.833333333333334 
 36 272 D 3 13.041666666666666 S 18 15.291666666666666 
 37 273 L 11 13.083333333333334 Y 24 15.333333333333334 
 38 274 K 10 12.75 W 22 15.083333333333334 
 39 275 A 0 12.541666666666666 T 19 15.166666666666666 
 40 276 T 19 13.291666666666666 S 18 14.916666666666666 
 41 277 S 18 13 D 3 14.916666666666666 
 42 278 I 8 13 S 18 15.75 
 43 279 B 1 13.291666666666666 D 3 15.791666666666666 
 44 280 O 14 13.458333333333334 T 19 15.833333333333334 
 45 281 T 19 13.625 E 4 15.791666666666666 
 46 282 S 18 13.375 E 4 15.916666666666666 
 47 4 W 22 13.375 O 14 16.75 
 48 5 K 10 12.625 S 18 16.958333333333332 
 49 63 T 19 12.416666666666666 E 4 17.208333333333332 
 50 6 E 4 11.833333333333334 T 19 17.75 
 51 271 L 11 12.583333333333334 N 13 17.75 
 52 7 O 14 12.583333333333334 Y 24 17.916666666666668 
 53 8 W 22 12.791666666666666 W 22 17.5 
 54 276 T 19 12.625 S 18 17.583333333333332 
 55 291 W 22 11.958333333333334 S 18 17.833333333333332 
 56 9 H 7 11.833333333333334 S 18 17.25 
 57 10 L 11 12.25 T 19 17.25 
 58 11 M 12 12.375 E 4 16.666666666666668 
 59 12 T 19 12.5 Y 24 16.666666666666668 
 60 323 E 4 11.833333333333334 T 19 16.416666666666668 
 61 324 D 3 12.458333333333334 S 18 16.416666666666668 
 62 325 F 5 12.5 Y 24 15.791666666666666 
 63 326 S 18 12.75 N 13 15.5 
 64 327 M 12 12.625 S 18 15.75 
 65 328 S 18 12.25 X 23 16 
 66 329 MID(B66,2,1) P 15 AVERAGE(D66:D89) 12.416666666666666 MID(B66,LEN(B66),1) T CODE(F66)-65 19 AVERAGE(G66:G89) 15.791666666666666 
 67 330 F 5 12.5 E 4 15.125 
 68 331 S 18 13.208333333333334 S 18 15.25 
 69 332 N 13 13.25 H 7 14.75 
 70 333 S 18 13 Y 24 15.208333333333334 
 71 323 E 4 12.583333333333334 T 19 14.541666666666666 
 72 334 F 5 12.916666666666666 Y 24 13.916666666666666 
 73 335 F 5 12.708333333333334 R 17 12.916666666666666 
 74 336 W 22 13.291666666666666 T 19 13.208333333333334 
 75 337 L 11 12.416666666666666 R 17 12.708333333333334 
 76 338 T 19 12.291666666666666 O 14 12.541666666666666 
 77 339 S 18 12.333333333333334 Y 24 12.666666666666666 
 78 340 D 3 12.041666666666666 Y 24 12.458333333333334 
 79 63 T 19 12.208333333333334 E 4 11.583333333333334 
 80 341 R 17 11.5 S 18 12.125 
 81 65 O 14 11.583333333333334 F 5 11.916666666666666 
 82 342 P 15 11.916666666666666 E 4 11.958333333333334 
 83 343 D 3 11.583333333333334 S 18 11.958333333333334 
 84 256 T 19 11.791666666666666 T 19 11.333333333333334 
 85 344 E 4 11.083333333333334 D 3 11 
 86 345 L 11 10.916666666666666 R 17 11.363636363636363 
 87 346 P 15 11.083333333333334 T 19 11.095238095238095 
 88 347 D 3 10.75 Y 24 10.7 
 89 291 W CODE(C89)-65 22 10.625 S 18 10 
 90 348 R 17 9.875 D 3 9.5555555555555554 
 91 349 W 22 9.375 H 7 9.9411764705882355 
 92 350 T 19 8.5416666666666661 G 6 10.125 
 93 351 H 7 7.833333333333333 S 18 10.4 
 94 352 I 8 7.75 I 8 9.8571428571428577 
 95 353 M 12 7.625 E 4 10 
 96 354 A 0 7.166666666666667 A 0 10.5 
 97 167 T 19 7.791666666666667 Y 24 11.454545454545455 
 98 168 B 1 7.125 H 7 10.199999999999999 
 99 169 I 8 7.791666666666667 N 13 10.555555555555555 
 100 170 U 20 8.375 R 17 10.25 
 101 171 L 11 7.708333333333333 T 19 9.2857142857142865 
 102 172 H 7 7.75 D 3 7.666666666666667 
 103 173 C 2 7.541666666666667 R 17 8.6 
 104 174 T 19 8.4583333333333339 N 13 6.5 
 105 79 W 22 8.4166666666666661 G 6 4.333333333333333 
 106 80 H 7 7.5 E 4 3.5 
 107 81 I 8 7.875 D 3 3 
 108 82 C 2 E 
 109 62 A 0 D 
 110 83 P 15 D 
 111 84 H 7 T 
 112 85 A 0 R 
 113 86 E 4 G 
 114 87 F 5 M 
 115 88 C 2 R 
 116 89 C 2 D 
 117 90 F 5 E 
 118 91 F 5 R 
 119 92 B 1 T 
 120 93 P 15 Y 
 121 94 D 3 S 
 122 95 R 17 M 
 123 96 W 22 N 
 124 97 E 4 D 
 125 98 M 12 T 
 126 99 C 2 N 
 127 100 Y 24 U 
 128 101 S 18 E 
 129 102 A 0 G 
 130 103 MID(B130,2,1) Q 16 MID(B130,LEN(B130),1) Q 
 
## xl/worksheets/sheet4.xml
 
 18 24 17 19 20 21 22 23 299 298 302 303 305 304 
 1 1 74 MID(B2,LEN(B2),1) N CODE(H2)-65 13 AVERAGE(I2:I25) 10.708333333333334 
 1+A2 2 75 MID(B3,LEN(B3),1) E CODE(H3)-65 4 AVERAGE(I3:I26) 10.25 14 MOD(K3-I3,26) 10 AVERAGE(K3:K26) 11.291666666666666 AVERAGE(L3:L26) 11.875 CHAR(L3+65) K 
 1+A3 3 76 G 6 10.208333333333334 1 MOD(K4-I4,26) 21 AVERAGE(K4:K27) 11.583333333333334 AVERAGE(L4:L27) 12.208333333333334 CHAR(L4+65) V 
 4 77 D 3 10.916666666666666 10 7 12.208333333333334 12.125 H 
 5 78 E 4 10.958333333333334 17 13 12.458333333333334 12.333333333333334 N 
 6 38 E 4 11.333333333333334 20 16 12.375 11.875 Q 
 7 39 F 5 11.916666666666666 14 9 12.25 12.25 J 
 8 40 T 19 11.833333333333334 23 4 12.208333333333334 12.291666666666666 E 
 9 41 S 18 11.166666666666666 14 22 11.5 12.25 W 
 10 78 E 4 10.541666666666666 6 2 11.333333333333334 11.625 C 
 11 42 E 4 10.5 7 3 11.833333333333334 12.166666666666666 D 
 12 39 F 5 10.916666666666666 20 15 12.291666666666666 12.208333333333334 P 
 13 43 N 13 11.25 11 24 12.041666666666666 11.625 Y 
 14 44 T 19 11.25 1 8 12.375 10.875 I 
 15 45 S 18 11 18 0 13.25 10.916666666666666 A 
 16 46 Y 24 11.208333333333334 14 16 13.291666666666666 11.833333333333334 Q 
 17 47 E 4 10.958333333333334 11 7 13.375 12.166666666666666 H 
 18 48 S 18 11.791666666666666 8 16 13.666666666666666 12.708333333333334 Q 
 19 49 T 19 11.958333333333334 5 12 13.708333333333334 12.583333333333334 M 
 20 243 244 20 F45-F21 24 E 4 11.958333333333334 1 23 14.166666666666666 13.041666666666666 X 
 21 50 Y 24 12.541666666666666 1 3 14.875 12.083333333333334 D 
 22 51 D 3 12.541666666666666 22 19 15.583333333333334 12.791666666666666 T 
 23 78 E 4 12.541666666666666 5 1 14.833333333333334 12.041666666666666 B 
 24 52 S 18 13.125 11 19 15.041666666666666 12.75 T 
 25 53 C 2 12.5 17 15 15.625 12.875 P 
 26 54 D 3 13.208333333333334 21 18 15.958333333333334 12.5 S 
 27 111 250 22 D40-D28 17 X 23 13.25 16 19 16 12.5 T 
 28 78 E 4 12.458333333333334 16 12 15.333333333333334 12.625 M 
 29 55 N 13 13.25 15 2 15.458333333333334 13.041666666666666 C 
 30 45 S 18 13.291666666666666 17 25 15.208333333333334 13.833333333333334 Z 
 31 56 D 3 13.291666666666666 13 10 14.916666666666666 13.541666666666666 K 
 32 77 D 3 13.333333333333334 6 3 14.833333333333334 13.416666666666666 D 
 33 311 D 3 14 10 7 15.416666666666666 13.333333333333334 H 
 34 312 D 3 14.416666666666666 18 15 15.125 13.708333333333334 P 
 35 313 O 14 15.291666666666666 18 4 14.708333333333334 13.5 E 
 36 314 N 13 15.625 14 1 13.958333333333334 13.5 B 
 37 315 N 13 15.833333333333334 19 6 14.291666666666666 13.625 G 
 38 316 N 13 16.041666666666668 22 9 13.833333333333334 14.041666666666666 J 
 39 111 247 39 D53-D40 13 X 23 16.25 19 22 13.458333333333334 14.541666666666666 W 
 40 317 S 18 16.083333333333332 16 24 12.875 14.125 Y 
 41 318 Y 24 15.5 18 20 12.25 14.083333333333334 U 
 42 319 W 22 15.458333333333334 9 13 12.041666666666666 13.916666666666666 N 
 43 320 T 19 15.541666666666666 16 23 12.666666666666666 13.375 X 
 44 301 300 44 44 F58-F45 13 S 18 15.541666666666666 18 0 12.625 13.333333333333334 A 
 45 50 Y 24 15.541666666666666 18 20 12.75 13.458333333333334 U 
 46 321 D 3 15.541666666666666 4 1 12.791666666666666 13.5 B 
 47 322 S 18 15.958333333333334 10 18 13.416666666666666 13.708333333333334 S 
 48 145 D 3 15.958333333333334 25 22 13.5 13.791666666666666 W 
 49 146 T 19 16.791666666666668 25 6 13.5 12.958333333333334 G 
 50 147 E 4 16.791666666666668 22 18 12.666666666666666 13.208333333333334 S 
 51 148 E 4 16.791666666666668 0 22 12.375 12.916666666666666 W 
 52 111 248 52 D66-D53 13 X 23 17.375 19 22 12.791666666666666 12.75 W 
 53 149 O 14 16.708333333333332 9 21 12.916666666666666 12.458333333333334 V 
 54 150 S 18 17.125 10 18 12.791666666666666 11.916666666666666 S 
 55 78 E 4 16.916666666666668 11 7 12.5 11.833333333333334 H 
 56 151 T 19 17.5 20 1 12.458333333333334 12.291666666666666 B 
 57 246 245 57 E165-F58 107 N 13 17.5 3 16 12.666666666666666 12.5 Q 
 58 152 Y 24 17.708333333333332 8 10 13.5 12.041666666666666 K 
 59 153 W 22 17.708333333333332 0 4 13.958333333333334 12.5 E 
 60 154 S 18 17.5 22 4 14.333333333333334 13.083333333333334 E 
 61 45 S 18 17.5 8 16 13.5 13.333333333333334 Q 
 62 155 S 18 17.541666666666668 13 21 13.291666666666666 13.083333333333334 V 
 63 156 T 19 17.75 5 12 13.083333333333334 12.666666666666666 M 
 64 157 E 4 17.666666666666668 1 23 13.125 12.791666666666666 X 
 65 111 247 65 X 23 18.083333333333332 13 16 13.5 12.75 Q 
 66 226 MID(B67,LEN(B67),1) Y CODE(H67)-65 24 AVERAGE(I67:I90) 18.125 24 0 13.791666666666666 13 A 
 1+A67 67 227 T 19 18.125 15 MOD(K68-I68,26) 22 AVERAGE(K68:K91) 13.083333333333334 AVERAGE(L68:L91) 13.375 CHAR(L68+65) W 
 68 228 S 18 18.333333333333332 21 3 13.291666666666666 13.375 D 
 69 229 Y 24 17.75 19 21 12.416666666666666 14.166666666666666 V 
 70 230 N 13 17.5 19 6 12.458333333333334 13.375 G 
 71 231 S 18 17.166666666666668 12 20 11.833333333333334 14.166666666666666 U 
 72 232 X 23 16.583333333333332 25 2 11.75 13.583333333333334 C 
 73 233 T 19 16.375 5 12 10.791666666666666 13.916666666666666 M 
 74 234 E 4 16.375 15 11 10.583333333333334 13.708333333333334 L 
 75 235 S 18 16.333333333333332 10 18 10.666666666666666 13.833333333333334 S 
 76 236 H 7 15.75 22 15 CHAR(L77+65) P 
 77 237 Y 24 16.166666666666668 6 8 CHAR(L78+65) I 
 78 230 N 13 15.958333333333334 3 16 Q 
 79 228 S 18 15.625 10 18 S 
 80 227 T 19 15.041666666666666 25 6 G 
 81 231 S 18 15.25 23 5 F 
 82 238 Y 24 15.25 19 21 V 
 83 239 R 17 14.375 9 18 S 
 84 235 S 18 13.958333333333334 2 10 K 
 85 240 T 19 13.458333333333334 3 10 K 
 86 111 249 86 D159-D87 72 X 23 13.416666666666666 8 11 L 
 87 241 R 17 12.791666666666666 6 15 P 
 88 242 O 14 12.25 10 22 W 
 89 251 Y 24 11.666666666666666 20 22 W 
 90 252 Y 24 11.666666666666666 7 9 J 
 91 251 Y 24 10.958333333333334 20 22 W 
 92 78 E 4 10.5 0 22 W 
 93 175 S 18 10.5 20 2 C 
 94 39 F 5 10.458333333333334 4 25 Z 
 95 176 E 4 11.041666666666666 10 6 G 
 96 177 S 18 11 2 10 K 
 97 49 T 19 10.958333333333334 0 7 H 
 98 178 D 3 10.291666666666666 17 14 
 99 78 E 4 10.708333333333334 
 100 179 R 17 10.791666666666666 
 101 180 T 19 10.25 
 102 39 F 5 9.625 
 103 78 E 4 9.4166666666666661 
 104 181 Y 24 9.4166666666666661 
 105 45 S 18 8.75 
 106 182 D 3 8.125 
 107 183 H 7 8.1666666666666661 
 108 184 G 6 8.0416666666666661 
 109 185 S 18 7.916666666666667 
 110 133 I 8 7.291666666666667 
 111 186 E 4 7.5 
 112 131 A 0 7.5 
 113 187 Y 24 8.2916666666666661 
 114 188 H 7 8 
 115 189 N 13 7.958333333333333 
 116 78 E 4 7.916666666666667 
 117 190 R 17 7.916666666666667 
 118 191 T 19 7.916666666666667 
 119 192 D 3 7.25 
 120 193 R 17 7.291666666666667 
 121 77 D 3 6.75 
 122 194 N 13 7.208333333333333 
 123 195 G 6 7.375 
 124 78 E 4 7.916666666666667 
 125 196 E 4 8.75 
 126 131 A 0 9.3333333333333339 
 127 197 E 4 9.5416666666666661 
 128 133 I 8 9.5416666666666661 
 129 198 D 3 9.7083333333333339 
 130 78 MID(B131,LEN(B131),1) E CODE(H131)-65 4 AVERAGE(I131:I154) 10.125 
 1+A131 131 199 E 4 10.083333333333334 
 132 77 D 3 10.416666666666666 
 133 200 D 3 10.458333333333334 
 134 189 N 13 11.125 
 135 78 E 4 11.541666666666666 
 136 201 T 19 11.916666666666666 
 137 202 R 17 11.958333333333334 
 138 203 G 6 11.416666666666666 
 139 204 M 12 11.416666666666666 
 140 78 E 4 11.583333333333334 
 141 205 R 17 
 142 206 D 3 
 143 78 E 4 
 144 207 E 4 
 145 313 O 14 
 146 208 R 17 
 147 209 T 19 
 148 114 Y 24 
 149 115 S 18 
 150 39 F 5 
 151 78 E 4 
 152 116 M 12 
 153 117 N 13 
 154 118 D 3 
 155 204 M 12 
 156 78 E 4 
 157 119 T 19 
 158 111 250 158 X 23 
 159 120 N 13 
 160 121 U 20 
 161 13 E 4 
 162 14 G 6 
 163 15 Q 16 
 164 294 16 164 ? 
 
## xl/worksheets/sheet5.xml
 
 18 24 17 19 20 21 22 23 299 306 307 310 308 309 3 302 303 305 304 
 1 1 74 MID(B2,LEN(B2),1) N CODE(H2)-65 13 13 4 AVERAGE(I2:I25) 10.708333333333334 AVERAGE(J2:J25) 12.958333333333334 AVERAGE(K2:K25) 10.25 14 MOD(P2-I2,26) 1 AVERAGE(P2:P25) 11.291666666666666 AVERAGE(Q2:Q25) 13.583333333333334 CHAR(Q2+65) B MOD(P2-I3,26) 10 CHAR(U2+65) K W2 K 
 1+A2 2 75 MID(B3,LEN(B3),1) E CODE(H3)-65 4 6 3 AVERAGE(I3:I26) 10.25 AVERAGE(J3:J26) 13.208333333333334 AVERAGE(K3:K26) 10.25 1 MOD(P3-I3,26) 23 AVERAGE(P3:P26) 11.583333333333334 14.333333333333334 CHAR(Q3+65) X MOD(P3-I4,26) 21 CHAR(U3+65) V X2&W3 KV 
 1+A3 3 76 G 6 4 4 10.208333333333334 13.125 11.083333333333334 10 4 12.208333333333334 13.916666666666666 E 7 H X3&W4 KVH 
 4 77 D 3 5 19 10.916666666666666 13.541666666666666 11.666666666666666 17 14 12.458333333333334 14.541666666666666 O 13 N KVHN 
 5 78 E 4 18 4 10.958333333333334 13.5 11.666666666666666 20 16 12.375 14.416666666666666 Q 16 Q KVHNQ 
 6 38 E 4 4 5 11.333333333333334 13.291666666666666 12.5 14 10 12.25 13.916666666666666 K 9 J KVHNQJ 
 7 39 F 5 13 19 11.916666666666666 14.041666666666666 13.041666666666666 23 18 12.208333333333334 14.375 S 4 E KVHNQJE 
 8 40 T 19 18 24 11.833333333333334 14.25 13 14 21 11.5 13.75 V 22 W KVHNQJEW 100-14 86 
 9 41 S 18 4 18 11.166666666666666 14.291666666666666 12.166666666666666 6 14 11.333333333333334 13.166666666666666 O 2 C KVHNQJEWC 86/3 28.666666666666668 
 10 78 E 4 19 4 10.541666666666666 15.083333333333334 12.416666666666666 7 3 11.833333333333334 13.208333333333334 D 3 D KVHNQJEWCD 
 11 42 E 4 24 3 10.5 15.083333333333334 13 20 16 12.291666666666666 13.708333333333334 Q 15 P KVHNQJEWCDP 
 12 39 F 5 4 18 10.916666666666666 15.083333333333334 13.416666666666666 11 6 12.041666666666666 13.041666666666666 G 24 Y KVHNQJEWCDPY 
 13 43 N 13 2 3 11.25 15.666666666666666 13.625 1 14 12.375 13.041666666666666 O 8 I KVHNQJEWCDPYI 
 14 44 T 19 23 4 11.25 16.375 13.666666666666666 0 18 25 13.25 12.833333333333334 Z 0 A KVHNQJEWCDPYIA 
 15 45 S 18 13 18 11 16.166666666666668 13.791666666666666 1 14 22 13.291666666666666 12.041666666666666 W 16 Q KVHNQJEWCDPYIAQ 
 16 46 Y 24 3 3 11.208333333333334 16.625 13.583333333333334 0 11 13 13.375 11.916666666666666 N 7 H KVHNQJEWCDPYIAQH 
 17 47 E 4 3 3 10.958333333333334 17.25 14.25 0 8 4 13.666666666666666 11.375 E 16 Q KVHNQJEWCDPYIAQHQ 
 18 48 S 18 14 13 11.791666666666666 17.875 15.125 1 5 13 AVERAGE(P19:P42) 13.708333333333334 11.666666666666666 N 12 M KVHNQJEWCDPYIAQHQM 
 19 49 T 19 13 13 11.958333333333334 18 15.333333333333334 0 1 8 14.166666666666666 11.958333333333334 I 23 X KVHNQJEWCDPYIAQHQMX 
 20 243 244 20 F45-F21 24 E 4 23 18 11.958333333333334 18.25 15.75 0 1 23 14.875 12.666666666666666 X 3 D KVHNQJEWCDPYIAQHQMXD 
 21 50 Y 24 24 22 12.541666666666666 18 15.583333333333334 1 22 24 15.583333333333334 11.708333333333334 Y 19 T KVHNQJEWCDPYIAQHQMXDT 
 22 51 D 3 19 18 12.541666666666666 18 15.666666666666666 0 5 2 14.833333333333334 10.958333333333334 C 1 36 B KVHNQJEWCDPYIAQHQMXDTB 
 23 78 E 4 24 3 12.541666666666666 18.208333333333332 15.083333333333334 0 11 7 15.041666666666666 11.166666666666666 H 19 158 T KVHNQJEWCDPYIAQHQMXDTBT 
 24 52 S 18 18 3 13.125 17.958333333333332 15.166666666666666 1 17 25 15.625 11.166666666666666 Z 15 159 P KVHNQJEWCDPYIAQHQMXDTBTP 
 25 53 C 2 19 4 12.5 17.375 15.791666666666666 0 21 19 15.958333333333334 11.041666666666666 T 18 33 S KVHNQJEWCDPYIAQHQMXDTBTPS 
 26 54 D 3 4 23 13.208333333333334 17.375 15.75 0 16 13 16 10.375 N 19 160 T KVHNQJEWCDPYIAQHQMXDTBTPST 
 27 111 250 22 D40-D28 17 X 23 14 18 13.25 17.375 15.5 1 16 19 15.333333333333334 10.75 T 12 161 M KVHNQJEWCDPYIAQHQMXDTBTPSTM 
 28 78 E 4 4 19 12.458333333333334 17.583333333333332 14.958333333333334 0 15 11 15.458333333333334 10.583333333333334 L 2 37 C KVHNQJEWCDPYIAQHQMXDTBTPSTMC 
 29 55 N 13 13 24 13.25 17.583333333333332 15.166666666666666 0 17 4 15.208333333333334 10.625 E 25 33 Z KVHNQJEWCDPYIAQHQMXDTBTPSTMCZ 
 30 45 S 18 22 18 13.291666666666666 17.791666666666668 14.291666666666666 1 13 21 14.916666666666666 11.375 V 10 162 K KVHNQJEWCDPYIAQHQMXDTBTPSTMCZK 
 31 56 D 3 18 18 13.291666666666666 17.166666666666668 13.791666666666666 0 6 3 14.833333333333334 11.291666666666666 D 3 36 D KVHNQJEWCDPYIAQHQMXDTBTPSTMCZKD 
 32 77 D 3 19 4 13.333333333333334 17.166666666666668 13.375 0 10 7 15.416666666666666 11.833333333333334 H 7 158 H KVHNQJEWCDPYIAQHQMXDTBTPSTMCZKDH 
 33 311 D 3 23 24 14 16.541666666666668 13.208333333333334 1 18 15 15.125 11.958333333333334 P 15 159 P KVHNQJEWCDPYIAQHQMXDTBTPSTMCZKDHP 
 34 312 D 3 19 18 14.416666666666666 AVERAGE(J35:J58) 16.583333333333332 AVERAGE(K35:K58) 12.5 0 18 15 AVERAGE(P35:P58) 14.708333333333334 12.208333333333334 P 4 33 E KVHNQJEWCDPYIAQHQMXDTBTPSTMCZKDHPE 
 35 313 O 14 24 13 15.291666666666666 16.333333333333332 11.916666666666666 0 14 0 13.958333333333334 11.666666666666666 A 1 B KVHNQJEWCDPYIAQHQMXDTBTPSTMCZKDHPEB 
 36 314 N 13 18 23 15.625 16.041666666666668 12.166666666666666 1 19 6 14.291666666666666 11.666666666666666 G 6 G KVHNQJEWCDPYIAQHQMXDTBTPSTMCZKDHPEBG 
 37 315 N 13 19 4 15.833333333333334 15.416666666666666 11.916666666666666 0 22 9 13.833333333333334 12.083333333333334 J 9 J KVHNQJEWCDPYIAQHQMXDTBTPSTMCZKDHPEBGJ 
 38 316 N 13 18 7 16.041666666666668 14.75 12.291666666666666 0 19 6 13.458333333333334 12.583333333333334 G 22 W KVHNQJEWCDPYIAQHQMXDTBTPSTMCZKDHPEBGJW 
 39 111 247 39 D53-D40 13 X 23 24 13 16.25 14.25 12.166666666666666 1 16 19 12.875 12.875 T 24 Y KVHNQJEWCDPYIAQHQMXDTBTPSTMCZKDHPEBGJWY 
 40 317 S 18 18 19 16.083333333333332 13.416666666666666 11.625 0 18 0 12.25 12.416666666666666 A 20 U KVHNQJEWCDPYIAQHQMXDTBTPSTMCZKDHPEBGJWYU 
 41 318 Y 24 18 24 15.5 12.833333333333334 11.166666666666666 0 9 11 12.041666666666666 12.791666666666666 L 13 N KVHNQJEWCDPYIAQHQMXDTBTPSTMCZKDHPEBGJWYUN 
 42 319 W 22 17 18 15.458333333333334 12.208333333333334 10.333333333333334 1 16 20 12.666666666666666 12.375 U 23 X KVHNQJEWCDPYIAQHQMXDTBTPSTMCZKDHPEBGJWYUNX 
 43 320 T 19 19 23 15.541666666666666 11.666666666666666 9.7083333333333339 0 18 25 12.625 12.25 Z 0 A KVHNQJEWCDPYIAQHQMXDTBTPSTMCZKDHPEBGJWYUNXA 
 44 301 300 44 44 F58-F45 13 S 18 17 14 15.541666666666666 11 9.2916666666666661 0 18 0 12.75 11.291666666666666 A 20 U KVHNQJEWCDPYIAQHQMXDTBTPSTMCZKDHPEBGJWYUNXAU 
 45 50 Y 24 24 24 15.541666666666666 10.458333333333334 9.5 1 4 6 12.791666666666666 11.333333333333334 G 1 B KVHNQJEWCDPYIAQHQMXDTBTPSTMCZKDHPEBGJWYUNXAUB 
 46 321 D 3 24 4 15.541666666666666 10.166666666666666 8.75 0 10 7 13.416666666666666 11.958333333333334 H 18 S KVHNQJEWCDPYIAQHQMXDTBTPSTMCZKDHPEBGJWYUNXAUBS 
 47 322 S 18 18 5 15.958333333333334 9.6666666666666661 8.75 0 25 7 13.5 12.708333333333334 H 22 W KVHNQJEWCDPYIAQHQMXDTBTPSTMCZKDHPEBGJWYUNXAUBSW 
 48 145 D 3 4 18 15.958333333333334 9.625 8.6666666666666661 1 25 22 13.5 12.708333333333334 W 6 G KVHNQJEWCDPYIAQHQMXDTBTPSTMCZKDHPEBGJWYUNXAUBSWG 
 49 146 T 19 19 3 16.791666666666668 9.625 8.0833333333333339 0 22 3 12.666666666666666 12.125 D 18 S KVHNQJEWCDPYIAQHQMXDTBTPSTMCZKDHPEBGJWYUNXAUBSWGS 
 50 147 E 4 4 17 16.791666666666668 9.4166666666666661 8.6666666666666661 0 0 22 AVERAGE(P51:P74) 12.375 12.916666666666666 W 22 W KVHNQJEWCDPYIAQHQMXDTBTPSTMCZKDHPEBGJWYUNXAUBSWGSW 
 51 148 E 4 19 5 16.791666666666668 10.041666666666666 8.9583333333333339 1 19 15 12.791666666666666 12.25 P 22 W KVHNQJEWCDPYIAQHQMXDTBTPSTMCZKDHPEBGJWYUNXAUBSWGSWW 
 52 111 248 52 D66-D53 13 X 23 4 24 17.375 10 8.9583333333333339 0 9 12 12.916666666666666 11.791666666666666 M 21 V KVHNQJEWCDPYIAQHQMXDTBTPSTMCZKDHPEBGJWYUNXAUBSWGSWWV 
 53 149 O 14 18 3 16.708333333333332 10 8.4583333333333339 0 10 22 12.791666666666666 12.333333333333334 W 18 S KVHNQJEWCDPYIAQHQMXDTBTPSTMCZKDHPEBGJWYUNXAUBSWGSWWVS 
 54 150 S 18 7 6 17.125 9.7916666666666661 8.4583333333333339 1 11 19 12.5 11.625 T 7 H KVHNQJEWCDPYIAQHQMXDTBTPSTMCZKDHPEBGJWYUNXAUBSWGSWWVSH 
 55 78 E 4 18 8 16.916666666666668 10 8.375 0 20 16 12.458333333333334 11.791666666666666 Q 1 B KVHNQJEWCDPYIAQHQMXDTBTPSTMCZKDHPEBGJWYUNXAUBSWGSWWVSHB 
 56 151 T 19 4 0 17.5 10.041666666666666 9 0 3 10 12.666666666666666 11.416666666666666 K 16 Q KVHNQJEWCDPYIAQHQMXDTBTPSTMCZKDHPEBGJWYUNXAUBSWGSWWVSHBQ 
 57 246 245 57 E165-F58 107 N 13 24 7 17.5 10.416666666666666 9.8333333333333339 1 8 21 13.5 11.166666666666666 V 10 K KVHNQJEWCDPYIAQHQMXDTBTPSTMCZKDHPEBGJWYUNXAUBSWGSWWVSHBQK 
 58 152 Y 24 13 4 17.708333333333332 9.5833333333333339 9.7916666666666661 0 0 2 13.958333333333334 10.333333333333334 C 4 E KVHNQJEWCDPYIAQHQMXDTBTPSTMCZKDHPEBGJWYUNXAUBSWGSWWVSHBQKE 
 59 153 W 22 17 19 17.708333333333332 9.7083333333333339 10.043478260869565 0 22 0 14.333333333333334 10.708333333333334 A 4 E KVHNQJEWCDPYIAQHQMXDTBTPSTMCZKDHPEBGJWYUNXAUBSWGSWWVSHBQKEE 
 60 154 S 18 3 17 17.5 1 8 16 13.5 11.166666666666666 Q 16 Q KVHNQJEWCDPYIAQHQMXDTBTPSTMCZKDHPEBGJWYUNXAUBSWGSWWVSHBQKEEQ 
 61 45 S 18 3 13 17.5 0 13 21 13.291666666666666 10.958333333333334 V 21 V KVHNQJEWCDPYIAQHQMXDTBTPSTMCZKDHPEBGJWYUNXAUBSWGSWWVSHBQKEEQV 
 62 155 S 18 6 4 17.541666666666668 0 5 13 13.083333333333334 10.708333333333334 N 12 M KVHNQJEWCDPYIAQHQMXDTBTPSTMCZKDHPEBGJWYUNXAUBSWGSWWVSHBQKEEQVM 
 63 156 T 19 4 0 17.75 1 1 8 13.125 10.541666666666666 I 23 X KVHNQJEWCDPYIAQHQMXDTBTPSTMCZKDHPEBGJWYUNXAUBSWGSWWVSHBQKEEQVMX 
 64 157 E 4 4 8 17.666666666666668 0 13 9 13.5 11 J 16 35 Q KVHNQJEWCDPYIAQHQMXDTBTPSTMCZKDHPEBGJWYUNXAUBSWGSWWVSHBQKEEQVMXQ 
 65 111 247 65 X 23 3 4 18.083333333333332 0 24 1 13.791666666666666 10.875 B 0 36 A KVHNQJEWCDPYIAQHQMXDTBTPSTMCZKDHPEBGJWYUNXAUBSWGSWWVSHBQKEEQVMXQA 
 66 226 MID(B67,LEN(B67),1) Y CODE(H67)-65 24 4 3 AVERAGE(I67:I90) 18.125 1 15 MOD(P67-I67,26) 17 AVERAGE(P67:P90) 13.083333333333334 AVERAGE(Q67:Q90) 11.208333333333334 CHAR(Q67+65) R MOD(P67-I68,26) 22 37 CHAR(U67+65) W KVHNQJEWCDPYIAQHQMXDTBTPSTMCZKDHPEBGJWYUNXAUBSWGSWWVSHBQKEEQVMXQAW 
 1+A67 67 227 T 19 3 13 18.125 0 21 2 13.291666666666666 11.416666666666666 C 3 163 D X67&W68 KVHNQJEWCDPYIAQHQMXDTBTPSTMCZKDHPEBGJWYUNXAUBSWGSWWVSHBQKEEQVMXQAWD 
 68 228 S 18 4 19 18.333333333333332 0 19 1 12.416666666666666 11.416666666666666 B 21 164 V KVHNQJEWCDPYIAQHQMXDTBTPSTMCZKDHPEBGJWYUNXAUBSWGSWWVSHBQKEEQVMXQAWDV 
 69 229 Y 24 17 6 17.75 1 19 21 12.458333333333334 12.041666666666666 V 6 160 G KVHNQJEWCDPYIAQHQMXDTBTPSTMCZKDHPEBGJWYUNXAUBSWGSWWVSHBQKEEQVMXQAWDVG 
 70 230 N 13 12 4 17.5 0 12 25 11.833333333333334 11.666666666666666 Z 20 165 U KVHNQJEWCDPYIAQHQMXDTBTPSTMCZKDHPEBGJWYUNXAUBSWGSWWVSHBQKEEQVMXQAWDVGU 
 71 231 S 18 17 3 17.166666666666668 0 25 7 11.75 10.833333333333334 H 2 163 C KVHNQJEWCDPYIAQHQMXDTBTPSTMCZKDHPEBGJWYUNXAUBSWGSWWVSHBQKEEQVMXQAWDVGUC 
 72 232 X 23 4 4 16.583333333333332 1 5 8 10.791666666666666 11.541666666666666 I 12 161 M KVHNQJEWCDPYIAQHQMXDTBTPSTMCZKDHPEBGJWYUNXAUBSWGSWWVSHBQKEEQVMXQAWDVGUCM 
 73 233 T 19 14 17 16.375 0 15 22 10.583333333333334 11.541666666666666 W 11 165 L KVHNQJEWCDPYIAQHQMXDTBTPSTMCZKDHPEBGJWYUNXAUBSWGSWWVSHBQKEEQVMXQAWDVGUCML 
 74 234 E 4 19 24 16.375 0 10 6 10.666666666666666 11.625 G 18 166 S KVHNQJEWCDPYIAQHQMXDTBTPSTMCZKDHPEBGJWYUNXAUBSWGSWWVSHBQKEEQVMXQAWDVGUCMLS 
 75 235 S 18 18 5 16.333333333333332 1 22 4 CHAR(Q76+65) E 15 P KVHNQJEWCDPYIAQHQMXDTBTPSTMCZKDHPEBGJWYUNXAUBSWGSWWVSHBQKEEQVMXQAWDVGUCMLSP 
 76 236 H 7 4 12 15.75 0 6 25 CHAR(Q77+65) Z 8 I KVHNQJEWCDPYIAQHQMXDTBTPSTMCZKDHPEBGJWYUNXAUBSWGSWWVSHBQKEEQVMXQAWDVGUCMLSPI 
 77 237 Y 24 13 3 16.166666666666668 0 3 5 F 16 Q KVHNQJEWCDPYIAQHQMXDTBTPSTMCZKDHPEBGJWYUNXAUBSWGSWWVSHBQKEEQVMXQAWDVGUCMLSPIQ 
 78 230 N 13 12 4 15.958333333333334 1 10 23 X 18 S KVHNQJEWCDPYIAQHQMXDTBTPSTMCZKDHPEBGJWYUNXAUBSWGSWWVSHBQKEEQVMXQAWDVGUCMLSPIQS 
 79 228 S 18 19 23 15.625 0 25 7 H 6 G KVHNQJEWCDPYIAQHQMXDTBTPSTMCZKDHPEBGJWYUNXAUBSWGSWWVSHBQKEEQVMXQAWDVGUCMLSPIQSG 
 80 227 T 19 13 20 15.041666666666666 0 23 4 E 5 F KVHNQJEWCDPYIAQHQMXDTBTPSTMCZKDHPEBGJWYUNXAUBSWGSWWVSHBQKEEQVMXQAWDVGUCMLSPIQSGF 
 81 231 S 18 4 6 15.25 1 19 1 B 21 V KVHNQJEWCDPYIAQHQMXDTBTPSTMCZKDHPEBGJWYUNXAUBSWGSWWVSHBQKEEQVMXQAWDVGUCMLSPIQSGFV 
 82 238 Y 24 16 15.25 0 9 11 L 18 S KVHNQJEWCDPYIAQHQMXDTBTPSTMCZKDHPEBGJWYUNXAUBSWGSWWVSHBQKEEQVMXQAWDVGUCMLSPIQSGFVS 
 83 239 R 17 14.375 0 2 11 L 10 K KVHNQJEWCDPYIAQHQMXDTBTPSTMCZKDHPEBGJWYUNXAUBSWGSWWVSHBQKEEQVMXQAWDVGUCMLSPIQSGFVSK 
 84 235 S 18 13.958333333333334 1 3 11 L 10 K KVHNQJEWCDPYIAQHQMXDTBTPSTMCZKDHPEBGJWYUNXAUBSWGSWWVSHBQKEEQVMXQAWDVGUCMLSPIQSGFVSKK 
 85 240 T 19 13.458333333333334 0 8 15 P 11 L KVHNQJEWCDPYIAQHQMXDTBTPSTMCZKDHPEBGJWYUNXAUBSWGSWWVSHBQKEEQVMXQAWDVGUCMLSPIQSGFVSKKL 
 86 111 249 86 D159-D87 72 X 23 13.416666666666666 0 6 9 J 15 P KVHNQJEWCDPYIAQHQMXDTBTPSTMCZKDHPEBGJWYUNXAUBSWGSWWVSHBQKEEQVMXQAWDVGUCMLSPIQSGFVSKKLP 
 87 241 R 17 12.791666666666666 1 10 19 T 22 W KVHNQJEWCDPYIAQHQMXDTBTPSTMCZKDHPEBGJWYUNXAUBSWGSWWVSHBQKEEQVMXQAWDVGUCMLSPIQSGFVSKKLPW 
 88 242 O 14 12.25 0 20 6 G 22 W KVHNQJEWCDPYIAQHQMXDTBTPSTMCZKDHPEBGJWYUNXAUBSWGSWWVSHBQKEEQVMXQAWDVGUCMLSPIQSGFVSKKLPWW 
 89 251 Y 24 11.666666666666666 0 7 9 J 9 J KVHNQJEWCDPYIAQHQMXDTBTPSTMCZKDHPEBGJWYUNXAUBSWGSWWVSHBQKEEQVMXQAWDVGUCMLSPIQSGFVSKKLPWWJ 
 90 252 Y 24 11.666666666666666 1 20 22 W 22 W KVHNQJEWCDPYIAQHQMXDTBTPSTMCZKDHPEBGJWYUNXAUBSWGSWWVSHBQKEEQVMXQAWDVGUCMLSPIQSGFVSKKLPWWJW 
 91 251 Y 24 10.958333333333334 0 0 2 C 22 W KVHNQJEWCDPYIAQHQMXDTBTPSTMCZKDHPEBGJWYUNXAUBSWGSWWVSHBQKEEQVMXQAWDVGUCMLSPIQSGFVSKKLPWWJWW 
 92 78 E 4 10.5 0 20 16 Q 2 C KVHNQJEWCDPYIAQHQMXDTBTPSTMCZKDHPEBGJWYUNXAUBSWGSWWVSHBQKEEQVMXQAWDVGUCMLSPIQSGFVSKKLPWWJWWC 
 93 175 S 18 10.5 1 4 12 M 25 Z KVHNQJEWCDPYIAQHQMXDTBTPSTMCZKDHPEBGJWYUNXAUBSWGSWWVSHBQKEEQVMXQAWDVGUCMLSPIQSGFVSKKLPWWJWWCZ 
 94 39 F 5 10.458333333333334 0 10 5 F 6 G KVHNQJEWCDPYIAQHQMXDTBTPSTMCZKDHPEBGJWYUNXAUBSWGSWWVSHBQKEEQVMXQAWDVGUCMLSPIQSGFVSKKLPWWJWWCZG 
 95 176 E 4 11.041666666666666 0 2 24 Y 10 K KVHNQJEWCDPYIAQHQMXDTBTPSTMCZKDHPEBGJWYUNXAUBSWGSWWVSHBQKEEQVMXQAWDVGUCMLSPIQSGFVSKKLPWWJWWCZGK 
 96 177 S 18 11 1 0 8 I 7 H KVHNQJEWCDPYIAQHQMXDTBTPSTMCZKDHPEBGJWYUNXAUBSWGSWWVSHBQKEEQVMXQAWDVGUCMLSPIQSGFVSKKLPWWJWWCZGKH 
 97 49 T 19 10.958333333333334 0 17 24 
 98 178 D 3 10.291666666666666 0 
 99 78 E 4 10.708333333333334 1 
 100 179 R 17 10.791666666666666 0 
 101 180 T 19 10.25 0 
 102 39 F 5 9.625 1 
 103 78 E 4 9.4166666666666661 0 
 104 181 Y 24 9.4166666666666661 0 
 105 45 S 18 8.75 1 
 106 182 D 3 8.125 0 
 107 183 H 7 8.1666666666666661 0 
 108 184 G 6 8.0416666666666661 1 
 109 185 S 18 7.916666666666667 0 
 110 133 I 8 7.291666666666667 0 
 111 186 E 4 7.5 1 
 112 131 A 0 7.5 0 
 113 187 Y 24 8.2916666666666661 0 
 114 188 H 7 8 1 
 115 189 N 13 7.958333333333333 0 
 116 78 E 4 7.916666666666667 0 
 117 190 R 17 7.916666666666667 1 
 118 191 T 19 7.916666666666667 0 
 119 192 D 3 7.25 0 
 120 193 R 17 7.291666666666667 1 
 121 77 D 3 6.75 0 
 122 194 N 13 7.208333333333333 0 
 123 195 G 6 7.375 1 
 124 78 E 4 7.916666666666667 0 
 125 196 E 4 8.75 0 
 126 131 A 0 9.3333333333333339 1 
 127 197 E 4 9.5416666666666661 0 
 128 133 I 8 9.5416666666666661 0 
 129 198 D 3 9.7083333333333339 1 
 130 78 MID(B131,LEN(B131),1) E CODE(H131)-65 4 AVERAGE(I131:I154) 10.125 0 
 1+A131 131 199 E 4 10.083333333333334 0 
 132 77 D 3 10.416666666666666 1 
 133 200 D 3 10.458333333333334 0 
 134 189 N 13 11.125 0 
 135 78 E 4 11.541666666666666 1 
 136 201 T 19 11.916666666666666 0 
 137 202 R 17 11.958333333333334 0 
 138 203 G 6 11.416666666666666 1 
 139 204 M 12 11.416666666666666 0 
 140 78 E 4 11.583333333333334 0 
 141 205 R 17 1 
 142 206 D 3 0 
 143 78 E 4 0 
 144 207 E 4 1 
 145 313 O 14 0 
 146 208 R 17 0 
 147 209 T 19 1 
 148 114 Y 24 0 
 149 115 S 18 0 
 150 39 F 5 1 
 151 78 E 4 0 
 152 116 M 12 0 
 153 117 N 13 1 
 154 118 D 3 0 
 155 204 M 12 0 
 156 78 E 4 1 
 157 119 T 19 0 
 158 111 250 158 X 23 0 
 159 120 N 13 1 
 160 121 U 20 0 
 161 13 E 4 0 
 162 14 G 6 1 
 163 15 Q 16 0 
 164 294 16 164 ? 
 AVERAGE(I2:I164) 12.417177914110429 
 223 14-1+1 14 
 224 88-14+1 75 B172/2 37.5 
 225 75 
 
## xl/worksheets/sheet6.xml
 
 143 144 0 2 3 4 5 6 7 8 9 10 11 12 13 14 15 16 17 18 19 20 21 22 23 24 25 CHAR(C1+65) A CHAR(D1+65) C D E F G H I J K L M N O P Q R S T U V W X Y Z 
 1 1 MOD(A2,20) 1 MOD(B2+C1,26) 1 MOD(C2+D1,26) 3 6 10 15 21 2 10 19 3 14 0 13 1 16 6 23 15 8 2 23 19 16 14 13 AVERAGE(C2:C25) 10.25 AVERAGE(D2:D25) 11.833333333333334 14.083333333333334 12.333333333333334 13.25 12.875 11.833333333333334 8.8333333333333339 11.5 6.041666666666667 7.166666666666667 7.125 13.75 8.7083333333333339 12.333333333333334 13.541666666666666 10.166666666666666 11.625 10.166666666666666 8.0416666666666661 12.083333333333334 10.958333333333334 7.666666666666667 6.125 13 
 1+A2 2 MOD(A3,20) 2 MOD(B3+C2,26) 3 MOD(C3+D2,26) 6 MOD(D3+E2,26) 12 MOD(E3+F2,26) 22 MOD(F3+G2,26) 11 MOD(G3+H2,26) 6 MOD(H3+I2,26) 8 MOD(I3+J2,26) 18 MOD(J3+K2,26) 11 MOD(K3+L2,26) 14 MOD(L3+M2,26) 2 MOD(M3+N2,26) 2 MOD(N3+O2,26) 15 MOD(O3+P2,26) 16 MOD(P3+Q2,26) 6 MOD(Q3+R2,26) 12 MOD(R3+S2,26) 9 MOD(S3+T2,26) 24 MOD(T3+U2,26) 6 MOD(U3+V2,26) 8 MOD(V3+W2,26) 5 MOD(W3+X2,26) 24 MOD(X3+Y2,26) 14 MOD(Y3+Z2,26) 2 MOD(Z3+AA2,26) 15 AVERAGE(C3:C26) 11.166666666666666 AVERAGE(D3:D26) 12.166666666666666 AVERAGE(E3:E26) 14.333333333333334 AVERAGE(F3:F26) 12.583333333333334 AVERAGE(G3:G26) 12.833333333333334 AVERAGE(H3:H26) 12.708333333333334 AVERAGE(I3:I26) 12.625 AVERAGE(J3:J26) 8.4583333333333339 AVERAGE(K3:K26) 11.291666666666666 AVERAGE(L3:L26) 6.5 AVERAGE(M3:M26) 7.166666666666667 AVERAGE(N3:N26) 7.791666666666667 AVERAGE(O3:O26) 13.958333333333334 AVERAGE(P3:P26) 9.6666666666666661 AVERAGE(Q3:Q26) 12.25 AVERAGE(R3:R26) 13.875 AVERAGE(S3:S26) 9.9583333333333339 AVERAGE(T3:T26) 11.833333333333334 AVERAGE(U3:U26) 10.083333333333334 AVERAGE(V3:V26) 8.375 AVERAGE(W3:W26) 11.791666666666666 AVERAGE(X3:X26) 10.833333333333334 AVERAGE(Y3:Y26) 7.666666666666667 AVERAGE(Z3:Z26) 6.208333333333333 AVERAGE(AA3:AA26) 12.708333333333334 
 1+A3 3 3 6 12 24 20 5 11 19 11 22 10 12 14 3 19 25 11 20 18 24 6 11 9 23 25 14 11.166666666666666 12.5 13.833333333333334 12.333333333333334 13.25 12.958333333333334 12.583333333333334 8.0416666666666661 11.75 6.333333333333333 8.0833333333333339 8.2916666666666661 13.583333333333334 9.1666666666666661 12.75 13.625 10.583333333333334 11.583333333333334 10.833333333333334 8.375 12.583333333333334 10.416666666666666 7.25 6.958333333333333 12.083333333333334 
 4 4 10 22 20 14 19 4 23 8 4 14 0 14 17 10 9 20 14 6 4 10 21 4 1 0 14 11.333333333333334 13 13.833333333333334 12.083333333333334 13.416666666666666 13.375 11.875 8 11.083333333333334 6.583333333333333 8.1666666666666661 7.791666666666667 13.791666666666666 8.875 11.875 13.583333333333334 10.083333333333334 10.833333333333334 10.833333333333334 8.375 12.291666666666666 10.791666666666666 7.208333333333333 6.583333333333333 12.166666666666666 
 5 5 15 11 5 19 12 16 13 21 25 13 13 1 18 2 11 5 19 25 3 13 8 12 13 13 1 11.666666666666666 12.75 13.583333333333334 11.583333333333334 13.083333333333334 13.458333333333334 11.25 8.4166666666666661 11.916666666666666 6.583333333333333 8.25 7.375 13.583333333333334 9.4583333333333339 11.583333333333334 13.25 10.333333333333334 11.416666666666666 11.416666666666666 8.9583333333333339 11.5 11.458333333333334 7.833333333333333 6.833333333333333 12.5 
 6 6 21 6 11 4 16 6 19 14 13 0 13 14 6 8 19 24 17 16 19 6 14 0 13 0 1 11.083333333333334 13 13.583333333333334 11.083333333333334 13.333333333333334 13.791666666666666 10.958333333333334 8.5416666666666661 11.791666666666666 6.458333333333333 8.2083333333333339 8 12.916666666666666 9.375 11.208333333333334 13.625 9.875 10.458333333333334 12.125 9.1666666666666661 12 11.541666666666666 7.458333333333333 6.708333333333333 12.708333333333334 
 7 7 2 8 19 23 13 19 12 0 13 13 0 14 20 2 21 19 10 0 19 25 13 13 0 0 1 10.666666666666666 12.833333333333334 13.416666666666666 11.5 12.916666666666666 13.708333333333334 10.583333333333334 8.2916666666666661 11.416666666666666 7.041666666666667 7.666666666666667 8.0833333333333339 13.416666666666666 9.7916666666666661 11.25 12.958333333333334 9.8333333333333339 10.541666666666666 11.833333333333334 9.0833333333333339 12.416666666666666 12.041666666666666 7.583333333333333 6.708333333333333 12.916666666666666 
 8 8 10 18 11 8 21 14 0 0 13 0 0 14 8 10 5 24 8 8 1 0 13 0 0 0 1 11.5 13.5 12.833333333333334 11.333333333333334 13.416666666666666 13.041666666666666 10.625 9.1666666666666661 11.916666666666666 7.041666666666667 8.2083333333333339 7.625 13.458333333333334 10.25 10.666666666666666 12.791666666666666 9.625 11.5 11.416666666666666 8.5833333333333339 12.333333333333334 12.458333333333334 8.125 7.25 13.666666666666666 
 9 9 19 11 22 4 25 13 13 13 0 0 0 14 22 6 11 9 17 25 0 0 13 13 13 13 14 11.416666666666666 13 12.833333333333334 11.166666666666666 12.666666666666666 12.708333333333334 11.416666666666666 9.75 11.916666666666666 7.041666666666667 8.75 7.708333333333333 13.583333333333334 10.833333333333334 10.666666666666666 12.625 10.333333333333334 12.083333333333334 11.583333333333334 9.3333333333333339 11.916666666666666 12.458333333333334 8.6666666666666661 7.25 14.416666666666666 
 10 10 3 14 10 14 13 0 13 0 0 0 0 14 10 16 1 10 1 0 0 0 13 0 13 0 14 11.5 12.583333333333334 12.416666666666666 11.666666666666666 12.416666666666666 13.208333333333334 11.625 9.4583333333333339 12.708333333333334 7.833333333333333 9 8.0416666666666661 12.958333333333334 10.791666666666666 10.625 12.416666666666666 9.75 12.083333333333334 11.75 10.25 12.416666666666666 12.958333333333334 8.625 7.208333333333333 14.041666666666666 
 11 11 14 2 12 0 13 13 0 0 0 0 0 14 24 14 15 25 0 0 0 0 13 13 0 0 14 11.75 12.416666666666666 12.916666666666666 11.583333333333334 12.083333333333334 13.375 12 9.5416666666666661 13.583333333333334 8.4166666666666661 9.8333333333333339 8.125 13.5 10.208333333333334 11.083333333333334 12.666666666666666 10.5 12.833333333333334 12.666666666666666 11 12.583333333333334 13.625 8.1666666666666661 7.791666666666667 14.25 
 12 12 0 2 14 14 1 14 14 14 14 14 14 2 0 14 3 2 2 2 2 2 15 2 2 2 16 12.166666666666666 12.666666666666666 12.583333333333334 12.25 12.416666666666666 13.875 12.875 10.5 14.333333333333334 8.6666666666666661 9.8333333333333339 8.2083333333333339 13.041666666666666 10.25 10.5 12.333333333333334 10.916666666666666 12.916666666666666 13.666666666666666 11.666666666666666 12.333333333333334 14.041666666666666 9.2083333333333339 8.3333333333333339 13.916666666666666 
 13 13 13 15 3 17 18 6 20 8 22 10 24 0 0 14 17 19 21 23 25 1 16 18 20 22 12 12.75 13.5 12 12.333333333333334 12.833333333333334 13.708333333333334 12.5 10 14.583333333333334 8.0833333333333339 9.25 8.7916666666666661 13.166666666666666 10.416666666666666 11.166666666666666 12.666666666666666 11.666666666666666 13.75 14.416666666666666 12 12.416666666666666 14.541666666666666 9.6666666666666661 8.25 13.5 
 14 14 1 16 19 10 2 8 2 10 6 16 14 14 14 2 19 12 7 4 3 4 20 12 6 2 14 12.416666666666666 12.916666666666666 11.916666666666666 12.333333333333334 12.166666666666666 13.958333333333334 12.375 10.458333333333334 14.208333333333334 8.2083333333333339 8.7916666666666661 8.9166666666666661 13.416666666666666 10.833333333333334 11.166666666666666 11.916666666666666 11.666666666666666 13.5 13.833333333333334 12.833333333333334 12.25 13.791666666666666 9.375 7.875 13.791666666666666 
 15 15 16 6 25 9 11 19 21 5 11 1 15 3 17 19 12 24 5 9 12 16 10 22 2 4 18 13.333333333333334 13.25 12.166666666666666 12.583333333333334 12.833333333333334 13.791666666666666 13.166666666666666 10.625 14 8.125 8.25 8.5 13.25 11.083333333333334 11.416666666666666 11.416666666666666 12.25 13.833333333333334 14.666666666666666 13.416666666666666 11.583333333333334 13.458333333333334 9.8333333333333339 7.958333333333333 14.166666666666666 
 16 16 6 12 11 20 5 24 19 24 9 10 25 2 19 12 24 22 1 10 22 12 22 18 20 24 16 13.333333333333334 13.583333333333334 11.666666666666666 12.333333333333334 13.25 14.041666666666666 13.125 10.75 13.916666666666666 9.0416666666666661 8.625 8.4583333333333339 13.041666666666666 11.125 11.708333333333334 11.208333333333334 12.625 13.458333333333334 15.125 13.375 11.958333333333334 13.5 10.333333333333334 8.5416666666666661 14.041666666666666 
 17 17 23 9 20 14 19 17 10 8 17 1 0 2 21 7 5 1 2 12 8 20 16 8 2 0 16 13.75 13.25 11.916666666666666 12.333333333333334 13.666666666666666 13.625 12.666666666666666 10.416666666666666 14.583333333333334 9.5416666666666661 8.4166666666666661 9.2916666666666661 12.583333333333334 10.708333333333334 11.583333333333334 10.875 12.666666666666666 13.125 15.25 13.458333333333334 11.333333333333334 12.916666666666666 10.25 7.958333333333333 14.416666666666666 
 18 18 15 24 18 6 25 16 0 8 25 0 0 2 23 4 9 10 12 24 6 0 16 24 0 0 16 13.5 13.75 11.583333333333334 12 13.75 13.291666666666666 12.958333333333334 10.375 14.125 9.5833333333333339 9.3333333333333339 9.9583333333333339 11.708333333333334 10.5 12.333333333333334 11.291666666666666 13.125 13.25 15.5 12.708333333333334 11.041666666666666 13.125 10.375 8.5833333333333339 14.333333333333334 
 19 19 8 6 24 4 3 19 19 1 0 0 0 2 25 3 12 22 8 6 12 12 2 0 0 0 16 13.666666666666666 13.333333333333334 10.833333333333334 12 12.75 13.041666666666666 13 10.375 13.666666666666666 10.25 9.8333333333333339 10.041666666666666 10.916666666666666 10.583333333333334 12.083333333333334 11.458333333333334 12.666666666666666 12.916666666666666 15.416666666666666 12.958333333333334 11 12.208333333333334 10.666666666666666 9.5 14.083333333333334 
 20 0 8 14 12 16 19 12 5 6 6 6 6 8 7 10 22 18 0 6 18 4 6 6 6 6 22 14.25 13.5 10.25 12.5 13.333333333333334 12.291666666666666 12.291666666666666 10.75 14.666666666666666 10.833333333333334 9.8333333333333339 10.125 10.208333333333334 11.041666666666666 12.291666666666666 10.75 12.583333333333334 13.583333333333334 14.916666666666666 12.708333333333334 11.791666666666666 13.166666666666666 10.833333333333334 9.5 13.833333333333334 
 21 1 9 23 9 25 18 4 9 15 21 1 7 15 22 6 2 20 20 0 18 22 2 8 14 20 16 13.916666666666666 13.333333333333334 10.583333333333334 12.25 12.583333333333334 11.875 12.25 11.083333333333334 14.916666666666666 10.583333333333334 9.5833333333333339 9.9583333333333339 10.416666666666666 10.625 12.083333333333334 10.916666666666666 12.666666666666666 14.333333333333334 15.166666666666666 12.708333333333334 12.583333333333334 13.833333333333334 10.583333333333334 9.25 13.333333333333334 
 22 2 11 8 17 16 8 12 21 10 5 6 13 2 24 4 6 0 20 20 12 8 10 18 6 0 16 13.75 13 10.583333333333334 12 12.666666666666666 12.625 11.875 11.041666666666666 14.041666666666666 10.541666666666666 9.2916666666666661 9.5 10.166666666666666 11.041666666666666 12.291666666666666 10.208333333333334 12.041666666666666 14.458333333333334 14.458333333333334 12 12.666666666666666 13.5 10 8.4166666666666661 13.083333333333334 
 23 3 14 22 13 3 11 23 18 2 7 13 0 2 0 4 10 10 4 24 10 18 2 20 0 0 16 13.75 12.666666666666666 10.25 11.416666666666666 13.25 12.875 11.75 10.875 14.083333333333334 10.541666666666666 9 9.8333333333333339 9.1666666666666661 11.541666666666666 13 10.208333333333334 11.416666666666666 13.958333333333334 14.333333333333334 12.25 13 13.5 10.5 9.1666666666666661 12.5 
 24 4 18 14 1 4 15 12 4 6 13 0 0 2 2 6 16 0 4 2 12 4 6 0 0 0 16 13.916666666666666 12.5 9.75 11.416666666666666 13.833333333333334 12.625 11.375 11.416666666666666 14.666666666666666 10.041666666666666 9.2916666666666661 10.458333333333334 9.875 11.666666666666666 12.75 9.9583333333333339 11.625 13.666666666666666 13.916666666666666 12.083333333333334 13.166666666666666 13.666666666666666 11.166666666666666 9.5 12.25 
 25 5 23 11 12 16 5 17 21 1 14 14 14 16 18 24 14 14 18 20 6 10 16 16 16 16 6 13.166666666666666 12.666666666666666 10.5 12.166666666666666 14.083333333333334 12.625 12.083333333333334 11.583333333333334 14.333333333333334 10.291666666666666 9.8333333333333339 10.541666666666666 10.666666666666666 11.5 12.333333333333334 10.375 12.25 14 13.833333333333334 12.916666666666666 13.083333333333334 13.75 11.916666666666666 9.5 12 
 26 6 3 14 0 16 21 12 7 8 22 10 24 14 6 4 18 6 24 18 24 8 24 14 4 20 0 12.583333333333334 12.25 10.833333333333334 12.166666666666666 14.333333333333334 12.875 11.958333333333334 11.625 14.041666666666666 10.25 9.25 10.041666666666666 10.958333333333334 10.541666666666666 12.041666666666666 10.5 11.916666666666666 14 13.75 12.583333333333334 12.666666666666666 13.416666666666666 11.25 8.8333333333333339 12.166666666666666 
 27 7 10 24 24 14 9 21 2 10 6 16 14 2 8 12 4 10 8 0 24 6 4 18 22 16 16 13.25 12.5 11.416666666666666 11.666666666666666 14.083333333333334 12.875 11.833333333333334 11.541666666666666 13.666666666666666 9.8333333333333339 8.25 9.625 10.833333333333334 10.541666666666666 11.75 10.333333333333334 11.416666666666666 13.5 13.166666666666666 12.75 12.416666666666666 12.833333333333334 11.083333333333334 8 12.583333333333334 
 28 8 18 16 14 2 11 6 8 18 24 14 2 4 12 24 2 12 20 20 18 24 2 20 16 6 22 13 12.5 10.916666666666666 11.75 13.916666666666666 12.708333333333334 12.625 11.166666666666666 14 9.75 8.25 10.291666666666666 11.375 11.083333333333334 12 10.416666666666666 12.083333333333334 13.666666666666666 12.75 12.5 13 12.833333333333334 10.916666666666666 8.0833333333333339 12 
 29 9 1 17 5 7 18 24 6 24 22 10 12 16 2 0 2 14 8 2 20 18 20 14 4 10 6 12.916666666666666 12.416666666666666 10.333333333333334 12.333333333333334 14.333333333333334 12.958333333333334 12.583333333333334 10.75 13.916666666666666 9.5833333333333339 9.1666666666666661 10.791666666666666 11.333333333333334 10.5 12.75 10.166666666666666 11.416666666666666 13.166666666666666 12.916666666666666 12.416666666666666 13.5 12.25 11.25 8.5 11.833333333333334 
 30 10 11 2 7 14 6 4 10 8 4 14 0 16 18 18 20 8 16 18 12 4 24 12 16 0 6 13 12.416666666666666 10.833333333333334 12.333333333333334 13.666666666666666 12.541666666666666 13.208333333333334 9.875 14.041666666666666 9.5416666666666661 8.9583333333333339 11.083333333333334 11.583333333333334 11.25 13.166666666666666 10.333333333333334 12 13.25 12.083333333333334 12.583333333333334 13.083333333333334 12.333333333333334 11.666666666666666 8.25 12.5 
 31 11 22 24 5 19 25 3 13 21 25 13 13 3 21 13 7 15 5 23 9 13 11 23 13 13 19 13.25 12.666666666666666 11.583333333333334 12 13.75 13.291666666666666 13.5 10.375 14.666666666666666 9.0416666666666661 9.3333333333333339 10.666666666666666 11.416666666666666 10.75 13.083333333333334 10.416666666666666 11.583333333333334 12.916666666666666 12 12.666666666666666 12.75 12.083333333333334 11.833333333333334 9.25 13.083333333333334 
 32 12 8 6 11 4 3 6 19 14 13 0 13 16 11 24 5 20 25 22 5 18 3 0 13 0 19 12.583333333333334 12.25 11.916666666666666 12 12.75 14.125 13.541666666666666 9.8333333333333339 13.666666666666666 8.625 9.2916666666666661 11.291666666666666 10.791666666666666 10.708333333333334 12.958333333333334 10.375 12.208333333333334 12.125 12.208333333333334 12.958333333333334 12.708333333333334 11.791666666666666 11.708333333333334 9.0416666666666661 12.375 
 33 13 21 1 12 16 19 25 18 6 19 19 6 22 7 5 10 4 3 25 4 22 25 25 12 12 5 13.166666666666666 12.416666666666666 12.416666666666666 12.5 13.333333333333334 14.458333333333334 12.833333333333334 9.6666666666666661 13.583333333333334 9.2083333333333339 8.75 11.375 11.333333333333334 10.125 13.333333333333334 9.625 12.083333333333334 11.208333333333334 12.583333333333334 12.541666666666666 13.333333333333334 12.125 11.916666666666666 9.0416666666666661 11.666666666666666 
 34 14 9 10 22 12 5 4 22 2 21 14 20 16 23 2 12 16 19 18 22 18 17 16 2 14 19 12.833333333333334 13.333333333333334 12.75 12.25 12.583333333333334 14.041666666666666 12.791666666666666 9.4583333333333339 13.291666666666666 8.4166666666666661 8.5 11.208333333333334 11.708333333333334 9.9166666666666661 13.5 10.125 12.458333333333334 10.666666666666666 12.416666666666666 11.958333333333334 12.291666666666666 11.416666666666666 11.416666666666666 8.5416666666666661 11.541666666666666 
 35 15 24 8 4 16 21 25 21 23 18 6 0 16 13 15 1 17 10 2 24 16 7 23 25 13 6 12.666666666666666 13 12.75 12 12.666666666666666 14.791666666666666 12.416666666666666 9.9583333333333339 12.416666666666666 7.833333333333333 7.666666666666667 11.291666666666666 11.083333333333334 10.166666666666666 13.916666666666666 9.9583333333333339 12.666666666666666 10.333333333333334 11.916666666666666 11.958333333333334 12.333333333333334 10.75 11.333333333333334 7.958333333333333 10.833333333333334 
 36 16 14 22 0 16 11 10 5 2 20 0 0 16 3 18 19 10 20 22 20 10 17 14 13 0 6 12.666666666666666 12.666666666666666 13.5 11.416666666666666 12.166666666666666 13.958333333333334 12.291666666666666 9.25 11.916666666666666 7.833333333333333 7.916666666666667 11.625 10.791666666666666 10.125 14.291666666666666 10.166666666666666 13.083333333333334 10.416666666666666 11.5 11.541666666666666 13.041666666666666 10.791666666666666 11.291666666666666 8.4166666666666661 10.583333333333334 
 37 17 5 1 1 17 2 12 17 19 13 13 13 3 6 24 17 1 21 17 11 21 12 0 13 13 19 13.083333333333334 12.75 14.333333333333334 11.666666666666666 11.916666666666666 13.958333333333334 12.166666666666666 9.5 11.666666666666666 8.6666666666666661 7.916666666666667 11.958333333333334 10.833333333333334 10.125 13.583333333333334 10.75 13 10.416666666666666 11.083333333333334 11.791666666666666 12.916666666666666 10.708333333333334 11.166666666666666 8.75 10.666666666666666 
 38 18 23 24 25 16 18 4 21 14 1 14 1 4 10 8 25 0 21 12 23 18 4 4 17 4 23 13.916666666666666 13.666666666666666 15 11.5 12.583333333333334 13.541666666666666 11.625 9.2083333333333339 11.125 8.9583333333333339 8.2083333333333339 12.583333333333334 11.5 9.7083333333333339 13.541666666666666 11.291666666666666 12.375 9.7916666666666661 11.125 11 13.083333333333334 10.791666666666666 11.125 9.0416666666666661 9.9583333333333339 
 39 19 16 14 13 3 21 25 20 8 9 23 24 2 12 20 19 19 14 0 23 15 19 23 14 18 15 13 13.666666666666666 14.583333333333334 10.916666666666666 12.666666666666666 14.291666666666666 10.75 9.125 11.583333333333334 8.625 8.1666666666666661 13.166666666666666 11.666666666666666 9.4583333333333339 13.25 11.541666666666666 12 9.875 10.166666666666666 10.333333333333334 13.666666666666666 11.458333333333334 10.666666666666666 8.875 9.0833333333333339 
 40 0 16 4 17 20 15 14 8 16 25 22 20 22 8 2 21 14 2 2 25 14 7 4 18 10 25 12.5 13.166666666666666 14.75 11.583333333333334 12.333333333333334 13.625 10.291666666666666 9.6666666666666661 11.5 8.2083333333333339 7.708333333333333 13.291666666666666 11.958333333333334 9.5 13 11.541666666666666 11.625 10.666666666666666 10 10.583333333333334 13.416666666666666 10.791666666666666 10.625 8.6666666666666661 9.0833333333333339 
 41 1 17 21 12 6 21 9 17 7 6 2 22 18 0 2 23 11 13 15 14 2 9 13 5 15 14 12.166666666666666 13.416666666666666 14.083333333333334 11.583333333333334 12 13.708333333333334 11 9.8333333333333339 10.5 7.875 6.916666666666667 12.625 12.666666666666666 10.25 12.416666666666666 10.958333333333334 11.75 11.583333333333334 9.6666666666666661 10.5 14.166666666666666 10.875 10.666666666666666 8.5 8.9166666666666661 
 42 2 19 14 0 6 1 10 1 8 14 16 12 4 4 6 3 14 1 16 4 6 15 2 7 22 10 12 13.5 14.583333333333334 12.083333333333334 12.166666666666666 13.958333333333334 10.875 9.875 10.625 8.75 7 12.041666666666666 12.791666666666666 11.125 11.625 10.666666666666666 11.583333333333334 11.25 10.083333333333334 10.833333333333334 14.166666666666666 10.958333333333334 10.791666666666666 8.4583333333333339 8.7083333333333339 
 43 3 22 10 10 16 17 1 2 10 24 14 0 4 8 14 17 5 6 22 0 6 21 23 4 0 10 12 13.583333333333334 15.166666666666666 12.083333333333334 12.333333333333334 14.375 11.166666666666666 10.208333333333334 11.083333333333334 9 7.333333333333333 12.875 12.666666666666666 11.875 11.583333333333334 10.333333333333334 12.166666666666666 11.5 10.75 10.75 14.083333333333334 10.958333333333334 10.916666666666666 8.5416666666666661 8.5833333333333339 
 44 4 0 10 20 10 1 2 4 14 12 0 0 4 12 0 17 22 2 24 24 4 25 22 0 0 10 11.083333333333334 13.833333333333334 14.916666666666666 11.833333333333334 12.25 14.708333333333334 11.791666666666666 10.083333333333334 10.333333333333334 8.5 8.25 13.541666666666666 13.208333333333334 12.083333333333334 11.75 10.166666666666666 12.583333333333334 11.083333333333334 11 10.916666666666666 14.166666666666666 11.041666666666666 11.125 8.8333333333333339 8.75 
 45 5 5 15 9 19 20 22 0 14 0 0 0 4 16 16 7 3 5 3 1 5 4 0 0 0 10 11.416666666666666 14.416666666666666 14.166666666666666 11.916666666666666 12.25 15.041666666666666 11.666666666666666 9.8333333333333339 10.416666666666666 9.1666666666666661 8.75 13.625 12.75 12.916666666666666 11.666666666666666 9.9166666666666661 12.75 10.833333333333334 11 11.083333333333334 13.333333333333334 10.291666666666666 11.666666666666666 9.6666666666666661 8.6666666666666661 
 46 6 11 0 9 2 22 18 18 6 6 6 6 10 0 16 23 0 5 8 9 14 18 18 18 18 2 11.916666666666666 14.416666666666666 14.5 11.25 11.583333333333334 14.708333333333334 12.291666666666666 10.208333333333334 10.875 9.2083333333333339 9.2916666666666661 14.25 12.916666666666666 12.833333333333334 11.5 10.583333333333334 13.583333333333334 11.416666666666666 11.583333333333334 11.833333333333334 13.25 10.541666666666666 12.458333333333334 10.208333333333334 9.125 
 47 7 18 18 1 3 25 17 9 15 21 1 7 17 17 7 4 4 9 17 0 14 6 24 16 8 10 11.5 15.083333333333334 14.416666666666666 11.583333333333334 11.25 14.041666666666666 12.25 10.541666666666666 11.666666666666666 8.9583333333333339 9.5833333333333339 14.083333333333334 12.916666666666666 12.75 11.25 11 13.75 11.083333333333334 11.833333333333334 11.75 13.083333333333334 10.625 12.25 9.4583333333333339 9.9166666666666661 
 48 8 0 18 19 22 21 12 21 10 5 6 13 4 21 2 6 10 19 10 10 24 4 2 18 0 10 11.25 14.416666666666666 14.75 12.25 10.5 13.708333333333334 11.875 10.5 11.333333333333334 9.4583333333333339 9.2916666666666661 13.625 12.458333333333334 13.291666666666666 11.541666666666666 11.708333333333334 13.541666666666666 10.541666666666666 12.625 11.375 13.625 10.166666666666666 11.583333333333334 9.125 10.375 
 49 9 9 1 20 16 11 23 18 2 7 13 0 4 25 1 7 17 10 20 4 2 6 8 0 0 10 12.25 13.666666666666666 14.333333333333334 11.416666666666666 10 13.958333333333334 11.75 10.333333333333334 11.916666666666666 9.4583333333333339 9 13.958333333333334 12.333333333333334 13.708333333333334 12.25 12.041666666666666 13.666666666666666 10.125 13 11.375 14.166666666666666 10.25 11 9.2916666666666661 11 
 50 10 19 20 14 4 15 12 4 6 13 0 0 4 3 4 11 2 12 6 10 12 18 0 0 0 10 12.333333333333334 14.083333333333334 14.333333333333334 11.666666666666666 9.75 13.958333333333334 11.625 11.125 12.208333333333334 9.75 9 14.291666666666666 11.458333333333334 14.333333333333334 12.5 11.541666666666666 13.291666666666666 9.3333333333333339 13.666666666666666 12.041666666666666 14.291666666666666 10.458333333333334 11.708333333333334 10.166666666666666 11.416666666666666 
 51 11 4 24 12 16 5 17 21 1 14 14 14 18 21 25 10 12 24 4 14 0 18 18 18 18 2 12.583333333333334 13.666666666666666 13.916666666666666 11.5 9.3333333333333339 13.541666666666666 12.166666666666666 11.375 11.666666666666666 10.583333333333334 9.8333333333333339 14.375 11.75 14.166666666666666 12.583333333333334 12.208333333333334 13.583333333333334 9.9166666666666661 13.833333333333334 11.791666666666666 14.166666666666666 10.541666666666666 12.5 10.75 11.333333333333334 
 52 12 16 14 0 16 21 12 7 8 22 10 24 16 11 10 20 6 4 8 22 22 14 6 24 16 18 13 13.666666666666666 13.5 10.916666666666666 9.4166666666666661 13.208333333333334 11.291666666666666 11.833333333333334 11.583333333333334 10.25 9.25 13.875 11.541666666666666 13.791666666666666 12.291666666666666 12.583333333333334 13.166666666666666 10.083333333333334 14.166666666666666 11.875 14.125 10.583333333333334 12.25 10 11.583333333333334 
 53 13 3 17 17 7 2 14 21 3 25 9 7 23 8 18 12 18 22 4 0 22 10 16 14 4 22 12.5 13.166666666666666 13.666666666666666 10.5 9.0833333333333339 13.625 11.916666666666666 11.833333333333334 11.5 9.8333333333333339 8.25 13.458333333333334 12 13.875 12.083333333333334 12.75 14 10 13.333333333333334 11.125 14.416666666666666 10.916666666666666 11.25 9.3333333333333339 11.166666666666666 
 54 14 17 8 25 6 8 22 17 20 19 2 9 6 14 6 18 10 6 10 10 6 16 6 20 24 20 13.25 13.416666666666666 13 10.5 9.8333333333333339 13.708333333333334 11.541666666666666 12.541666666666666 11.041666666666666 10.041666666666666 8.5416666666666661 13.333333333333334 12.333333333333334 13.208333333333334 12.291666666666666 12.041666666666666 14.125 10.041666666666666 13.625 10.666666666666666 14.25 11.083333333333334 11.5 10 10.333333333333334 
 55 15 6 14 13 19 1 23 14 8 1 3 12 18 6 12 4 14 20 4 14 20 10 16 10 8 2 13.083333333333334 13.5 12.416666666666666 11 10 12.875 11.416666666666666 12.041666666666666 11.166666666666666 10.375 9.1666666666666661 13.833333333333334 12.083333333333334 13.375 11.583333333333334 11.708333333333334 13.916666666666666 9.875 13.75 11.416666666666666 13.75 11.833333333333334 11.416666666666666 9.5 10.083333333333334 
 56 16 22 10 23 16 17 14 2 10 11 14 0 18 24 10 14 2 22 0 14 8 18 8 18 0 2 13.083333333333334 13.583333333333334 11.916666666666666 11 10.166666666666666 12.208333333333334 11.708333333333334 11.833333333333334 12.166666666666666 10.625 8.9583333333333339 14.125 12.125 13.583333333333334 12.166666666666666 11.958333333333334 13.958333333333334 9.75 13.75 11.083333333333334 14 11.75 11.25 9.9166666666666661 10.25 
 57 17 13 23 20 10 1 15 17 1 12 0 0 18 16 0 14 16 12 12 0 8 0 8 0 0 2 12.416666666666666 14.083333333333334 11.916666666666666 11 10.333333333333334 11.708333333333334 12.583333333333334 11.416666666666666 12.75 10.375 9.5833333333333339 13.958333333333334 12 13.666666666666666 11.75 12.875 13.833333333333334 10.583333333333334 13.5 11.583333333333334 13.666666666666666 12.416666666666666 10.666666666666666 10.833333333333334 10.25 
 58 18 5 2 22 6 7 22 13 14 0 0 0 18 8 8 22 12 24 10 10 18 18 0 0 0 2 12.166666666666666 13.25 11.083333333333334 11.25 10.75 11.625 12.291666666666666 11.791666666666666 12.625 11.083333333333334 9.8333333333333339 14.041666666666666 11.958333333333334 13.708333333333334 11.375 12.333333333333334 14.25 10.75 14.5 12 13.75 12.083333333333334 10.833333333333334 10.833333333333334 10.25 
 59 19 24 0 22 2 9 5 18 6 6 6 6 24 6 14 10 22 20 4 14 6 24 24 24 24 0 12.333333333333334 13.666666666666666 10.666666666666666 11.083333333333334 11 10.708333333333334 12.166666666666666 12.041666666666666 12.75 11.916666666666666 9.8333333333333339 14.125 12 13.791666666666666 11.083333333333334 12.583333333333334 13.833333333333334 10.5 14.166666666666666 12.083333333333334 13.916666666666666 13 10.833333333333334 10.833333333333334 10.25 
 60 0 24 24 20 22 5 10 2 8 14 20 0 24 4 18 2 24 18 22 10 16 14 12 10 8 8 11.833333333333334 14.666666666666666 10.166666666666666 11.5 11.666666666666666 11.541666666666666 11.791666666666666 11.916666666666666 12.75 11.666666666666666 9.5833333333333339 13.958333333333334 11.875 13.75 10.75 12.5 13.333333333333334 10.833333333333334 14.166666666666666 12.166666666666666 13.083333333333334 12 9.8333333333333339 9.8333333333333339 10.333333333333334 
 61 1 25 23 17 13 18 2 4 12 0 20 20 18 22 14 16 14 6 2 12 2 16 2 12 20 2 11.5 14.25 10.333333333333334 11 11.833333333333334 11.458333333333334 12.416666666666666 12.416666666666666 12.166666666666666 10.833333333333334 9.5833333333333339 13.791666666666666 12.666666666666666 13.416666666666666 11.166666666666666 11.75 13.166666666666666 9.9166666666666661 14.333333333333334 12.416666666666666 12.5 11.5 9.4166666666666661 9.5 10.083333333333334 
 62 2 1 24 15 2 20 22 0 12 12 6 0 18 14 2 18 6 12 14 0 2 18 20 6 0 2 11.333333333333334 13.666666666666666 9.9166666666666661 11.166666666666666 11.083333333333334 11.708333333333334 13.291666666666666 12.708333333333334 12.958333333333334 10.791666666666666 9.5416666666666661 13.583333333333334 12.166666666666666 13.666666666666666 10.75 11.666666666666666 12.916666666666666 9.8333333333333339 14.416666666666666 12.75 12.25 11.833333333333334 9.3333333333333339 9.0833333333333339 10.5 
 63 3 4 2 17 19 13 9 9 21 7 13 13 5 19 21 13 19 5 19 19 21 13 7 13 13 15 11.333333333333334 13.083333333333334 10 11.416666666666666 10.583333333333334 11.458333333333334 13.916666666666666 12.541666666666666 12.5 11.375 10.083333333333334 12.833333333333334 12 13.75 10.416666666666666 12.333333333333334 13.333333333333334 10.166666666666666 14.833333333333334 13.5 11.666666666666666 11.583333333333334 10.083333333333334 9.4166666666666661 11.25 
 64 4 8 10 1 20 7 16 25 20 1 14 1 6 25 20 7 0 5 24 17 12 25 6 19 6 21 11.5 13.75 9.6666666666666661 11.333333333333334 11.083333333333334 11.708333333333334 13.708333333333334 12.166666666666666 12.75 11.125 10.375 13.458333333333334 11.375 13.208333333333334 10.625 12.125 13.541666666666666 9.625 14.708333333333334 13.041666666666666 11.708333333333334 11.375 9.5416666666666661 9.2083333333333339 10.708333333333334 
 65 5 13 23 24 18 25 15 14 8 9 23 24 4 3 23 4 4 9 7 24 10 9 15 8 14 9 11.833333333333334 13.666666666666666 10.333333333333334 10.833333333333334 11.083333333333334 11.958333333333334 12.666666666666666 11.833333333333334 13.75 10.791666666666666 10.333333333333334 14.041666666666666 11.333333333333334 12.625 11.333333333333334 12.625 14.25 8.7083333333333339 14.75 12.625 11.333333333333334 11.875 9.5 8.9583333333333339 9.9166666666666661 
 66 MOD(A67,20) 6 MOD(B67+C66,26) 19 MOD(C67+D66,26) 16 MOD(D67+E66,26) 14 MOD(E67+F66,26) 6 MOD(F67+G66,26) 5 MOD(G67+H66,26) 20 MOD(H67+I66,26) 8 MOD(I67+J66,26) 16 MOD(J67+K66,26) 25 MOD(K67+L66,26) 22 MOD(L67+M66,26) 20 MOD(M67+N66,26) 24 MOD(N67+O66,26) 1 MOD(O67+P66,26) 24 MOD(P67+Q66,26) 2 MOD(Q67+R66,26) 6 MOD(R67+S66,26) 15 MOD(S67+T66,26) 22 MOD(T67+U66,26) 20 MOD(U67+V66,26) 4 MOD(V67+W66,26) 13 MOD(W67+X66,26) 2 MOD(X67+Y66,26) 10 MOD(Y67+Z66,26) 24 MOD(Z67+AA66,26) 7 AVERAGE(C67:C90) 12.333333333333334 AVERAGE(D67:D90) 13 AVERAGE(E67:E90) 10.333333333333334 AVERAGE(F67:F90) 10.333333333333334 AVERAGE(G67:G90) 10.583333333333334 AVERAGE(H67:H90) 11.708333333333334 AVERAGE(I67:I90) 12.458333333333334 AVERAGE(J67:J90) 12.375 AVERAGE(K67:K90) 14.208333333333334 AVERAGE(L67:L90) 9.8333333333333339 AVERAGE(M67:M90) 9.3333333333333339 AVERAGE(N67:N90) 14.708333333333334 AVERAGE(O67:O90) 11.958333333333334 AVERAGE(P67:P90) 12.666666666666666 AVERAGE(Q67:Q90) 12.083333333333334 AVERAGE(R67:R90) 12.791666666666666 AVERAGE(S67:S90) 14.041666666666666 AVERAGE(T67:T90) 8.6666666666666661 AVERAGE(U67:U90) 14.75 AVERAGE(V67:V90) 12.208333333333334 AVERAGE(W67:W90) 11.625 AVERAGE(X67:X90) 11.583333333333334 AVERAGE(Y67:Y90) 9.1666666666666661 AVERAGE(Z67:Z90) 8.375 AVERAGE(AA67:AA90) 9.625 
 1+A67 67 7 0 16 4 10 15 9 17 7 6 2 22 20 21 19 21 1 16 12 6 10 23 25 9 7 14 11.916666666666666 13 10.333333333333334 10.916666666666666 10.666666666666666 11.541666666666666 13.166666666666666 12.541666666666666 13.75 9.5 9.0833333333333339 14.041666666666666 11.916666666666666 12.666666666666666 12.833333333333334 12.625 13.666666666666666 8.25 14.333333333333334 12.458333333333334 11.083333333333334 11.833333333333334 9.0833333333333339 7.708333333333333 9.75 
 68 8 8 24 2 12 1 10 1 8 14 16 12 6 1 20 15 16 6 18 24 8 5 4 13 20 8 12.75 12.75 11.166666666666666 11.25 11.083333333333334 11.791666666666666 13.041666666666666 12.583333333333334 14.416666666666666 9.8333333333333339 9.1666666666666661 13.458333333333334 11.291666666666666 12.041666666666666 12.958333333333334 12.583333333333334 13.25 8.5 14.166666666666666 12.541666666666666 10.625 11.625 8.7916666666666661 7.833333333333333 10 
 69 9 17 15 17 3 4 14 15 23 11 1 13 19 20 14 3 19 25 17 15 23 2 6 19 13 21 12.666666666666666 12.416666666666666 11.666666666666666 11 11.25 12.208333333333334 13.333333333333334 12.916666666666666 14.333333333333334 10.083333333333334 9.5 13.208333333333334 11.5 11.625 12.666666666666666 12.25 13.583333333333334 8 13.5 13.041666666666666 10.666666666666666 11.458333333333334 8.3333333333333339 7.5 9.9166666666666661 
 70 10 1 16 7 10 14 2 17 14 25 0 13 6 0 14 17 10 9 0 15 12 14 20 13 0 21 12.75 12.166666666666666 11.916666666666666 11 11.416666666666666 11.708333333333334 13.125 11.958333333333334 14.375 10.375 9.0416666666666661 12.5 11 11.791666666666666 12.541666666666666 11.791666666666666 13.458333333333334 7.375 13.291666666666666 12.25 11 11.625 8.0416666666666661 7.958333333333333 9.2083333333333339 
 71 11 12 2 9 19 7 9 0 14 13 13 0 6 6 20 11 21 4 4 19 5 19 13 0 0 21 13 12.166666666666666 12.166666666666666 11.25 11.833333333333334 11.625 12.833333333333334 11.791666666666666 14.25 10.541666666666666 8.75 12.583333333333334 11.666666666666666 11.541666666666666 12.166666666666666 12.041666666666666 13.583333333333334 7.958333333333333 13.666666666666666 11.833333333333334 10.916666666666666 11.708333333333334 7.833333333333333 8.2083333333333339 8.75 
 72 12 24 0 9 2 9 18 18 6 19 6 6 12 18 12 23 18 22 0 19 24 17 4 4 4 25 13.416666666666666 12.583333333333334 12.833333333333334 11.083333333333334 12.083333333333334 11.791666666666666 13.791666666666666 11.5 13.833333333333334 10.291666666666666 9.2916666666666661 13.208333333333334 11.875 11.5 11.75 11.875 13.541666666666666 8.5 13.5 12.333333333333334 10.25 12.208333333333334 8.125 8.75 8.8333333333333339 
 73 13 11 11 20 22 5 23 15 21 14 20 0 12 4 16 13 5 1 1 20 18 9 13 17 21 20 12.916666666666666 13.583333333333334 13.416666666666666 11.5 12.75 11.541666666666666 13.416666666666666 11.916666666666666 13.833333333333334 10.041666666666666 9.5833333333333339 13.041666666666666 11.916666666666666 11.5 11.333333333333334 11.291666666666666 12.916666666666666 9.5 13.25 11.5 9.8333333333333339 12.291666666666666 8.5 8.5833333333333339 8.75 
 74 14 25 10 4 0 5 2 17 12 0 20 20 6 10 0 13 18 19 20 14 6 15 2 19 14 8 12.583333333333334 13.166666666666666 13.583333333333334 11 12.916666666666666 11.458333333333334 12.958333333333334 11.875 13.791666666666666 9.75 9.5833333333333339 12.875 11.791666666666666 11.375 10.791666666666666 11.25 13.333333333333334 9.8333333333333339 13.333333333333334 10.75 9.75 12.291666666666666 7.791666666666667 7.708333333333333 8.875 
 75 15 14 24 2 2 7 9 0 12 12 6 0 6 16 16 3 21 14 8 22 2 17 19 12 0 8 12.416666666666666 13.666666666666666 14.25 11.166666666666666 13.25 11.708333333333334 12.75 11.625 14.583333333333334 9.1666666666666661 9 13.208333333333334 12 11.458333333333334 10.333333333333334 10.75 13.25 9 13.666666666666666 11.416666666666666 9.25 12.875 7.666666666666667 7.791666666666667 9.0833333333333339 
 76 16 4 2 4 6 13 22 22 8 20 0 0 6 22 12 15 10 24 6 2 4 21 14 0 0 8 12.416666666666666 13.083333333333334 14.333333333333334 11.416666666666666 13.833333333333334 11.458333333333334 13.375 12 14.666666666666666 9.75 9 13.541666666666666 11.458333333333334 11 10.5 10.416666666666666 12.833333333333334 8.8333333333333339 12.75 12.25 9.5833333333333339 12.708333333333334 7.375 8.6666666666666661 9.0833333333333339 
 77 17 21 23 1 7 20 16 12 20 14 14 14 20 16 2 17 1 25 5 7 11 6 20 20 20 2 AVERAGE(AB2:AB77) 12.452850877192983 AVERAGE(AC2:AC77) 13.187499999999996 12.446271929824556 11.616228070175438 12.186403508771933 12.990131578947375 12.256578947368416 10.706140350877188 12.858004385964916 9.2834429824561369 8.8881578947368443 11.538377192982461 12.013706140350877 11.479714912280699 11.96655701754386 11.588267543859649 12.427083333333332 11.148574561403512 12.975328947368421 11.6047149122807 12.49780701754386 11.942982456140353 10.069627192982457 8.638706140350882 11.306469298245615 
 78 18 13 10 11 18 12 2 14 8 22 10 24 18 8 10 1 2 1 6 13 24 4 24 18 12 14 
 79 19 6 16 1 19 5 7 21 3 25 9 7 25 7 17 18 20 21 1 14 12 16 14 6 18 6 
 80 0 6 22 23 16 21 2 23 0 25 8 15 14 21 12 4 24 19 20 8 20 10 24 4 22 2 
 81 1 7 3 0 16 11 13 10 10 9 17 6 20 15 1 5 3 22 16 24 18 2 0 4 0 2 
 82 2 9 12 12 2 13 0 10 20 3 20 0 20 9 10 15 18 14 4 2 20 22 22 0 0 2 
 83 3 12 24 10 12 25 25 9 3 6 0 0 20 3 13 2 20 8 12 14 8 4 0 0 0 2 
 84 4 16 14 24 10 9 8 17 20 0 0 0 20 23 10 12 6 14 0 14 22 0 0 0 0 2 
 85 5 21 9 7 17 0 8 25 19 19 19 19 13 10 20 6 12 0 0 14 10 10 10 10 10 12 
 86 6 1 10 17 8 8 16 15 8 1 20 13 0 10 4 10 22 22 22 10 20 4 14 24 8 20 
 87 7 8 18 9 17 25 15 4 12 13 7 20 20 4 8 18 14 10 6 16 10 14 2 0 8 2 
 88 8 16 8 17 8 7 22 0 12 25 6 0 20 24 6 24 12 22 2 18 2 16 18 18 0 2 
 89 9 25 7 24 6 13 9 9 21 20 0 0 20 18 24 22 8 4 6 24 0 16 8 0 0 2 
 90 10 9 16 14 20 7 16 25 20 14 14 14 8 0 24 20 2 6 12 10 10 0 8 8 8 10 
 91 11 20 10 24 18 25 15 14 8 22 10 24 6 6 4 24 0 6 18 2 12 12 20 2 10 20 
 92 12 6 16 14 6 5 20 8 16 12 22 20 0 6 10 8 8 14 6 8 20 6 0 2 12 6 
 93 13 19 9 23 3 8 2 10 0 12 8 2 2 8 18 0 8 22 2 10 4 10 10 12 24 4 
 94 14 7 16 13 16 24 0 10 10 22 4 6 8 16 8 8 16 12 14 24 2 12 22 8 6 10 
 95 15 22 12 25 15 13 13 23 7 3 7 13 21 11 19 1 17 3 17 15 17 3 25 7 13 23 
 96 16 12 24 23 12 25 12 9 16 19 0 13 8 19 12 13 4 7 24 13 4 7 6 13 0 23 
 97 17 3 1 24 10 9 21 4 20 13 13 0 8 1 13 0 4 11 9 22 0 7 13 0 0 23 
 98 18 21 22 20 4 13 8 12 6 19 6 6 14 15 2 2 6 17 0 22 22 3 16 16 16 13 
 99 19 14 10 4 8 21 3 15 21 14 20 0 14 3 5 7 13 4 4 0 22 25 15 5 21 8 
 
## xl/worksheets/sheet7.xml
 
 212 214 213 214 219 215 
 131 C2/$C$28 2.8190657982695436E-2 20969421416 1.2269938650306749E-2 2 B2*$E$28 4.5950772511793563 210 
 122 C3/$C$28 1.2298605371487486E-3 914823056 0 0 B3*$E$28 0.20046726755524602 210 
 136 6.032733417692576E-3 4487406055 6.1349693251533744E-3 1 0.98333554708388993 216 
 132 9.9810950629655504E-2 74243669196 0.11042944785276074 18 16.269184952633847 210 
 123 0.20134006864606535 149765385042 0.19631901840490798 32 32.818431189308654 210 
 138 4.7142765505628043E-2 35066812460 3.0674846625766871E-2 5 7.6842707774173711 210 
 134 2.9392075307755828E-2 21863087190 3.0674846625766871E-2 5 4.7909082751641998 217 
 130 2.711869232156907E-2 20172047346 1.8404907975460124E-2 3 4.4203468484157584 211 
 133 7.5206694802506507E-3 5594196764 1.2269938650306749E-2 2 1.225869125280856 218 
 141 2.1689062590875619E-4 161332557 0 0 3.5353172023127259E-2 210 
 112 8.0206020450986921E-3 5966068064 0 0 1.3073581333510869 217 
 129 3.4645457514857966E-2 25770778363 0 0 5.6472095749218489 222 
 110 1.655584323175905E-2 12314946811 1.8404907975460124E-2 3 2.6986024467767251 126 
 126 9.3100445233670934E-2 69252107252 8.5889570552147243E-2 14 15.175372573088362 126 
 137 4.1769715841420509E-2 31070107496 2.4539877300613498E-2 4 6.808463682151543 126 
 107 5.414989232446832E-3 4027901415 0 0 0.88264324488883361 126 
 139 1.2548409643900544E-4 93340457 6.1349693251533744E-3 1 2.0453907719557886E-2 126 
 109 5.899335798353289E-2 43881791800 4.9079754601226995E-2 8 9.6159173513158613 126 
 127 0.12902930857165781 95977537953 0.1411042944785276 23 21.031777297180223 126 
 124 8.9707046258892864E-2 66727951442 0.10429447852760736 17 14.622248540199537 126 
 128 3.8850320064656133E-3 2889853561 6.1349693251533744E-3 1 0.63326021705389501 126 
 106 5.4827260939374037E-4 407828700 0 0 8.9368435331179677E-2 126 
 125 8.2105888121422506E-3 6107388376 1.2269938650306749E-2 2 1.3383259763791868 221 
 111 1.6509628970698747E-3 1228057066 4.2944785276073622E-2 7 0.26910695222238956 220 
 105 6.0022494548563815E-2 44647307750 9.202453987730061E-2 15 9.7836666114159012 217 
 142 3.2503466221819324E-4 241774733 0 0 5.2980649941565497E-2 211 
 SUM(B2:B27) 0.99999999999999989 SUM(C2:C27) 743842922321 SUM(D2:D27) 0.99999999999999989 SUM(E2:E27) 163 
 137-92 45 
 
## xl/worksheets/sheet8.xml
 
 285 286 
 14 44 124 19 89 251 105 24 MOD(D2+I2,26) 17 AVERAGE(J2:J25) 14.25 14 19 MID($A$80,ROW(A1),1) T MID($A$80,ROW(A1)+50,1) Y CODE(N2)-65 19 CODE(O2)-65 24 MOD(L2+P2,26) 7 MOD(M2+Q2,26) 17 CHAR(R2+65) H CHAR(S2+65) R AVERAGE(P2:P25) 11.125 AVERAGE(Q2:Q25) 11.083333333333334 
 15 45 127 18 90 252 105 24 MOD(D3+I3,26) 16 AVERAGE(J3:J26) 14 1 9 MID($A$80,ROW(A2),1) Y MID($A$80,ROW(A2)+50,1) Y CODE(N3)-65 24 CODE(O3)-65 24 MOD(L3+P3,26) 25 MOD(M3+Q3,26) 7 CHAR(R3+65) Z CHAR(S3+65) H AVERAGE(P3:P26) 10.5 AVERAGE(Q3:Q26) 10.25 
 16 46 105 24 91 251 105 24 22 13.5 10 10 E E 4 4 14 14 O O 10.458333333333334 9.4166666666666661 
 17 47 123 4 92 78 123 4 8 12.791666666666666 17 11 T F 19 5 10 16 K Q 10.875 9.5833333333333339 
 18 48 127 18 93 175 127 18 10 12.541666666666666 20 20 E E 4 4 24 24 Y Y 10.25 9.5416666666666661 
 19 49 124 19 94 39 138 5 24 12.666666666666666 14 3 D T 3 19 17 22 R W 10.875 9.5416666666666661 
 20 0 123 4 95 176 123 4 8 12.166666666666666 23 8 E D 4 3 1 11 B L 11.75 8.875 
 21 50 105 24 96 177 127 18 16 12.708333333333334 14 0 C R 2 17 16 17 Q R 12.5 9.2916666666666661 
 22 51 132 3 97 49 124 19 22 12.666666666666666 6 22 D T 3 19 9 15 J P 13.166666666666666 9.375 
 23 78 123 4 98 178 132 3 7 12 7 8 E E 4 4 11 12 L M 13.791666666666666 9.2916666666666661 
 24 52 127 18 99 78 123 4 22 11.916666666666666 20 13 N Y 13 24 7 11 H L 13.791666666666666 9.625 
 25 53 136 2 100 179 109 17 19 11.375 11 5 D D 3 3 14 8 O I 14.208333333333334 8.7916666666666661 
 26 54 132 3 101 180 124 19 22 11.541666666666666 1 1 D H 3 7 4 8 E I 14.875 8.7916666666666661 
 27 111 111 23 102 39 138 5 2 10.958333333333334 18 13 D S 3 18 21 5 V F 15.5 8.6666666666666661 
 28 78 123 4 103 78 123 4 8 11.041666666666666 14 24 O I 14 8 2 6 C G 15.916666666666666 8.5 
 29 55 126 13 104 181 105 24 11 10.75 11 15 N A 13 0 24 15 Y P 16.083333333333332 8.875 
 30 45 127 18 105 45 127 18 10 11.208333333333334 8 21 N Y 13 24 21 19 V T 16.333333333333332 9.875 
 31 56 132 3 106 182 132 3 6 11.666666666666666 5 19 S N 18 13 23 6 X G 15.958333333333334 9.625 
 32 77 132 3 107 183 130 7 10 11.75 1 19 Y E 24 4 25 23 Z X 15.5 9.25 
 33 311 132 3 108 184 134 6 9 12.291666666666666 1 12 T T 19 19 20 5 U F 15.5 9.5833333333333339 
 34 312 132 3 109 185 127 18 21 12.583333333333334 22 25 S D 18 3 14 2 O C 15.458333333333334 8.9166666666666661 
 35 313 137 14 110 133 133 8 22 11.75 5 5 D D 3 3 8 8 I I 15.5 9.2916666666666661 
 36 314 126 13 111 186 123 4 17 11.208333333333334 11 15 S N 18 13 3 2 D C 16.375 9.9583333333333339 
 37 315 126 13 112 131 131 0 13 11.416666666666666 17 10 T E 19 4 10 14 K O 16.333333333333332 10.375 
 38 316 126 13 113 187 105 24 11 11.333333333333334 21 22 E E 4 4 25 0 Z A 16.333333333333332 11.041666666666666 
 39 111 111 23 114 188 130 7 4 11.25 16 6 X E 23 4 13 10 N K 17.125 11.041666666666666 
 40 317 127 18 115 189 126 13 5 12.125 16 3 O I 14 8 4 11 E L 16.75 11.541666666666666 
 41 318 105 24 116 78 123 4 2 12.583333333333334 15 10 E E 4 4 19 14 T O 
 42 319 125 22 117 190 109 17 13 12.541666666666666 17 25 T E 19 4 10 3 K D 
 43 320 124 19 118 191 124 19 12 12.625 13 23 Y D 24 3 11 0 L A 
 44 154 127 18 119 192 132 3 21 13.041666666666666 6 19 W N 22 13 2 6 C G 
 45 50 105 24 120 193 109 17 15 13.083333333333334 10 9 S T 18 19 2 2 C C 
 46 321 132 3 121 77 132 3 6 12.541666666666666 18 2 S R 18 17 10 19 K T 
 47 322 127 18 122 194 126 13 5 12.333333333333334 18 3 E M 4 12 22 15 W P 
 48 145 132 3 123 195 134 6 9 12.5 14 8 X E 23 4 11 12 L M 
 49 146 124 19 124 78 123 4 23 12.791666666666666 19 6 T D 19 3 12 9 M J 
 50 147 123 4 125 196 123 4 8 12.541666666666666 22 10 S E 18 4 14 14 O O 
 51 148 123 4 126 131 131 0 4 13.125 19 20 N O 13 14 6 8 G I 
 52 111 111 23 127 197 123 4 1 13.916666666666666 16 7 S R 18 17 8 24 I Y 
 53 149 137 14 128 133 133 8 22 14.333333333333334 18 20 T Y 19 24 11 18 L S 
 54 150 127 18 129 198 132 3 21 13.833333333333334 9 0 E S 4 18 13 18 N S 
 55 78 123 4 130 78 123 4 8 12.958333333333334 16 20 H E 7 4 23 24 X Y 
 56 151 124 19 131 199 123 4 23 13.5 18 4 Y M 24 12 16 16 Q Q 
 57 316 126 13 132 77 132 3 16 12.75 18 10 S D 18 3 10 13 K N 
 58 152 105 24 133 200 132 3 1 13 4 2 T M 19 12 23 14 X O 
 59 153 125 22 134 189 126 13 9 13.666666666666666 10 0 Y T 24 19 8 19 I T 
 60 154 127 18 135 78 123 4 22 13.875 25 17 R X 17 23 16 14 Q O 
 61 45 127 18 136 201 124 19 11 13.166666666666666 25 T U 19 20 18 20 S U 
 62 155 127 18 137 202 109 17 9 13.25 22 X E 23 4 19 4 T E 
 63 156 124 19 138 203 134 6 25 12.916666666666666 0 O Q 14 16 14 16 O Q 
 64 157 123 4 139 204 110 12 16 12.833333333333334 AVERAGE(R2:R51) 13.4 AVERAGE(S2:S51) 12.2 
 65 111 111 23 140 78 123 4 1 12.333333333333334 
 66 226 105 24 141 205 109 17 15 
 67 227 124 19 142 206 132 3 22 
 68 228 127 18 143 78 123 4 22 
 69 229 105 24 144 207 123 4 2 
 70 230 126 13 145 313 137 14 1 
 71 231 127 18 146 208 109 17 9 
 72 232 111 23 147 209 124 19 16 
 73 233 124 19 148 114 105 24 17 
 74 234 123 4 149 115 127 18 22 
 75 235 127 18 150 39 138 5 23 
 76 236 130 7 151 78 123 4 11 
 77 237 105 24 152 116 110 12 10 
 78 230 126 13 153 117 126 13 0 
 79 228 127 18 154 118 132 3 MOD(D67+I67,26) 21 
 80 227 124 19 155 204 110 12 5 
 81 231 127 18 156 78 123 4 22 
 82 238 105 24 157 119 124 19 17 
 83 239 109 17 158 111 111 23 14 
 84 235 127 18 159 120 126 13 5 
 85 240 124 19 160 121 128 20 13 
 86 111 111 23 161 13 123 4 1 
 87 241 109 17 162 14 134 6 23 
 88 242 137 14 163 139 139 16 4 
 283 LEN(A79) 50 
 284 LEN(A80) 100 
 RIGHT(A80,50) YYEFETDRTEYDHSIAYNETDDNEEEIEEDNTRMEDEORYSEMDMTXUEQ 
 
## xl/worksheets/sheet9.xml
 
 1 2 
 1 1 MOD(A2,3) 1 IF(B2=0,1,0) 0 B2+C2 1 MOD(D2+1,2) 0 124 IF(E2=1,F2,"") G2 IF(E2=0,F2,"") T I2 T 
 1+A2 2 MOD(A3,3) 2 IF(B3=0,1,0) 0 B3+C3 2 MOD(D3+1,2) 1 127 IF(E3=1,F3,"") S H2&G3 S IF(E3=0,F3,"") J2&I3 T 
 1+A3 3 0 1 1 0 105 H3&G4 S Y J3&I4 TY 
 4 1 0 1 0 123 S E TYE 
 5 2 0 2 1 127 S SS TYE 
 6 0 1 1 0 124 SS T TYET 
 7 1 0 1 0 123 SS E TYETE 
 8 2 0 2 1 105 Y SSY TYETE 
 9 0 1 1 0 132 SSY D TYETED 
 10 1 0 1 0 123 SSY E TYETEDE 
 11 2 0 2 1 127 S SSYS TYETEDE 
 12 0 1 1 0 136 SSYS C TYETEDEC 
 13 1 0 1 0 132 SSYS D TYETEDECD 
 14 2 0 2 1 111 X SSYSX TYETEDECD 
 15 0 1 1 0 123 SSYSX E TYETEDECDE 
 16 1 0 1 0 126 SSYSX N TYETEDECDEN 
 17 2 0 2 1 127 S SSYSXS TYETEDECDEN 
 18 0 1 1 0 132 SSYSXS D TYETEDECDEND 
 19 1 0 1 0 132 SSYSXS D TYETEDECDENDD 
 20 2 0 2 1 132 D SSYSXSD TYETEDECDENDD 
 21 0 1 1 0 132 SSYSXSD D TYETEDECDENDDD 
 22 1 0 1 0 137 SSYSXSD O TYETEDECDENDDDO 
 23 2 0 2 1 126 N SSYSXSDN TYETEDECDENDDDO 
 24 0 1 1 0 126 SSYSXSDN N TYETEDECDENDDDON 
 25 1 0 1 0 126 SSYSXSDN N TYETEDECDENDDDONN 
 26 2 0 2 1 111 X SSYSXSDNX TYETEDECDENDDDONN 
 27 0 1 1 0 127 SSYSXSDNX S TYETEDECDENDDDONNS 
 28 1 0 1 0 105 SSYSXSDNX Y TYETEDECDENDDDONNSY 
 29 2 0 2 1 125 W SSYSXSDNXW TYETEDECDENDDDONNSY 
 30 0 1 1 0 124 SSYSXSDNXW T TYETEDECDENDDDONNSYT 
 31 1 0 1 0 127 SSYSXSDNXW S TYETEDECDENDDDONNSYTS 
 32 2 0 2 1 105 Y SSYSXSDNXWY TYETEDECDENDDDONNSYTS 
 33 0 1 1 0 132 SSYSXSDNXWY D TYETEDECDENDDDONNSYTSD 
 34 1 0 1 0 127 SSYSXSDNXWY S TYETEDECDENDDDONNSYTSDS 
 35 2 0 2 1 132 D SSYSXSDNXWYD TYETEDECDENDDDONNSYTSDS 
 36 0 1 1 0 124 SSYSXSDNXWYD T TYETEDECDENDDDONNSYTSDST 
 37 1 0 1 0 123 SSYSXSDNXWYD E TYETEDECDENDDDONNSYTSDSTE 
 38 2 0 2 1 123 E SSYSXSDNXWYDE TYETEDECDENDDDONNSYTSDSTE 
 39 0 1 1 0 111 SSYSXSDNXWYDE X TYETEDECDENDDDONNSYTSDSTEX 
 40 1 0 1 0 137 SSYSXSDNXWYDE O TYETEDECDENDDDONNSYTSDSTEXO 
 41 2 0 2 1 127 S SSYSXSDNXWYDES TYETEDECDENDDDONNSYTSDSTEXO 
 42 0 1 1 0 123 SSYSXSDNXWYDES E TYETEDECDENDDDONNSYTSDSTEXOE 
 43 1 0 1 0 124 SSYSXSDNXWYDES T TYETEDECDENDDDONNSYTSDSTEXOET 
 44 2 0 2 1 126 N SSYSXSDNXWYDESN TYETEDECDENDDDONNSYTSDSTEXOET 
 45 0 1 1 0 105 SSYSXSDNXWYDESN Y TYETEDECDENDDDONNSYTSDSTEXOETY 
 46 1 0 1 0 125 SSYSXSDNXWYDESN W TYETEDECDENDDDONNSYTSDSTEXOETYW 
 47 2 0 2 1 127 S SSYSXSDNXWYDESNS TYETEDECDENDDDONNSYTSDSTEXOETYW 
 48 0 1 1 0 127 SSYSXSDNXWYDESNS S TYETEDECDENDDDONNSYTSDSTEXOETYWS 
 49 1 0 1 0 127 SSYSXSDNXWYDESNS S TYETEDECDENDDDONNSYTSDSTEXOETYWSS 
 50 2 0 2 1 124 T SSYSXSDNXWYDESNST TYETEDECDENDDDONNSYTSDSTEXOETYWSS 
 51 0 1 1 0 123 SSYSXSDNXWYDESNST E TYETEDECDENDDDONNSYTSDSTEXOETYWSSE 
 52 1 0 1 0 111 SSYSXSDNXWYDESNST X TYETEDECDENDDDONNSYTSDSTEXOETYWSSEX 
 53 2 0 2 1 105 Y SSYSXSDNXWYDESNSTY TYETEDECDENDDDONNSYTSDSTEXOETYWSSEX 
 54 0 1 1 0 124 SSYSXSDNXWYDESNSTY T TYETEDECDENDDDONNSYTSDSTEXOETYWSSEXT 
 55 1 0 1 0 127 SSYSXSDNXWYDESNSTY S TYETEDECDENDDDONNSYTSDSTEXOETYWSSEXTS 
 56 2 0 2 1 105 Y SSYSXSDNXWYDESNSTYY TYETEDECDENDDDONNSYTSDSTEXOETYWSSEXTS 
 57 0 1 1 0 126 SSYSXSDNXWYDESNSTYY N TYETEDECDENDDDONNSYTSDSTEXOETYWSSEXTSN 
 58 1 0 1 0 127 SSYSXSDNXWYDESNSTYY S TYETEDECDENDDDONNSYTSDSTEXOETYWSSEXTSNS 
 59 2 0 2 1 111 X SSYSXSDNXWYDESNSTYYX TYETEDECDENDDDONNSYTSDSTEXOETYWSSEXTSNS 
 60 0 1 1 0 124 SSYSXSDNXWYDESNSTYYX T TYETEDECDENDDDONNSYTSDSTEXOETYWSSEXTSNST 
 61 1 0 1 0 123 SSYSXSDNXWYDESNSTYYX E TYETEDECDENDDDONNSYTSDSTEXOETYWSSEXTSNSTE 
 62 2 0 2 1 127 S SSYSXSDNXWYDESNSTYYXS TYETEDECDENDDDONNSYTSDSTEXOETYWSSEXTSNSTE 
 63 0 1 1 0 130 SSYSXSDNXWYDESNSTYYXS H TYETEDECDENDDDONNSYTSDSTEXOETYWSSEXTSNSTEH 
 64 1 0 1 0 105 SSYSXSDNXWYDESNSTYYXS Y TYETEDECDENDDDONNSYTSDSTEXOETYWSSEXTSNSTEHY 
 65 2 0 2 1 126 N SSYSXSDNXWYDESNSTYYXSN TYETEDECDENDDDONNSYTSDSTEXOETYWSSEXTSNSTEHY 
 66 MOD(A67,3) 0 IF(B67=0,1,0) 1 B67+C67 1 MOD(D67+1,2) 0 127 IF(E67=1,F67,"") SSYSXSDNXWYDESNSTYYXSN IF(E67=0,F67,"") S TYETEDECDENDDDONNSYTSDSTEXOETYWSSEXTSNSTEHYS 
 1+A67 67 1 0 1 0 124 H67&G68 SSYSXSDNXWYDESNSTYYXSN T J67&I68 TYETEDECDENDDDONNSYTSDSTEXOETYWSSEXTSNSTEHYST 
 68 2 0 2 1 127 S SSYSXSDNXWYDESNSTYYXSNS TYETEDECDENDDDONNSYTSDSTEXOETYWSSEXTSNSTEHYST 
 69 0 1 1 0 105 SSYSXSDNXWYDESNSTYYXSNS Y TYETEDECDENDDDONNSYTSDSTEXOETYWSSEXTSNSTEHYSTY 
 70 1 0 1 0 109 SSYSXSDNXWYDESNSTYYXSNS R TYETEDECDENDDDONNSYTSDSTEXOETYWSSEXTSNSTEHYSTYR 
 71 2 0 2 1 127 S SSYSXSDNXWYDESNSTYYXSNSS TYETEDECDENDDDONNSYTSDSTEXOETYWSSEXTSNSTEHYSTYR 
 72 0 1 1 0 124 SSYSXSDNXWYDESNSTYYXSNSS T TYETEDECDENDDDONNSYTSDSTEXOETYWSSEXTSNSTEHYSTYRT 
 73 1 0 1 0 111 SSYSXSDNXWYDESNSTYYXSNSS X TYETEDECDENDDDONNSYTSDSTEXOETYWSSEXTSNSTEHYSTYRTX 
 74 2 0 2 1 109 R SSYSXSDNXWYDESNSTYYXSNSSR TYETEDECDENDDDONNSYTSDSTEXOETYWSSEXTSNSTEHYSTYRTX 
 75 0 1 1 0 137 SSYSXSDNXWYDESNSTYYXSNSSR O TYETEDECDENDDDONNSYTSDSTEXOETYWSSEXTSNSTEHYSTYRTXO 
 76 1 0 1 0 105 SSYSXSDNXWYDESNSTYYXSNSSR Y TYETEDECDENDDDONNSYTSDSTEXOETYWSSEXTSNSTEHYSTYRTXOY 
 77 2 0 2 1 105 Y SSYSXSDNXWYDESNSTYYXSNSSRY TYETEDECDENDDDONNSYTSDSTEXOETYWSSEXTSNSTEHYSTYRTXOY 
 78 0 1 1 0 105 SSYSXSDNXWYDESNSTYYXSNSSRY Y TYETEDECDENDDDONNSYTSDSTEXOETYWSSEXTSNSTEHYSTYRTXOYY 
 79 1 0 1 0 123 SSYSXSDNXWYDESNSTYYXSNSSRY E TYETEDECDENDDDONNSYTSDSTEXOETYWSSEXTSNSTEHYSTYRTXOYYE 
 80 2 0 2 1 127 S SSYSXSDNXWYDESNSTYYXSNSSRYS TYETEDECDENDDDONNSYTSDSTEXOETYWSSEXTSNSTEHYSTYRTXOYYE 
 81 0 1 1 0 138 SSYSXSDNXWYDESNSTYYXSNSSRYS F TYETEDECDENDDDONNSYTSDSTEXOETYWSSEXTSNSTEHYSTYRTXOYYEF 
 82 1 0 1 0 123 SSYSXSDNXWYDESNSTYYXSNSSRYS E TYETEDECDENDDDONNSYTSDSTEXOETYWSSEXTSNSTEHYSTYRTXOYYEFE 
 83 2 0 2 1 127 S SSYSXSDNXWYDESNSTYYXSNSSRYSS TYETEDECDENDDDONNSYTSDSTEXOETYWSSEXTSNSTEHYSTYRTXOYYEFE 
 84 0 1 1 0 124 SSYSXSDNXWYDESNSTYYXSNSSRYSS T TYETEDECDENDDDONNSYTSDSTEXOETYWSSEXTSNSTEHYSTYRTXOYYEFET 
 85 1 0 1 0 132 SSYSXSDNXWYDESNSTYYXSNSSRYSS D TYETEDECDENDDDONNSYTSDSTEXOETYWSSEXTSNSTEHYSTYRTXOYYEFETD 
 86 2 0 2 1 123 E SSYSXSDNXWYDESNSTYYXSNSSRYSSE TYETEDECDENDDDONNSYTSDSTEXOETYWSSEXTSNSTEHYSTYRTXOYYEFETD 
 87 0 1 1 0 109 SSYSXSDNXWYDESNSTYYXSNSSRYSSE R TYETEDECDENDDDONNSYTSDSTEXOETYWSSEXTSNSTEHYSTYRTXOYYEFETDR 
 88 1 0 1 0 124 SSYSXSDNXWYDESNSTYYXSNSSRYSSE T TYETEDECDENDDDONNSYTSDSTEXOETYWSSEXTSNSTEHYSTYRTXOYYEFETDRT 
 89 2 0 2 1 138 F SSYSXSDNXWYDESNSTYYXSNSSRYSSEF TYETEDECDENDDDONNSYTSDSTEXOETYWSSEXTSNSTEHYSTYRTXOYYEFETDRT 
 90 0 1 1 0 123 SSYSXSDNXWYDESNSTYYXSNSSRYSSEF E TYETEDECDENDDDONNSYTSDSTEXOETYWSSEXTSNSTEHYSTYRTXOYYEFETDRTE 
 91 1 0 1 0 105 SSYSXSDNXWYDESNSTYYXSNSSRYSSEF Y TYETEDECDENDDDONNSYTSDSTEXOETYWSSEXTSNSTEHYSTYRTXOYYEFETDRTEY 
 92 2 0 2 1 127 S SSYSXSDNXWYDESNSTYYXSNSSRYSSEFS TYETEDECDENDDDONNSYTSDSTEXOETYWSSEXTSNSTEHYSTYRTXOYYEFETDRTEY 
 93 0 1 1 0 132 SSYSXSDNXWYDESNSTYYXSNSSRYSSEFS D TYETEDECDENDDDONNSYTSDSTEXOETYWSSEXTSNSTEHYSTYRTXOYYEFETDRTEYD 
 94 1 0 1 0 130 SSYSXSDNXWYDESNSTYYXSNSSRYSSEFS H TYETEDECDENDDDONNSYTSDSTEXOETYWSSEXTSNSTEHYSTYRTXOYYEFETDRTEYDH 
 95 2 0 2 1 134 G SSYSXSDNXWYDESNSTYYXSNSSRYSSEFSG TYETEDECDENDDDONNSYTSDSTEXOETYWSSEXTSNSTEHYSTYRTXOYYEFETDRTEYDH 
 96 0 1 1 0 127 SSYSXSDNXWYDESNSTYYXSNSSRYSSEFSG S TYETEDECDENDDDONNSYTSDSTEXOETYWSSEXTSNSTEHYSTYRTXOYYEFETDRTEYDHS 
 97 1 0 1 0 133 SSYSXSDNXWYDESNSTYYXSNSSRYSSEFSG I TYETEDECDENDDDONNSYTSDSTEXOETYWSSEXTSNSTEHYSTYRTXOYYEFETDRTEYDHSI 
 98 2 0 2 1 123 E SSYSXSDNXWYDESNSTYYXSNSSRYSSEFSGE TYETEDECDENDDDONNSYTSDSTEXOETYWSSEXTSNSTEHYSTYRTXOYYEFETDRTEYDHSI 
 99 0 1 1 0 131 SSYSXSDNXWYDESNSTYYXSNSSRYSSEFSGE A TYETEDECDENDDDONNSYTSDSTEXOETYWSSEXTSNSTEHYSTYRTXOYYEFETDRTEYDHSIA 
 100 1 0 1 0 105 SSYSXSDNXWYDESNSTYYXSNSSRYSSEFSGE Y TYETEDECDENDDDONNSYTSDSTEXOETYWSSEXTSNSTEHYSTYRTXOYYEFETDRTEYDHSIAY 
 101 2 0 2 1 130 H SSYSXSDNXWYDESNSTYYXSNSSRYSSEFSGEH TYETEDECDENDDDONNSYTSDSTEXOETYWSSEXTSNSTEHYSTYRTXOYYEFETDRTEYDHSIAY 
 102 0 1 1 0 126 SSYSXSDNXWYDESNSTYYXSNSSRYSSEFSGEH N TYETEDECDENDDDONNSYTSDSTEXOETYWSSEXTSNSTEHYSTYRTXOYYEFETDRTEYDHSIAYN 
 103 1 0 1 0 123 SSYSXSDNXWYDESNSTYYXSNSSRYSSEFSGEH E TYETEDECDENDDDONNSYTSDSTEXOETYWSSEXTSNSTEHYSTYRTXOYYEFETDRTEYDHSIAYNE 
 104 2 0 2 1 109 R SSYSXSDNXWYDESNSTYYXSNSSRYSSEFSGEHR TYETEDECDENDDDONNSYTSDSTEXOETYWSSEXTSNSTEHYSTYRTXOYYEFETDRTEYDHSIAYNE 
 105 0 1 1 0 124 SSYSXSDNXWYDESNSTYYXSNSSRYSSEFSGEHR T TYETEDECDENDDDONNSYTSDSTEXOETYWSSEXTSNSTEHYSTYRTXOYYEFETDRTEYDHSIAYNET 
 106 1 0 1 0 132 SSYSXSDNXWYDESNSTYYXSNSSRYSSEFSGEHR D TYETEDECDENDDDONNSYTSDSTEXOETYWSSEXTSNSTEHYSTYRTXOYYEFETDRTEYDHSIAYNETD 
 107 2 0 2 1 109 R SSYSXSDNXWYDESNSTYYXSNSSRYSSEFSGEHRR TYETEDECDENDDDONNSYTSDSTEXOETYWSSEXTSNSTEHYSTYRTXOYYEFETDRTEYDHSIAYNETD 
 108 0 1 1 0 132 SSYSXSDNXWYDESNSTYYXSNSSRYSSEFSGEHRR D TYETEDECDENDDDONNSYTSDSTEXOETYWSSEXTSNSTEHYSTYRTXOYYEFETDRTEYDHSIAYNETDD 
 109 1 0 1 0 126 SSYSXSDNXWYDESNSTYYXSNSSRYSSEFSGEHRR N TYETEDECDENDDDONNSYTSDSTEXOETYWSSEXTSNSTEHYSTYRTXOYYEFETDRTEYDHSIAYNETDDN 
 110 2 0 2 1 134 G SSYSXSDNXWYDESNSTYYXSNSSRYSSEFSGEHRRG TYETEDECDENDDDONNSYTSDSTEXOETYWSSEXTSNSTEHYSTYRTXOYYEFETDRTEYDHSIAYNETDDN 
 111 0 1 1 0 123 SSYSXSDNXWYDESNSTYYXSNSSRYSSEFSGEHRRG E TYETEDECDENDDDONNSYTSDSTEXOETYWSSEXTSNSTEHYSTYRTXOYYEFETDRTEYDHSIAYNETDDNE 
 112 1 0 1 0 123 SSYSXSDNXWYDESNSTYYXSNSSRYSSEFSGEHRRG E TYETEDECDENDDDONNSYTSDSTEXOETYWSSEXTSNSTEHYSTYRTXOYYEFETDRTEYDHSIAYNETDDNEE 
 113 2 0 2 1 131 A SSYSXSDNXWYDESNSTYYXSNSSRYSSEFSGEHRRGA TYETEDECDENDDDONNSYTSDSTEXOETYWSSEXTSNSTEHYSTYRTXOYYEFETDRTEYDHSIAYNETDDNEE 
 114 0 1 1 0 123 SSYSXSDNXWYDESNSTYYXSNSSRYSSEFSGEHRRGA E TYETEDECDENDDDONNSYTSDSTEXOETYWSSEXTSNSTEHYSTYRTXOYYEFETDRTEYDHSIAYNETDDNEEE 
 115 1 0 1 0 133 SSYSXSDNXWYDESNSTYYXSNSSRYSSEFSGEHRRGA I TYETEDECDENDDDONNSYTSDSTEXOETYWSSEXTSNSTEHYSTYRTXOYYEFETDRTEYDHSIAYNETDDNEEEI 
 116 2 0 2 1 132 D SSYSXSDNXWYDESNSTYYXSNSSRYSSEFSGEHRRGAD TYETEDECDENDDDONNSYTSDSTEXOETYWSSEXTSNSTEHYSTYRTXOYYEFETDRTEYDHSIAYNETDDNEEEI 
 117 0 1 1 0 123 SSYSXSDNXWYDESNSTYYXSNSSRYSSEFSGEHRRGAD E TYETEDECDENDDDONNSYTSDSTEXOETYWSSEXTSNSTEHYSTYRTXOYYEFETDRTEYDHSIAYNETDDNEEEIE 
 118 1 0 1 0 123 SSYSXSDNXWYDESNSTYYXSNSSRYSSEFSGEHRRGAD E TYETEDECDENDDDONNSYTSDSTEXOETYWSSEXTSNSTEHYSTYRTXOYYEFETDRTEYDHSIAYNETDDNEEEIEE 
 119 2 0 2 1 132 D SSYSXSDNXWYDESNSTYYXSNSSRYSSEFSGEHRRGADD TYETEDECDENDDDONNSYTSDSTEXOETYWSSEXTSNSTEHYSTYRTXOYYEFETDRTEYDHSIAYNETDDNEEEIEE 
 120 0 1 1 0 132 SSYSXSDNXWYDESNSTYYXSNSSRYSSEFSGEHRRGADD D TYETEDECDENDDDONNSYTSDSTEXOETYWSSEXTSNSTEHYSTYRTXOYYEFETDRTEYDHSIAYNETDDNEEEIEED 
 121 1 0 1 0 126 SSYSXSDNXWYDESNSTYYXSNSSRYSSEFSGEHRRGADD N TYETEDECDENDDDONNSYTSDSTEXOETYWSSEXTSNSTEHYSTYRTXOYYEFETDRTEYDHSIAYNETDDNEEEIEEDN 
 122 2 0 2 1 123 E SSYSXSDNXWYDESNSTYYXSNSSRYSSEFSGEHRRGADDE TYETEDECDENDDDONNSYTSDSTEXOETYWSSEXTSNSTEHYSTYRTXOYYEFETDRTEYDHSIAYNETDDNEEEIEEDN 
 123 0 1 1 0 124 SSYSXSDNXWYDESNSTYYXSNSSRYSSEFSGEHRRGADDE T TYETEDECDENDDDONNSYTSDSTEXOETYWSSEXTSNSTEHYSTYRTXOYYEFETDRTEYDHSIAYNETDDNEEEIEEDNT 
 124 1 0 1 0 109 SSYSXSDNXWYDESNSTYYXSNSSRYSSEFSGEHRRGADDE R TYETEDECDENDDDONNSYTSDSTEXOETYWSSEXTSNSTEHYSTYRTXOYYEFETDRTEYDHSIAYNETDDNEEEIEEDNTR 
 125 2 0 2 1 134 G SSYSXSDNXWYDESNSTYYXSNSSRYSSEFSGEHRRGADDEG TYETEDECDENDDDONNSYTSDSTEXOETYWSSEXTSNSTEHYSTYRTXOYYEFETDRTEYDHSIAYNETDDNEEEIEEDNTR 
 126 0 1 1 0 110 SSYSXSDNXWYDESNSTYYXSNSSRYSSEFSGEHRRGADDEG M TYETEDECDENDDDONNSYTSDSTEXOETYWSSEXTSNSTEHYSTYRTXOYYEFETDRTEYDHSIAYNETDDNEEEIEEDNTRM 
 127 1 0 1 0 123 SSYSXSDNXWYDESNSTYYXSNSSRYSSEFSGEHRRGADDEG E TYETEDECDENDDDONNSYTSDSTEXOETYWSSEXTSNSTEHYSTYRTXOYYEFETDRTEYDHSIAYNETDDNEEEIEEDNTRME 
 128 2 0 2 1 109 R SSYSXSDNXWYDESNSTYYXSNSSRYSSEFSGEHRRGADDEGR TYETEDECDENDDDONNSYTSDSTEXOETYWSSEXTSNSTEHYSTYRTXOYYEFETDRTEYDHSIAYNETDDNEEEIEEDNTRME 
 129 0 1 1 0 132 SSYSXSDNXWYDESNSTYYXSNSSRYSSEFSGEHRRGADDEGR D TYETEDECDENDDDONNSYTSDSTEXOETYWSSEXTSNSTEHYSTYRTXOYYEFETDRTEYDHSIAYNETDDNEEEIEEDNTRMED 
 130 MOD(A131,3) 1 IF(B131=0,1,0) 0 B131+C131 1 MOD(D131+1,2) 0 123 IF(E131=1,F131,"") SSYSXSDNXWYDESNSTYYXSNSSRYSSEFSGEHRRGADDEGR IF(E131=0,F131,"") E TYETEDECDENDDDONNSYTSDSTEXOETYWSSEXTSNSTEHYSTYRTXOYYEFETDRTEYDHSIAYNETDDNEEEIEEDNTRMEDE 
 1+A131 131 2 0 2 1 123 E H131&G132 SSYSXSDNXWYDESNSTYYXSNSSRYSSEFSGEHRRGADDEGRE J131&I132 TYETEDECDENDDDONNSYTSDSTEXOETYWSSEXTSNSTEHYSTYRTXOYYEFETDRTEYDHSIAYNETDDNEEEIEEDNTRMEDE 
 132 0 1 1 0 137 SSYSXSDNXWYDESNSTYYXSNSSRYSSEFSGEHRRGADDEGRE O TYETEDECDENDDDONNSYTSDSTEXOETYWSSEXTSNSTEHYSTYRTXOYYEFETDRTEYDHSIAYNETDDNEEEIEEDNTRMEDEO 
 133 1 0 1 0 109 SSYSXSDNXWYDESNSTYYXSNSSRYSSEFSGEHRRGADDEGRE R TYETEDECDENDDDONNSYTSDSTEXOETYWSSEXTSNSTEHYSTYRTXOYYEFETDRTEYDHSIAYNETDDNEEEIEEDNTRMEDEOR 
 134 2 0 2 1 124 T SSYSXSDNXWYDESNSTYYXSNSSRYSSEFSGEHRRGADDEGRET TYETEDECDENDDDONNSYTSDSTEXOETYWSSEXTSNSTEHYSTYRTXOYYEFETDRTEYDHSIAYNETDDNEEEIEEDNTRMEDEOR 
 135 0 1 1 0 105 SSYSXSDNXWYDESNSTYYXSNSSRYSSEFSGEHRRGADDEGRET Y TYETEDECDENDDDONNSYTSDSTEXOETYWSSEXTSNSTEHYSTYRTXOYYEFETDRTEYDHSIAYNETDDNEEEIEEDNTRMEDEORY 
 136 1 0 1 0 127 SSYSXSDNXWYDESNSTYYXSNSSRYSSEFSGEHRRGADDEGRET S TYETEDECDENDDDONNSYTSDSTEXOETYWSSEXTSNSTEHYSTYRTXOYYEFETDRTEYDHSIAYNETDDNEEEIEEDNTRMEDEORYS 
 137 2 0 2 1 138 F SSYSXSDNXWYDESNSTYYXSNSSRYSSEFSGEHRRGADDEGRETF TYETEDECDENDDDONNSYTSDSTEXOETYWSSEXTSNSTEHYSTYRTXOYYEFETDRTEYDHSIAYNETDDNEEEIEEDNTRMEDEORYS 
 138 0 1 1 0 123 SSYSXSDNXWYDESNSTYYXSNSSRYSSEFSGEHRRGADDEGRETF E TYETEDECDENDDDONNSYTSDSTEXOETYWSSEXTSNSTEHYSTYRTXOYYEFETDRTEYDHSIAYNETDDNEEEIEEDNTRMEDEORYSE 
 139 1 0 1 0 110 SSYSXSDNXWYDESNSTYYXSNSSRYSSEFSGEHRRGADDEGRETF M TYETEDECDENDDDONNSYTSDSTEXOETYWSSEXTSNSTEHYSTYRTXOYYEFETDRTEYDHSIAYNETDDNEEEIEEDNTRMEDEORYSEM 
 140 2 0 2 1 126 N SSYSXSDNXWYDESNSTYYXSNSSRYSSEFSGEHRRGADDEGRETFN TYETEDECDENDDDONNSYTSDSTEXOETYWSSEXTSNSTEHYSTYRTXOYYEFETDRTEYDHSIAYNETDDNEEEIEEDNTRMEDEORYSEM 
 141 0 1 1 0 132 SSYSXSDNXWYDESNSTYYXSNSSRYSSEFSGEHRRGADDEGRETFN D TYETEDECDENDDDONNSYTSDSTEXOETYWSSEXTSNSTEHYSTYRTXOYYEFETDRTEYDHSIAYNETDDNEEEIEEDNTRMEDEORYSEMD 
 142 1 0 1 0 110 SSYSXSDNXWYDESNSTYYXSNSSRYSSEFSGEHRRGADDEGRETFN M TYETEDECDENDDDONNSYTSDSTEXOETYWSSEXTSNSTEHYSTYRTXOYYEFETDRTEYDHSIAYNETDDNEEEIEEDNTRMEDEORYSEMDM 
 143 2 0 2 1 123 E SSYSXSDNXWYDESNSTYYXSNSSRYSSEFSGEHRRGADDEGRETFNE TYETEDECDENDDDONNSYTSDSTEXOETYWSSEXTSNSTEHYSTYRTXOYYEFETDRTEYDHSIAYNETDDNEEEIEEDNTRMEDEORYSEMDM 
 144 0 1 1 0 124 SSYSXSDNXWYDESNSTYYXSNSSRYSSEFSGEHRRGADDEGRETFNE T TYETEDECDENDDDONNSYTSDSTEXOETYWSSEXTSNSTEHYSTYRTXOYYEFETDRTEYDHSIAYNETDDNEEEIEEDNTRMEDEORYSEMDMT 
 145 1 0 1 0 111 SSYSXSDNXWYDESNSTYYXSNSSRYSSEFSGEHRRGADDEGRETFNE X TYETEDECDENDDDONNSYTSDSTEXOETYWSSEXTSNSTEHYSTYRTXOYYEFETDRTEYDHSIAYNETDDNEEEIEEDNTRMEDEORYSEMDMTX 
 146 2 0 2 1 126 N SSYSXSDNXWYDESNSTYYXSNSSRYSSEFSGEHRRGADDEGRETFNEN TYETEDECDENDDDONNSYTSDSTEXOETYWSSEXTSNSTEHYSTYRTXOYYEFETDRTEYDHSIAYNETDDNEEEIEEDNTRMEDEORYSEMDMTX 
 147 0 1 1 0 128 SSYSXSDNXWYDESNSTYYXSNSSRYSSEFSGEHRRGADDEGRETFNEN U TYETEDECDENDDDONNSYTSDSTEXOETYWSSEXTSNSTEHYSTYRTXOYYEFETDRTEYDHSIAYNETDDNEEEIEEDNTRMEDEORYSEMDMTXU 
 148 1 0 1 0 123 SSYSXSDNXWYDESNSTYYXSNSSRYSSEFSGEHRRGADDEGRETFNEN E TYETEDECDENDDDONNSYTSDSTEXOETYWSSEXTSNSTEHYSTYRTXOYYEFETDRTEYDHSIAYNETDDNEEEIEEDNTRMEDEORYSEMDMTXUE 
 149 2 0 2 1 134 G SSYSXSDNXWYDESNSTYYXSNSSRYSSEFSGEHRRGADDEGRETFNENG TYETEDECDENDDDONNSYTSDSTEXOETYWSSEXTSNSTEHYSTYRTXOYYEFETDRTEYDHSIAYNETDDNEEEIEEDNTRMEDEORYSEMDMTXUE 
 150 0 1 1 0 139 SSYSXSDNXWYDESNSTYYXSNSSRYSSEFSGEHRRGADDEGRETFNENG Q TYETEDECDENDDDONNSYTSDSTEXOETYWSSEXTSNSTEHYSTYRTXOYYEFETDRTEYDHSIAYNETDDNEEEIEEDNTRMEDEORYSEMDMTXUEQ 
 SUM(E2:E151) 50 LEN(H151) 50 LEN(J151) 100 
 30/50 0.6 LEFT(J151,50) TYETEDECDENDDDONNSYTSDSTEXOETYWSSEXTSNSTEHYSTYRTXO 
 RIGHT(J151,50) YYEFETDRTEYDHSIAYNETDDNEEEIEEDNTRMEDEORYSEMDMTXUEQ 
 