GEO=1 N=182 FAM=I W=2..9 (D: W1<=6 W2<=6) TOP=1 ITER2=15000 REST2=3 A=1,2,3
  W=2 : Rmax=11 ; meilleur qoff=-1000000000000000019884624838656.000
  W=3 : Rmax=12 ; meilleur qoff=-1000000000000000019884624838656.000
  W=4 : Rmax=15 ; meilleur qoff=-1000000000000000019884624838656.000
  W=5 : Rmax=10 ; meilleur qoff=-1000000000000000019884624838656.000
  W=6 : Rmax=14 ; meilleur qoff=-1000000000000000019884624838656.000
  W=7 : Rmax=9 ; meilleur qoff=-1000000000000000019884624838656.000
  W=8 : Rmax=11 ; meilleur qoff=-1000000000000000019884624838656.000
  W=9 : Rmax=6 ; meilleur qoff=-1000000000000000019884624838656.000
NULL #0 qoff=-1000000000000000019884624838656.000 (W=0 W2=0)
  W=2 : Rmax=11 ; meilleur qoff=-1000000000000000019884624838656.000
  W=3 : Rmax=4 ; meilleur qoff=-1000000000000000019884624838656.000
  W=4 : Rmax=8 ; meilleur qoff=-1000000000000000019884624838656.000
  W=5 : Rmax=12 ; meilleur qoff=-1000000000000000019884624838656.000
  W=6 : Rmax=5 ; meilleur qoff=-1000000000000000019884624838656.000
  W=7 : Rmax=8 ; meilleur qoff=-1000000000000000019884624838656.000
  W=8 : Rmax=19 ; meilleur qoff=-1000000000000000019884624838656.000
  W=9 : Rmax=11 ; meilleur qoff=-1000000000000000019884624838656.000
NULL #1 qoff=-1000000000000000019884624838656.000 (W=-20041995 W2=0)
  W=2 : Rmax=7 ; meilleur qoff=-1000000000000000019884624838656.000
  W=3 : Rmax=6 ; meilleur qoff=-1000000000000000019884624838656.000
  W=4 : Rmax=6 ; meilleur qoff=-1000000000000000019884624838656.000
  W=5 : Rmax=8 ; meilleur qoff=-1000000000000000019884624838656.000
  W=6 : Rmax=12 ; meilleur qoff=-1000000000000000019884624838656.000
  W=7 : Rmax=10 ; meilleur qoff=-1000000000000000019884624838656.000
  W=8 : Rmax=9 ; meilleur qoff=-1000000000000000019884624838656.000
  W=9 : Rmax=13 ; meilleur qoff=-1000000000000000019884624838656.000
NULL #2 qoff=-1000000000000000019884624838656.000 (W=-20041995 W2=0)
  W=2 : Rmax=7 ; meilleur qoff=-1000000000000000019884624838656.000
  W=3 : Rmax=7 ; meilleur qoff=-1000000000000000019884624838656.000
  W=4 : Rmax=6 ; meilleur qoff=-1000000000000000019884624838656.000
  W=5 : Rmax=10 ; meilleur qoff=-1000000000000000019884624838656.000
  W=6 : Rmax=6 ; meilleur qoff=-1000000000000000019884624838656.000
  W=7 : Rmax=9 ; meilleur qoff=-1000000000000000019884624838656.000
  W=8 : Rmax=9 ; meilleur qoff=-1000000000000000019884624838656.000
  W=9 : Rmax=19 ; meilleur qoff=-1000000000000000019884624838656.000
NULL #3 qoff=-1000000000000000019884624838656.000 (W=-20041995 W2=0)
  W=2 : Rmax=7 ; meilleur qoff=-1000000000000000019884624838656.000
  W=3 : Rmax=11 ; meilleur qoff=-1000000000000000019884624838656.000
  W=4 : Rmax=12 ; meilleur qoff=-1000000000000000019884624838656.000
  W=5 : Rmax=6 ; meilleur qoff=-1000000000000000019884624838656.000
  W=6 : Rmax=13 ; meilleur qoff=-1000000000000000019884624838656.000
  W=7 : Rmax=9 ; meilleur qoff=-1000000000000000019884624838656.000
  W=8 : Rmax=12 ; meilleur qoff=-1000000000000000019884624838656.000
  W=9 : Rmax=38 ; meilleur qoff=-1000000000000000019884624838656.000
NULL #4 qoff=-1000000000000000019884624838656.000 (W=-20041995 W2=0)
  W=2 : Rmax=13 ; meilleur qoff=-1000000000000000019884624838656.000
  W=3 : Rmax=9 ; meilleur qoff=-1000000000000000019884624838656.000
  W=4 : Rmax=8 ; meilleur qoff=-1000000000000000019884624838656.000
  W=5 : Rmax=8 ; meilleur qoff=-1000000000000000019884624838656.000
  W=6 : Rmax=7 ; meilleur qoff=-1000000000000000019884624838656.000
  W=7 : Rmax=12 ; meilleur qoff=-1000000000000000019884624838656.000
  W=8 : Rmax=15 ; meilleur qoff=-1000000000000000019884624838656.000
  W=9 : Rmax=18 ; meilleur qoff=-1000000000000000019884624838656.000
NULL #5 qoff=-1000000000000000019884624838656.000 (W=-20041995 W2=0)
  W=2 : Rmax=6 ; meilleur qoff=-1000000000000000019884624838656.000
  W=3 : Rmax=5 ; meilleur qoff=-1000000000000000019884624838656.000
  W=4 : Rmax=16 ; meilleur qoff=-1000000000000000019884624838656.000
  W=5 : Rmax=6 ; meilleur qoff=-1000000000000000019884624838656.000
  W=6 : Rmax=7 ; meilleur qoff=-1000000000000000019884624838656.000
  W=7 : Rmax=3 ; meilleur qoff=-1000000000000000019884624838656.000
  W=8 : Rmax=22 ; meilleur qoff=-1000000000000000019884624838656.000
  W=9 : Rmax=14 ; meilleur qoff=-1000000000000000019884624838656.000
NULL #6 qoff=-1000000000000000019884624838656.000 (W=-20041995 W2=0)
  W=2 : Rmax=10 ; meilleur qoff=-1000000000000000019884624838656.000
  W=3 : Rmax=5 ; meilleur qoff=-1000000000000000019884624838656.000
  W=4 : Rmax=14 ; meilleur qoff=-1000000000000000019884624838656.000
  W=5 : Rmax=6 ; meilleur qoff=-1000000000000000019884624838656.000
  W=6 : Rmax=11 ; meilleur qoff=-1000000000000000019884624838656.000
  W=7 : Rmax=9 ; meilleur qoff=-1000000000000000019884624838656.000
  W=8 : Rmax=8 ; meilleur qoff=-1000000000000000019884624838656.000
  W=9 : Rmax=23 ; meilleur qoff=-1000000000000000019884624838656.000
NULL #7 qoff=-1000000000000000019884624838656.000 (W=-20041995 W2=0)
  W=2 : Rmax=2 ; meilleur qoff=-1000000000000000019884624838656.000
  W=3 : Rmax=5 ; meilleur qoff=-1000000000000000019884624838656.000
  W=4 : Rmax=18 ; meilleur qoff=-1000000000000000019884624838656.000
  W=5 : Rmax=23 ; meilleur qoff=-1000000000000000019884624838656.000
  W=6 : Rmax=9 ; meilleur qoff=-1000000000000000019884624838656.000
  W=7 : Rmax=14 ; meilleur qoff=-1000000000000000019884624838656.000
  W=8 : Rmax=16 ; meilleur qoff=-1000000000000000019884624838656.000
  W=9 : Rmax=19 ; meilleur qoff=-1000000000000000019884624838656.000
NULL #8 qoff=-1000000000000000019884624838656.000 (W=-20041995 W2=0)
  W=2 : Rmax=9 ; meilleur qoff=-1000000000000000019884624838656.000
  W=3 : Rmax=7 ; meilleur qoff=-1000000000000000019884624838656.000
  W=4 : Rmax=9 ; meilleur qoff=-1000000000000000019884624838656.000
  W=5 : Rmax=9 ; meilleur qoff=-1000000000000000019884624838656.000
  W=6 : Rmax=14 ; meilleur qoff=-1000000000000000019884624838656.000
  W=7 : Rmax=15 ; meilleur qoff=-1000000000000000019884624838656.000
  W=8 : Rmax=7 ; meilleur qoff=-1000000000000000019884624838656.000
  W=9 : Rmax=11 ; meilleur qoff=-1000000000000000019884624838656.000
NULL #9 qoff=-1000000000000000019884624838656.000 (W=-20041995 W2=0)
  W=2 : Rmax=5 ; meilleur qoff=-1000000000000000019884624838656.000
  W=3 : Rmax=4 ; meilleur qoff=-1000000000000000019884624838656.000
  W=4 : Rmax=3 ; meilleur qoff=-1000000000000000019884624838656.000
  W=5 : Rmax=5 ; meilleur qoff=-1000000000000000019884624838656.000
  W=6 : Rmax=17 ; meilleur qoff=-1000000000000000019884624838656.000
  W=7 : Rmax=10 ; meilleur qoff=-1000000000000000019884624838656.000
  W=8 : Rmax=14 ; meilleur qoff=-1000000000000000019884624838656.000
  W=9 : Rmax=10 ; meilleur qoff=-1000000000000000019884624838656.000
NULL #10 qoff=-1000000000000000019884624838656.000 (W=-20041995 W2=0)
  W=2 : Rmax=8 ; meilleur qoff=-1000000000000000019884624838656.000
  W=3 : Rmax=12 ; meilleur qoff=-1000000000000000019884624838656.000
  W=4 : Rmax=6 ; meilleur qoff=-1000000000000000019884624838656.000
  W=5 : Rmax=12 ; meilleur qoff=-1000000000000000019884624838656.000
  W=6 : Rmax=22 ; meilleur qoff=-1000000000000000019884624838656.000
  W=7 : Rmax=10 ; meilleur qoff=-1000000000000000019884624838656.000
  W=8 : Rmax=21 ; meilleur qoff=-1000000000000000019884624838656.000
  W=9 : Rmax=11 ; meilleur qoff=-1000000000000000019884624838656.000
NULL #11 qoff=-1000000000000000019884624838656.000 (W=-20041995 W2=0)
  W=2 : Rmax=8 ; meilleur qoff=-1000000000000000019884624838656.000
  W=3 : Rmax=6 ; meilleur qoff=-1000000000000000019884624838656.000
  W=4 : Rmax=6 ; meilleur qoff=-1000000000000000019884624838656.000
  W=5 : Rmax=11 ; meilleur qoff=-1000000000000000019884624838656.000
  W=6 : Rmax=8 ; meilleur qoff=-1000000000000000019884624838656.000
  W=7 : Rmax=6 ; meilleur qoff=-1000000000000000019884624838656.000
  W=8 : Rmax=22 ; meilleur qoff=-1000000000000000019884624838656.000
  W=9 : Rmax=16 ; meilleur qoff=-1000000000000000019884624838656.000
NULL #12 qoff=-1000000000000000019884624838656.000 (W=-20041995 W2=0)
  W=2 : Rmax=8 ; meilleur qoff=-1000000000000000019884624838656.000
  W=3 : Rmax=10 ; meilleur qoff=-1000000000000000019884624838656.000
  W=4 : Rmax=5 ; meilleur qoff=-1000000000000000019884624838656.000
  W=5 : Rmax=14 ; meilleur qoff=-1000000000000000019884624838656.000
  W=6 : Rmax=13 ; meilleur qoff=-1000000000000000019884624838656.000
  W=7 : Rmax=13 ; meilleur qoff=-1000000000000000019884624838656.000
  W=8 : Rmax=10 ; meilleur qoff=-1000000000000000019884624838656.000
  W=9 : Rmax=25 ; meilleur qoff=-1000000000000000019884624838656.000
NULL #13 qoff=-1000000000000000019884624838656.000 (W=-20041995 W2=0)
  W=2 : Rmax=11 ; meilleur qoff=-1000000000000000019884624838656.000
  W=3 : Rmax=5 ; meilleur qoff=-1000000000000000019884624838656.000
  W=4 : Rmax=15 ; meilleur qoff=-1000000000000000019884624838656.000
  W=5 : Rmax=8 ; meilleur qoff=-1000000000000000019884624838656.000
  W=6 : Rmax=7 ; meilleur qoff=-1000000000000000019884624838656.000
  W=7 : Rmax=13 ; meilleur qoff=-1000000000000000019884624838656.000
  W=8 : Rmax=11 ; meilleur qoff=-1000000000000000019884624838656.000
  W=9 : Rmax=11 ; meilleur qoff=-1000000000000000019884624838656.000
NULL #14 qoff=-1000000000000000019884624838656.000 (W=-20041995 W2=0)
  W=2 : Rmax=5 ; meilleur qoff=-1000000000000000019884624838656.000
  W=3 : Rmax=4 ; meilleur qoff=-1000000000000000019884624838656.000
  W=4 : Rmax=17 ; meilleur qoff=-1000000000000000019884624838656.000
  W=5 : Rmax=8 ; meilleur qoff=-1000000000000000019884624838656.000
  W=6 : Rmax=11 ; meilleur qoff=-1000000000000000019884624838656.000
  W=7 : Rmax=13 ; meilleur qoff=-1000000000000000019884624838656.000
  W=8 : Rmax=14 ; meilleur qoff=-1000000000000000019884624838656.000
  W=9 : Rmax=25 ; meilleur qoff=-1000000000000000019884624838656.000
NULL #15 qoff=-1000000000000000019884624838656.000 (W=-20041995 W2=0)
  W=2 : Rmax=13 ; meilleur qoff=-1000000000000000019884624838656.000
  W=3 : Rmax=5 ; meilleur qoff=-1000000000000000019884624838656.000
  W=4 : Rmax=9 ; meilleur qoff=-1000000000000000019884624838656.000
  W=5 : Rmax=7 ; meilleur qoff=-1000000000000000019884624838656.000
  W=6 : Rmax=6 ; meilleur qoff=-1000000000000000019884624838656.000
  W=7 : Rmax=9 ; meilleur qoff=-1000000000000000019884624838656.000
  W=8 : Rmax=11 ; meilleur qoff=-1000000000000000019884624838656.000
  W=9 : Rmax=9 ; meilleur qoff=-1000000000000000019884624838656.000
NULL #16 qoff=-1000000000000000019884624838656.000 (W=-20041995 W2=0)
  W=2 : Rmax=6 ; meilleur qoff=-1000000000000000019884624838656.000
  W=3 : Rmax=10 ; meilleur qoff=-1000000000000000019884624838656.000
  W=4 : Rmax=8 ; meilleur qoff=-1000000000000000019884624838656.000
  W=5 : Rmax=14 ; meilleur qoff=-1000000000000000019884624838656.000
  W=6 : Rmax=9 ; meilleur qoff=-1000000000000000019884624838656.000
  W=7 : Rmax=10 ; meilleur qoff=-1000000000000000019884624838656.000
  W=8 : Rmax=9 ; meilleur qoff=-1000000000000000019884624838656.000
  W=9 : Rmax=7 ; meilleur qoff=-1000000000000000019884624838656.000
NULL #17 qoff=-1000000000000000019884624838656.000 (W=-20041995 W2=0)
  W=2 : Rmax=8 ; meilleur qoff=-1000000000000000019884624838656.000
  W=3 : Rmax=18 ; meilleur qoff=-1000000000000000019884624838656.000
  W=4 : Rmax=4 ; meilleur qoff=-1000000000000000019884624838656.000
  W=5 : Rmax=7 ; meilleur qoff=-1000000000000000019884624838656.000
  W=6 : Rmax=6 ; meilleur qoff=-1000000000000000019884624838656.000
  W=7 : Rmax=10 ; meilleur qoff=-1000000000000000019884624838656.000
  W=8 : Rmax=20 ; meilleur qoff=-1000000000000000019884624838656.000
  W=9 : Rmax=12 ; meilleur qoff=-1000000000000000019884624838656.000
NULL #18 qoff=-1000000000000000019884624838656.000 (W=-20041995 W2=0)
  W=2 : Rmax=9 ; meilleur qoff=-1000000000000000019884624838656.000
  W=3 : Rmax=13 ; meilleur qoff=-1000000000000000019884624838656.000
  W=4 : Rmax=6 ; meilleur qoff=-1000000000000000019884624838656.000
  W=5 : Rmax=12 ; meilleur qoff=-1000000000000000019884624838656.000
  W=6 : Rmax=6 ; meilleur qoff=-1000000000000000019884624838656.000
  W=7 : Rmax=7 ; meilleur qoff=-1000000000000000019884624838656.000
  W=8 : Rmax=24 ; meilleur qoff=-1000000000000000019884624838656.000
  W=9 : Rmax=21 ; meilleur qoff=-1000000000000000019884624838656.000
NULL #19 qoff=-1000000000000000019884624838656.000 (W=-20041995 W2=0)
  W=2 : Rmax=6 ; meilleur qoff=-1000000000000000019884624838656.000
  W=3 : Rmax=24 ; meilleur qoff=-1000000000000000019884624838656.000
  W=4 : Rmax=4 ; meilleur qoff=-1000000000000000019884624838656.000
  W=5 : Rmax=17 ; meilleur qoff=-1000000000000000019884624838656.000
  W=6 : Rmax=7 ; meilleur qoff=-1000000000000000019884624838656.000
  W=7 : Rmax=8 ; meilleur qoff=-1000000000000000019884624838656.000
  W=8 : Rmax=15 ; meilleur qoff=-1000000000000000019884624838656.000
  W=9 : Rmax=20 ; meilleur qoff=-1000000000000000019884624838656.000
NULL #20 qoff=-1000000000000000019884624838656.000 (W=-20041995 W2=0)
  W=2 : Rmax=8 ; meilleur qoff=-1000000000000000019884624838656.000
  W=3 : Rmax=6 ; meilleur qoff=-1000000000000000019884624838656.000
  W=4 : Rmax=6 ; meilleur qoff=-1000000000000000019884624838656.000
  W=5 : Rmax=8 ; meilleur qoff=-1000000000000000019884624838656.000
  W=6 : Rmax=18 ; meilleur qoff=-1000000000000000019884624838656.000
  W=7 : Rmax=30 ; meilleur qoff=-1000000000000000019884624838656.000
  W=8 : Rmax=14 ; meilleur qoff=-1000000000000000019884624838656.000
  W=9 : Rmax=15 ; meilleur qoff=-1000000000000000019884624838656.000
NULL #21 qoff=-1000000000000000019884624838656.000 (W=-20041995 W2=0)
  W=2 : Rmax=6 ; meilleur qoff=-1000000000000000019884624838656.000
  W=3 : Rmax=7 ; meilleur qoff=-1000000000000000019884624838656.000
  W=4 : Rmax=17 ; meilleur qoff=-1000000000000000019884624838656.000
  W=5 : Rmax=7 ; meilleur qoff=-1000000000000000019884624838656.000
  W=6 : Rmax=10 ; meilleur qoff=-1000000000000000019884624838656.000
  W=7 : Rmax=20 ; meilleur qoff=-1000000000000000019884624838656.000
  W=8 : Rmax=9 ; meilleur qoff=-1000000000000000019884624838656.000
  W=9 : Rmax=21 ; meilleur qoff=-1000000000000000019884624838656.000
NULL #22 qoff=-1000000000000000019884624838656.000 (W=-20041995 W2=0)
  W=2 : Rmax=2 ; meilleur qoff=-1000000000000000019884624838656.000
  W=3 : Rmax=6 ; meilleur qoff=-1000000000000000019884624838656.000
  W=4 : Rmax=2 ; meilleur qoff=-1000000000000000019884624838656.000
  W=5 : Rmax=6 ; meilleur qoff=-1000000000000000019884624838656.000
  W=6 : Rmax=28 ; meilleur qoff=-1000000000000000019884624838656.000
  W=7 : Rmax=12 ; meilleur qoff=-1000000000000000019884624838656.000
  W=8 : Rmax=7 ; meilleur qoff=-1000000000000000019884624838656.000
  W=9 : Rmax=11 ; meilleur qoff=-1000000000000000019884624838656.000
NULL #23 qoff=-1000000000000000019884624838656.000 (W=-20041995 W2=0)
  W=2 : Rmax=7 ; meilleur qoff=-1000000000000000019884624838656.000
  W=3 : Rmax=3 ; meilleur qoff=-1000000000000000019884624838656.000
  W=4 : Rmax=9 ; meilleur qoff=-1000000000000000019884624838656.000
  W=5 : Rmax=14 ; meilleur qoff=-1000000000000000019884624838656.000
  W=6 : Rmax=14 ; meilleur qoff=-1000000000000000019884624838656.000
  W=7 : Rmax=20 ; meilleur qoff=-1000000000000000019884624838656.000
  W=8 : Rmax=13 ; meilleur qoff=-1000000000000000019884624838656.000
  W=9 : Rmax=13 ; meilleur qoff=-1000000000000000019884624838656.000
NULL #24 qoff=-1000000000000000019884624838656.000 (W=-20041995 W2=0)
  W=2 : Rmax=9 ; meilleur qoff=-1000000000000000019884624838656.000
  W=3 : Rmax=8 ; meilleur qoff=-1000000000000000019884624838656.000
  W=4 : Rmax=5 ; meilleur qoff=-1000000000000000019884624838656.000
  W=5 : Rmax=8 ; meilleur qoff=-1000000000000000019884624838656.000
  W=6 : Rmax=8 ; meilleur qoff=-1000000000000000019884624838656.000
  W=7 : Rmax=7 ; meilleur qoff=-1000000000000000019884624838656.000
  W=8 : Rmax=9 ; meilleur qoff=-1000000000000000019884624838656.000
  W=9 : Rmax=19 ; meilleur qoff=-1000000000000000019884624838656.000
NULL #25 qoff=-1000000000000000019884624838656.000 (W=-20041995 W2=0)
  W=2 : Rmax=7 ; meilleur qoff=-1000000000000000019884624838656.000
  W=3 : Rmax=11 ; meilleur qoff=-1000000000000000019884624838656.000
  W=4 : Rmax=9 ; meilleur qoff=-1000000000000000019884624838656.000
  W=5 : Rmax=6 ; meilleur qoff=-1000000000000000019884624838656.000
  W=6 : Rmax=11 ; meilleur qoff=-1000000000000000019884624838656.000
  W=7 : Rmax=17 ; meilleur qoff=-1000000000000000019884624838656.000
  W=8 : Rmax=17 ; meilleur qoff=-1000000000000000019884624838656.000
  W=9 : Rmax=9 ; meilleur qoff=-1000000000000000019884624838656.000
NULL #26 qoff=-1000000000000000019884624838656.000 (W=-20041995 W2=0)
  W=2 : Rmax=25 ; meilleur qoff=-1000000000000000019884624838656.000
  W=3 : Rmax=2 ; meilleur qoff=-1000000000000000019884624838656.000
  W=4 : Rmax=9 ; meilleur qoff=-1000000000000000019884624838656.000
  W=5 : Rmax=6 ; meilleur qoff=-1000000000000000019884624838656.000
  W=6 : Rmax=20 ; meilleur qoff=-1000000000000000019884624838656.000
  W=7 : Rmax=7 ; meilleur qoff=-1000000000000000019884624838656.000
  W=8 : Rmax=24 ; meilleur qoff=-1000000000000000019884624838656.000
  W=9 : Rmax=17 ; meilleur qoff=-1000000000000000019884624838656.000
NULL #27 qoff=-1000000000000000019884624838656.000 (W=-20041995 W2=0)
  W=2 : Rmax=10 ; meilleur qoff=-1000000000000000019884624838656.000
  W=3 : Rmax=5 ; meilleur qoff=-1000000000000000019884624838656.000
  W=4 : Rmax=5 ; meilleur qoff=-1000000000000000019884624838656.000
  W=5 : Rmax=5 ; meilleur qoff=-1000000000000000019884624838656.000
  W=6 : Rmax=7 ; meilleur qoff=-1000000000000000019884624838656.000
  W=7 : Rmax=6 ; meilleur qoff=-1000000000000000019884624838656.000
  W=8 : Rmax=15 ; meilleur qoff=-1000000000000000019884624838656.000
  W=9 : Rmax=15 ; meilleur qoff=-1000000000000000019884624838656.000
NULL #28 qoff=-1000000000000000019884624838656.000 (W=-20041995 W2=0)
  W=2 : Rmax=15 ; meilleur qoff=-1000000000000000019884624838656.000
  W=3 : Rmax=13 ; meilleur qoff=-1000000000000000019884624838656.000
  W=4 : Rmax=11 ; meilleur qoff=-1000000000000000019884624838656.000
  W=5 : Rmax=12 ; meilleur qoff=-1000000000000000019884624838656.000
  W=6 : Rmax=16 ; meilleur qoff=-1000000000000000019884624838656.000
  W=7 : Rmax=12 ; meilleur qoff=-1000000000000000019884624838656.000
  W=8 : Rmax=9 ; meilleur qoff=-1000000000000000019884624838656.000
  W=9 : Rmax=20 ; meilleur qoff=-1000000000000000019884624838656.000
NULL #29 qoff=-1000000000000000019884624838656.000 (W=-20041995 W2=0)
  W=2 : Rmax=5 ; meilleur qoff=-1000000000000000019884624838656.000
  W=3 : Rmax=9 ; meilleur qoff=-1000000000000000019884624838656.000
  W=4 : Rmax=23 ; meilleur qoff=-1000000000000000019884624838656.000
  W=5 : Rmax=6 ; meilleur qoff=-1000000000000000019884624838656.000
  W=6 : Rmax=11 ; meilleur qoff=-1000000000000000019884624838656.000
  W=7 : Rmax=9 ; meilleur qoff=-1000000000000000019884624838656.000
  W=8 : Rmax=14 ; meilleur qoff=-1000000000000000019884624838656.000
  W=9 : Rmax=22 ; meilleur qoff=-1000000000000000019884624838656.000
NULL #30 qoff=-1000000000000000019884624838656.000 (W=-20041995 W2=0)
  W=2 : Rmax=11 ; meilleur qoff=-1000000000000000019884624838656.000
  W=3 : Rmax=5 ; meilleur qoff=-1000000000000000019884624838656.000
  W=4 : Rmax=10 ; meilleur qoff=-1000000000000000019884624838656.000
  W=5 : Rmax=17 ; meilleur qoff=-1000000000000000019884624838656.000
  W=6 : Rmax=12 ; meilleur qoff=-1000000000000000019884624838656.000
  W=7 : Rmax=8 ; meilleur qoff=-1000000000000000019884624838656.000
  W=8 : Rmax=11 ; meilleur qoff=-1000000000000000019884624838656.000
  W=9 : Rmax=9 ; meilleur qoff=-1000000000000000019884624838656.000
NULL #31 qoff=-1000000000000000019884624838656.000 (W=-20041995 W2=0)
  W=2 : Rmax=4 ; meilleur qoff=-1000000000000000019884624838656.000
  W=3 : Rmax=12 ; meilleur qoff=-1000000000000000019884624838656.000
  W=4 : Rmax=6 ; meilleur qoff=-1000000000000000019884624838656.000
  W=5 : Rmax=14 ; meilleur qoff=-1000000000000000019884624838656.000
  W=6 : Rmax=10 ; meilleur qoff=-1000000000000000019884624838656.000
  W=7 : Rmax=15 ; meilleur qoff=-1000000000000000019884624838656.000
  W=8 : Rmax=7 ; meilleur qoff=-1000000000000000019884624838656.000
  W=9 : Rmax=14 ; meilleur qoff=-1000000000000000019884624838656.000
NULL #32 qoff=-1000000000000000019884624838656.000 (W=-20041995 W2=0)
  W=2 : Rmax=5 ; meilleur qoff=-1000000000000000019884624838656.000
  W=3 : Rmax=6 ; meilleur qoff=-1000000000000000019884624838656.000
  W=4 : Rmax=6 ; meilleur qoff=-1000000000000000019884624838656.000
  W=5 : Rmax=9 ; meilleur qoff=-1000000000000000019884624838656.000
  W=6 : Rmax=7 ; meilleur qoff=-1000000000000000019884624838656.000
  W=7 : Rmax=17 ; meilleur qoff=-1000000000000000019884624838656.000
  W=8 : Rmax=19 ; meilleur qoff=-1000000000000000019884624838656.000
  W=9 : Rmax=15 ; meilleur qoff=-1000000000000000019884624838656.000
NULL #33 qoff=-1000000000000000019884624838656.000 (W=-20041995 W2=0)
  W=2 : Rmax=8 ; meilleur qoff=-1000000000000000019884624838656.000
  W=3 : Rmax=9 ; meilleur qoff=-1000000000000000019884624838656.000
  W=4 : Rmax=1 ; meilleur qoff=-1000000000000000019884624838656.000
  W=5 : Rmax=10 ; meilleur qoff=-1000000000000000019884624838656.000
  W=6 : Rmax=8 ; meilleur qoff=-1000000000000000019884624838656.000
  W=7 : Rmax=9 ; meilleur qoff=-1000000000000000019884624838656.000
  W=8 : Rmax=24 ; meilleur qoff=-1000000000000000019884624838656.000
  W=9 : Rmax=19 ; meilleur qoff=-1000000000000000019884624838656.000
NULL #34 qoff=-1000000000000000019884624838656.000 (W=-20041995 W2=0)
  W=2 : Rmax=12 ; meilleur qoff=-1000000000000000019884624838656.000
  W=3 : Rmax=12 ; meilleur qoff=-1000000000000000019884624838656.000
  W=4 : Rmax=6 ; meilleur qoff=-1000000000000000019884624838656.000
  W=5 : Rmax=12 ; meilleur qoff=-1000000000000000019884624838656.000
  W=6 : Rmax=15 ; meilleur qoff=-1000000000000000019884624838656.000
  W=7 : Rmax=14 ; meilleur qoff=-1000000000000000019884624838656.000
  W=8 : Rmax=6 ; meilleur qoff=-1000000000000000019884624838656.000
  W=9 : Rmax=15 ; meilleur qoff=-1000000000000000019884624838656.000
NULL #35 qoff=-1000000000000000019884624838656.000 (W=-20041995 W2=0)
  W=2 : Rmax=7 ; meilleur qoff=-1000000000000000019884624838656.000
  W=3 : Rmax=5 ; meilleur qoff=-1000000000000000019884624838656.000
  W=4 : Rmax=10 ; meilleur qoff=-1000000000000000019884624838656.000
  W=5 : Rmax=11 ; meilleur qoff=-1000000000000000019884624838656.000
  W=6 : Rmax=8 ; meilleur qoff=-1000000000000000019884624838656.000
  W=7 : Rmax=19 ; meilleur qoff=-1000000000000000019884624838656.000
  W=8 : Rmax=11 ; meilleur qoff=-1000000000000000019884624838656.000
  W=9 : Rmax=13 ; meilleur qoff=-1000000000000000019884624838656.000
NULL #36 qoff=-1000000000000000019884624838656.000 (W=-20041995 W2=0)
  W=2 : Rmax=6 ; meilleur qoff=-1000000000000000019884624838656.000
  W=3 : Rmax=10 ; meilleur qoff=-1000000000000000019884624838656.000
  W=4 : Rmax=12 ; meilleur qoff=-1000000000000000019884624838656.000
  W=5 : Rmax=10 ; meilleur qoff=-1000000000000000019884624838656.000
  W=6 : Rmax=18 ; meilleur qoff=-1000000000000000019884624838656.000
  W=7 : Rmax=11 ; meilleur qoff=-1000000000000000019884624838656.000
  W=8 : Rmax=11 ; meilleur qoff=-1000000000000000019884624838656.000
  W=9 : Rmax=9 ; meilleur qoff=-1000000000000000019884624838656.000
NULL #37 qoff=-1000000000000000019884624838656.000 (W=-20041995 W2=0)
  W=2 : Rmax=14 ; meilleur qoff=-1000000000000000019884624838656.000
  W=3 : Rmax=11 ; meilleur qoff=-1000000000000000019884624838656.000
  W=4 : Rmax=10 ; meilleur qoff=-1000000000000000019884624838656.000
  W=5 : Rmax=12 ; meilleur qoff=-1000000000000000019884624838656.000
  W=6 : Rmax=10 ; meilleur qoff=-1000000000000000019884624838656.000
  W=7 : Rmax=5 ; meilleur qoff=-1000000000000000019884624838656.000
  W=8 : Rmax=11 ; meilleur qoff=-1000000000000000019884624838656.000
  W=9 : Rmax=13 ; meilleur qoff=-1000000000000000019884624838656.000
NULL #38 qoff=-1000000000000000019884624838656.000 (W=-20041995 W2=0)
  W=2 : Rmax=13 ; meilleur qoff=-1000000000000000019884624838656.000
  W=3 : Rmax=10 ; meilleur qoff=-1000000000000000019884624838656.000
  W=4 : Rmax=11 ; meilleur qoff=-1000000000000000019884624838656.000
  W=5 : Rmax=23 ; meilleur qoff=-1000000000000000019884624838656.000
  W=6 : Rmax=10 ; meilleur qoff=-1000000000000000019884624838656.000
  W=7 : Rmax=12 ; meilleur qoff=-1000000000000000019884624838656.000
  W=8 : Rmax=13 ; meilleur qoff=-1000000000000000019884624838656.000
  W=9 : Rmax=17 ; meilleur qoff=-1000000000000000019884624838656.000
NULL #39 qoff=-1000000000000000019884624838656.000 (W=-20041995 W2=0)
  W=2 : Rmax=5 ; meilleur qoff=-1000000000000000019884624838656.000
  W=3 : Rmax=8 ; meilleur qoff=-1000000000000000019884624838656.000
  W=4 : Rmax=4 ; meilleur qoff=-1000000000000000019884624838656.000
  W=5 : Rmax=9 ; meilleur qoff=-1000000000000000019884624838656.000
  W=6 : Rmax=13 ; meilleur qoff=-1000000000000000019884624838656.000
  W=7 : Rmax=6 ; meilleur qoff=-1000000000000000019884624838656.000
  W=8 : Rmax=7 ; meilleur qoff=-1000000000000000019884624838656.000
  W=9 : Rmax=10 ; meilleur qoff=-1000000000000000019884624838656.000
NULL #40 qoff=-1000000000000000019884624838656.000 (W=-20041995 W2=0)
  W=2 : Rmax=12 ; meilleur qoff=-1000000000000000019884624838656.000
  W=3 : Rmax=9 ; meilleur qoff=-1000000000000000019884624838656.000
  W=4 : Rmax=9 ; meilleur qoff=-1000000000000000019884624838656.000
  W=5 : Rmax=7 ; meilleur qoff=-1000000000000000019884624838656.000
  W=6 : Rmax=22 ; meilleur qoff=-1000000000000000019884624838656.000
  W=7 : Rmax=10 ; meilleur qoff=-1000000000000000019884624838656.000
  W=8 : Rmax=9 ; meilleur qoff=-1000000000000000019884624838656.000
  W=9 : Rmax=7 ; meilleur qoff=-1000000000000000019884624838656.000
NULL #41 qoff=-1000000000000000019884624838656.000 (W=-20041995 W2=0)
  W=2 : Rmax=5 ; meilleur qoff=-1000000000000000019884624838656.000
  W=3 : Rmax=16 ; meilleur qoff=-1000000000000000019884624838656.000
  W=4 : Rmax=13 ; meilleur qoff=-1000000000000000019884624838656.000
  W=5 : Rmax=10 ; meilleur qoff=-1000000000000000019884624838656.000
  W=6 : Rmax=13 ; meilleur qoff=-1000000000000000019884624838656.000
  W=7 : Rmax=10 ; meilleur qoff=-1000000000000000019884624838656.000
  W=8 : Rmax=18 ; meilleur qoff=-1000000000000000019884624838656.000
  W=9 : Rmax=16 ; meilleur qoff=-1000000000000000019884624838656.000
NULL #42 qoff=-1000000000000000019884624838656.000 (W=-20041995 W2=0)
  W=2 : Rmax=16 ; meilleur qoff=-1000000000000000019884624838656.000
  W=3 : Rmax=7 ; meilleur qoff=-1000000000000000019884624838656.000
  W=4 : Rmax=21 ; meilleur qoff=-1000000000000000019884624838656.000
  W=5 : Rmax=6 ; meilleur qoff=-1000000000000000019884624838656.000
  W=6 : Rmax=16 ; meilleur qoff=-1000000000000000019884624838656.000
  W=7 : Rmax=9 ; meilleur qoff=-1000000000000000019884624838656.000
  W=8 : Rmax=21 ; meilleur qoff=-1000000000000000019884624838656.000
  W=9 : Rmax=25 ; meilleur qoff=-1000000000000000019884624838656.000
NULL #43 qoff=-1000000000000000019884624838656.000 (W=-20041995 W2=0)
  W=2 : Rmax=5 ; meilleur qoff=-1000000000000000019884624838656.000
  W=3 : Rmax=3 ; meilleur qoff=-1000000000000000019884624838656.000
  W=4 : Rmax=17 ; meilleur qoff=-1000000000000000019884624838656.000
  W=5 : Rmax=19 ; meilleur qoff=-1000000000000000019884624838656.000
  W=6 : Rmax=6 ; meilleur qoff=-1000000000000000019884624838656.000
  W=7 : Rmax=23 ; meilleur qoff=-1000000000000000019884624838656.000
  W=8 : Rmax=13 ; meilleur qoff=-1000000000000000019884624838656.000
  W=9 : Rmax=7 ; meilleur qoff=-1000000000000000019884624838656.000
NULL #44 qoff=-1000000000000000019884624838656.000 (W=-20041995 W2=0)
  W=2 : Rmax=5 ; meilleur qoff=-1000000000000000019884624838656.000
  W=3 : Rmax=9 ; meilleur qoff=-1000000000000000019884624838656.000
  W=4 : Rmax=8 ; meilleur qoff=-1000000000000000019884624838656.000
  W=5 : Rmax=13 ; meilleur qoff=-1000000000000000019884624838656.000
  W=6 : Rmax=9 ; meilleur qoff=-1000000000000000019884624838656.000
  W=7 : Rmax=18 ; meilleur qoff=-1000000000000000019884624838656.000
  W=8 : Rmax=14 ; meilleur qoff=-1000000000000000019884624838656.000
  W=9 : Rmax=17 ; meilleur qoff=-1000000000000000019884624838656.000
NULL #45 qoff=-1000000000000000019884624838656.000 (W=-20041995 W2=0)
  W=2 : Rmax=7 ; meilleur qoff=-1000000000000000019884624838656.000
  W=3 : Rmax=8 ; meilleur qoff=-1000000000000000019884624838656.000
  W=4 : Rmax=15 ; meilleur qoff=-1000000000000000019884624838656.000
  W=5 : Rmax=11 ; meilleur qoff=-1000000000000000019884624838656.000
  W=6 : Rmax=7 ; meilleur qoff=-1000000000000000019884624838656.000
  W=7 : Rmax=11 ; meilleur qoff=-1000000000000000019884624838656.000
  W=8 : Rmax=10 ; meilleur qoff=-1000000000000000019884624838656.000
  W=9 : Rmax=12 ; meilleur qoff=-1000000000000000019884624838656.000
NULL #46 qoff=-1000000000000000019884624838656.000 (W=-20041995 W2=0)
  W=2 : Rmax=13 ; meilleur qoff=-1000000000000000019884624838656.000
  W=3 : Rmax=13 ; meilleur qoff=-1000000000000000019884624838656.000
  W=4 : Rmax=11 ; meilleur qoff=-1000000000000000019884624838656.000
  W=5 : Rmax=8 ; meilleur qoff=-1000000000000000019884624838656.000
  W=6 : Rmax=8 ; meilleur qoff=-1000000000000000019884624838656.000
  W=7 : Rmax=13 ; meilleur qoff=-1000000000000000019884624838656.000
  W=8 : Rmax=10 ; meilleur qoff=-1000000000000000019884624838656.000
  W=9 : Rmax=15 ; meilleur qoff=-1000000000000000019884624838656.000
NULL #47 qoff=-1000000000000000019884624838656.000 (W=-20041995 W2=0)
  W=2 : Rmax=10 ; meilleur qoff=-1000000000000000019884624838656.000
  W=3 : Rmax=8 ; meilleur qoff=-1000000000000000019884624838656.000
  W=4 : Rmax=8 ; meilleur qoff=-1000000000000000019884624838656.000
  W=5 : Rmax=6 ; meilleur qoff=-1000000000000000019884624838656.000
  W=6 : Rmax=7 ; meilleur qoff=-1000000000000000019884624838656.000
  W=7 : Rmax=4 ; meilleur qoff=-1000000000000000019884624838656.000
  W=8 : Rmax=10 ; meilleur qoff=-1000000000000000019884624838656.000
  W=9 : Rmax=20 ; meilleur qoff=-1000000000000000019884624838656.000
NULL #48 qoff=-1000000000000000019884624838656.000 (W=-20041995 W2=0)
  W=2 : Rmax=14 ; meilleur qoff=-1000000000000000019884624838656.000
  W=3 : Rmax=5 ; meilleur qoff=-1000000000000000019884624838656.000
  W=4 : Rmax=3 ; meilleur qoff=-1000000000000000019884624838656.000
  W=5 : Rmax=2 ; meilleur qoff=-1000000000000000019884624838656.000
  W=6 : Rmax=4 ; meilleur qoff=-1000000000000000019884624838656.000
  W=7 : Rmax=12 ; meilleur qoff=-1000000000000000019884624838656.000
  W=8 : Rmax=13 ; meilleur qoff=-1000000000000000019884624838656.000
  W=9 : Rmax=29 ; meilleur qoff=-1000000000000000019884624838656.000
NULL #49 qoff=-1000000000000000019884624838656.000 (W=-20041995 W2=0)
  W=2 : Rmax=7 ; meilleur qoff=-1000000000000000019884624838656.000
  W=3 : Rmax=11 ; meilleur qoff=-1000000000000000019884624838656.000
  W=4 : Rmax=12 ; meilleur qoff=-1000000000000000019884624838656.000
  W=5 : Rmax=14 ; meilleur qoff=-1000000000000000019884624838656.000
  W=6 : Rmax=11 ; meilleur qoff=-1000000000000000019884624838656.000
  W=7 : Rmax=14 ; meilleur qoff=-1000000000000000019884624838656.000
  W=8 : Rmax=19 ; meilleur qoff=-1000000000000000019884624838656.000
  W=9 : Rmax=16 ; meilleur qoff=-1000000000000000019884624838656.000
NULL #50 qoff=-1000000000000000019884624838656.000 (W=-20041995 W2=0)
  W=2 : Rmax=4 ; meilleur qoff=-1000000000000000019884624838656.000
  W=3 : Rmax=9 ; meilleur qoff=-1000000000000000019884624838656.000
  W=4 : Rmax=6 ; meilleur qoff=-1000000000000000019884624838656.000
  W=5 : Rmax=6 ; meilleur qoff=-1000000000000000019884624838656.000
  W=6 : Rmax=7 ; meilleur qoff=-1000000000000000019884624838656.000
  W=7 : Rmax=10 ; meilleur qoff=-1000000000000000019884624838656.000
  W=8 : Rmax=18 ; meilleur qoff=-1000000000000000019884624838656.000
  W=9 : Rmax=19 ; meilleur qoff=-1000000000000000019884624838656.000
NULL #51 qoff=-1000000000000000019884624838656.000 (W=-20041995 W2=0)
  W=2 : Rmax=1 ; meilleur qoff=-1000000000000000019884624838656.000
  W=3 : Rmax=6 ; meilleur qoff=-1000000000000000019884624838656.000
  W=4 : Rmax=8 ; meilleur qoff=-1000000000000000019884624838656.000
  W=5 : Rmax=19 ; meilleur qoff=-1000000000000000019884624838656.000
  W=6 : Rmax=14 ; meilleur qoff=-1000000000000000019884624838656.000
  W=7 : Rmax=12 ; meilleur qoff=-1000000000000000019884624838656.000
  W=8 : Rmax=11 ; meilleur qoff=-1000000000000000019884624838656.000
  W=9 : Rmax=17 ; meilleur qoff=-1000000000000000019884624838656.000
NULL #52 qoff=-1000000000000000019884624838656.000 (W=-20041995 W2=0)
  W=2 : Rmax=13 ; meilleur qoff=-1000000000000000019884624838656.000
  W=3 : Rmax=7 ; meilleur qoff=-1000000000000000019884624838656.000
  W=4 : Rmax=8 ; meilleur qoff=-1000000000000000019884624838656.000
  W=5 : Rmax=5 ; meilleur qoff=-1000000000000000019884624838656.000
  W=6 : Rmax=11 ; meilleur qoff=-1000000000000000019884624838656.000
  W=7 : Rmax=14 ; meilleur qoff=-1000000000000000019884624838656.000
  W=8 : Rmax=10 ; meilleur qoff=-1000000000000000019884624838656.000
  W=9 : Rmax=16 ; meilleur qoff=-1000000000000000019884624838656.000
NULL #53 qoff=-1000000000000000019884624838656.000 (W=-20041995 W2=0)
  W=2 : Rmax=11 ; meilleur qoff=-1000000000000000019884624838656.000
  W=3 : Rmax=7 ; meilleur qoff=-1000000000000000019884624838656.000
  W=4 : Rmax=3 ; meilleur qoff=-1000000000000000019884624838656.000
  W=5 : Rmax=14 ; meilleur qoff=-1000000000000000019884624838656.000
  W=6 : Rmax=9 ; meilleur qoff=-1000000000000000019884624838656.000
  W=7 : Rmax=7 ; meilleur qoff=-1000000000000000019884624838656.000
  W=8 : Rmax=6 ; meilleur qoff=-1000000000000000019884624838656.000
  W=9 : Rmax=9 ; meilleur qoff=-1000000000000000019884624838656.000
NULL #54 qoff=-1000000000000000019884624838656.000 (W=-20041995 W2=0)
  W=2 : Rmax=9 ; meilleur qoff=-1000000000000000019884624838656.000
  W=3 : Rmax=6 ; meilleur qoff=-1000000000000000019884624838656.000
  W=4 : Rmax=6 ; meilleur qoff=-1000000000000000019884624838656.000
  W=5 : Rmax=6 ; meilleur qoff=-1000000000000000019884624838656.000
  W=6 : Rmax=15 ; meilleur qoff=-1000000000000000019884624838656.000
  W=7 : Rmax=8 ; meilleur qoff=-1000000000000000019884624838656.000
  W=8 : Rmax=6 ; meilleur qoff=-1000000000000000019884624838656.000
  W=9 : Rmax=15 ; meilleur qoff=-1000000000000000019884624838656.000
NULL #55 qoff=-1000000000000000019884624838656.000 (W=-20041995 W2=0)
  W=2 : Rmax=8 ; meilleur qoff=-1000000000000000019884624838656.000
  W=3 : Rmax=7 ; meilleur qoff=-1000000000000000019884624838656.000
  W=4 : Rmax=6 ; meilleur qoff=-1000000000000000019884624838656.000
  W=5 : Rmax=8 ; meilleur qoff=-1000000000000000019884624838656.000
  W=6 : Rmax=10 ; meilleur qoff=-1000000000000000019884624838656.000
  W=7 : Rmax=15 ; meilleur qoff=-1000000000000000019884624838656.000
  W=8 : Rmax=15 ; meilleur qoff=-1000000000000000019884624838656.000
  W=9 : Rmax=13 ; meilleur qoff=-1000000000000000019884624838656.000
NULL #56 qoff=-1000000000000000019884624838656.000 (W=-20041995 W2=0)
  W=2 : Rmax=3 ; meilleur qoff=-1000000000000000019884624838656.000
  W=3 : Rmax=3 ; meilleur qoff=-1000000000000000019884624838656.000
  W=4 : Rmax=9 ; meilleur qoff=-1000000000000000019884624838656.000
  W=5 : Rmax=11 ; meilleur qoff=-1000000000000000019884624838656.000
  W=6 : Rmax=8 ; meilleur qoff=-1000000000000000019884624838656.000
  W=7 : Rmax=10 ; meilleur qoff=-1000000000000000019884624838656.000
  W=8 : Rmax=17 ; meilleur qoff=-1000000000000000019884624838656.000
  W=9 : Rmax=16 ; meilleur qoff=-1000000000000000019884624838656.000
NULL #57 qoff=-1000000000000000019884624838656.000 (W=-20041995 W2=0)
  W=2 : Rmax=3 ; meilleur qoff=-1000000000000000019884624838656.000
  W=3 : Rmax=10 ; meilleur qoff=-1000000000000000019884624838656.000
  W=4 : Rmax=10 ; meilleur qoff=-1000000000000000019884624838656.000
  W=5 : Rmax=10 ; meilleur qoff=-1000000000000000019884624838656.000
  W=6 : Rmax=12 ; meilleur qoff=-1000000000000000019884624838656.000
  W=7 : Rmax=14 ; meilleur qoff=-1000000000000000019884624838656.000
  W=8 : Rmax=15 ; meilleur qoff=-1000000000000000019884624838656.000
  W=9 : Rmax=16 ; meilleur qoff=-1000000000000000019884624838656.000
NULL #58 qoff=-1000000000000000019884624838656.000 (W=-20041995 W2=0)
  W=2 : Rmax=3 ; meilleur qoff=-1000000000000000019884624838656.000
  W=3 : Rmax=10 ; meilleur qoff=-1000000000000000019884624838656.000
  W=4 : Rmax=9 ; meilleur qoff=-1000000000000000019884624838656.000
  W=5 : Rmax=9 ; meilleur qoff=-1000000000000000019884624838656.000
  W=6 : Rmax=10 ; meilleur qoff=-1000000000000000019884624838656.000
  W=7 : Rmax=8 ; meilleur qoff=-1000000000000000019884624838656.000
  W=8 : Rmax=21 ; meilleur qoff=-1000000000000000019884624838656.000
  W=9 : Rmax=17 ; meilleur qoff=-1000000000000000019884624838656.000
NULL #59 qoff=-1000000000000000019884624838656.000 (W=-20041995 W2=0)
  W=2 : Rmax=18 ; meilleur qoff=-1000000000000000019884624838656.000
  W=3 : Rmax=4 ; meilleur qoff=-1000000000000000019884624838656.000
  W=4 : Rmax=8 ; meilleur qoff=-1000000000000000019884624838656.000
  W=5 : Rmax=18 ; meilleur qoff=-1000000000000000019884624838656.000
  W=6 : Rmax=11 ; meilleur qoff=-1000000000000000019884624838656.000
  W=7 : Rmax=8 ; meilleur qoff=-1000000000000000019884624838656.000
  W=8 : Rmax=10 ; meilleur qoff=-1000000000000000019884624838656.000
  W=9 : Rmax=17 ; meilleur qoff=-1000000000000000019884624838656.000
NULL #60 qoff=-1000000000000000019884624838656.000 (W=-20041995 W2=0)
  W=2 : Rmax=6 ; meilleur qoff=-1000000000000000019884624838656.000
  W=3 : Rmax=6 ; meilleur qoff=-1000000000000000019884624838656.000
  W=4 : Rmax=3 ; meilleur qoff=-1000000000000000019884624838656.000
  W=5 : Rmax=5 ; meilleur qoff=-1000000000000000019884624838656.000
  W=6 : Rmax=16 ; meilleur qoff=-1000000000000000019884624838656.000
  W=7 : Rmax=11 ; meilleur qoff=-1000000000000000019884624838656.000
  W=8 : Rmax=16 ; meilleur qoff=-1000000000000000019884624838656.000
  W=9 : Rmax=27 ; meilleur qoff=-1000000000000000019884624838656.000
NULL #61 qoff=-1000000000000000019884624838656.000 (W=-20041995 W2=0)
  W=2 : Rmax=7 ; meilleur qoff=-1000000000000000019884624838656.000
  W=3 : Rmax=13 ; meilleur qoff=-1000000000000000019884624838656.000
  W=4 : Rmax=13 ; meilleur qoff=-1000000000000000019884624838656.000
  W=5 : Rmax=7 ; meilleur qoff=-1000000000000000019884624838656.000
  W=6 : Rmax=9 ; meilleur qoff=-1000000000000000019884624838656.000
  W=7 : Rmax=13 ; meilleur qoff=-1000000000000000019884624838656.000
  W=8 : Rmax=15 ; meilleur qoff=-1000000000000000019884624838656.000
  W=9 : Rmax=13 ; meilleur qoff=-1000000000000000019884624838656.000
NULL #62 qoff=-1000000000000000019884624838656.000 (W=-20041995 W2=0)
  W=2 : Rmax=4 ; meilleur qoff=-1000000000000000019884624838656.000
  W=3 : Rmax=22 ; meilleur qoff=-1000000000000000019884624838656.000
  W=4 : Rmax=10 ; meilleur qoff=-1000000000000000019884624838656.000
  W=5 : Rmax=8 ; meilleur qoff=-1000000000000000019884624838656.000
  W=6 : Rmax=14 ; meilleur qoff=-1000000000000000019884624838656.000
  W=7 : Rmax=13 ; meilleur qoff=-1000000000000000019884624838656.000
  W=8 : Rmax=13 ; meilleur qoff=-1000000000000000019884624838656.000
  W=9 : Rmax=17 ; meilleur qoff=-1000000000000000019884624838656.000
NULL #63 qoff=-1000000000000000019884624838656.000 (W=-20041995 W2=0)
  W=2 : Rmax=10 ; meilleur qoff=-1000000000000000019884624838656.000
  W=3 : Rmax=7 ; meilleur qoff=-1000000000000000019884624838656.000
  W=4 : Rmax=5 ; meilleur qoff=-1000000000000000019884624838656.000
  W=5 : Rmax=9 ; meilleur qoff=-1000000000000000019884624838656.000
  W=6 : Rmax=12 ; meilleur qoff=-1000000000000000019884624838656.000
  W=7 : Rmax=16 ; meilleur qoff=-1000000000000000019884624838656.000
  W=8 : Rmax=7 ; meilleur qoff=-1000000000000000019884624838656.000
  W=9 : Rmax=12 ; meilleur qoff=-1000000000000000019884624838656.000
NULL #64 qoff=-1000000000000000019884624838656.000 (W=-20041995 W2=0)
  W=2 : Rmax=4 ; meilleur qoff=-1000000000000000019884624838656.000
  W=3 : Rmax=3 ; meilleur qoff=-1000000000000000019884624838656.000
  W=4 : Rmax=7 ; meilleur qoff=-1000000000000000019884624838656.000
  W=5 : Rmax=10 ; meilleur qoff=-1000000000000000019884624838656.000
  W=6 : Rmax=12 ; meilleur qoff=-1000000000000000019884624838656.000
  W=7 : Rmax=18 ; meilleur qoff=-1000000000000000019884624838656.000
  W=8 : Rmax=12 ; meilleur qoff=-1000000000000000019884624838656.000
  W=9 : Rmax=13 ; meilleur qoff=-1000000000000000019884624838656.000
NULL #65 qoff=-1000000000000000019884624838656.000 (W=-20041995 W2=0)
  W=2 : Rmax=8 ; meilleur qoff=-1000000000000000019884624838656.000
  W=3 : Rmax=3 ; meilleur qoff=-1000000000000000019884624838656.000
  W=4 : Rmax=7 ; meilleur qoff=-1000000000000000019884624838656.000
  W=5 : Rmax=9 ; meilleur qoff=-1000000000000000019884624838656.000
  W=6 : Rmax=5 ; meilleur qoff=-1000000000000000019884624838656.000
  W=7 : Rmax=9 ; meilleur qoff=-1000000000000000019884624838656.000
  W=8 : Rmax=5 ; meilleur qoff=-1000000000000000019884624838656.000
  W=9 : Rmax=14 ; meilleur qoff=-1000000000000000019884624838656.000
NULL #66 qoff=-1000000000000000019884624838656.000 (W=-20041995 W2=0)
  W=2 : Rmax=4 ; meilleur qoff=-1000000000000000019884624838656.000
  W=3 : Rmax=10 ; meilleur qoff=-1000000000000000019884624838656.000
  W=4 : Rmax=6 ; meilleur qoff=-1000000000000000019884624838656.000
  W=5 : Rmax=8 ; meilleur qoff=-1000000000000000019884624838656.000
  W=6 : Rmax=6 ; meilleur qoff=-1000000000000000019884624838656.000
  W=7 : Rmax=7 ; meilleur qoff=-1000000000000000019884624838656.000
  W=8 : Rmax=13 ; meilleur qoff=-1000000000000000019884624838656.000
  W=9 : Rmax=10 ; meilleur qoff=-1000000000000000019884624838656.000
NULL #67 qoff=-1000000000000000019884624838656.000 (W=-20041995 W2=0)
  W=2 : Rmax=3 ; meilleur qoff=-1000000000000000019884624838656.000
  W=3 : Rmax=11 ; meilleur qoff=-1000000000000000019884624838656.000
  W=4 : Rmax=8 ; meilleur qoff=-1000000000000000019884624838656.000
  W=5 : Rmax=11 ; meilleur qoff=-1000000000000000019884624838656.000
  W=6 : Rmax=27 ; meilleur qoff=-1000000000000000019884624838656.000
  W=7 : Rmax=21 ; meilleur qoff=-1000000000000000019884624838656.000
  W=8 : Rmax=27 ; meilleur qoff=-1000000000000000019884624838656.000
  W=9 : Rmax=9 ; meilleur qoff=-1000000000000000019884624838656.000
NULL #68 qoff=-1000000000000000019884624838656.000 (W=-20041995 W2=0)
  W=2 : Rmax=3 ; meilleur qoff=-1000000000000000019884624838656.000
  W=3 : Rmax=3 ; meilleur qoff=-1000000000000000019884624838656.000
  W=4 : Rmax=8 ; meilleur qoff=-1000000000000000019884624838656.000
  W=5 : Rmax=5 ; meilleur qoff=-1000000000000000019884624838656.000
  W=6 : Rmax=16 ; meilleur qoff=-1000000000000000019884624838656.000
  W=7 : Rmax=10 ; meilleur qoff=-1000000000000000019884624838656.000
  W=8 : Rmax=21 ; meilleur qoff=-1000000000000000019884624838656.000
  W=9 : Rmax=17 ; meilleur qoff=-1000000000000000019884624838656.000
NULL #69 qoff=-1000000000000000019884624838656.000 (W=-20041995 W2=0)
  W=2 : Rmax=9 ; meilleur qoff=-1000000000000000019884624838656.000
  W=3 : Rmax=6 ; meilleur qoff=-1000000000000000019884624838656.000
  W=4 : Rmax=4 ; meilleur qoff=-1000000000000000019884624838656.000
  W=5 : Rmax=9 ; meilleur qoff=-1000000000000000019884624838656.000
  W=6 : Rmax=8 ; meilleur qoff=-1000000000000000019884624838656.000
  W=7 : Rmax=13 ; meilleur qoff=-1000000000000000019884624838656.000
  W=8 : Rmax=21 ; meilleur qoff=-1000000000000000019884624838656.000
  W=9 : Rmax=15 ; meilleur qoff=-1000000000000000019884624838656.000
NULL #70 qoff=-1000000000000000019884624838656.000 (W=-20041995 W2=0)
  W=2 : Rmax=5 ; meilleur qoff=-1000000000000000019884624838656.000
  W=3 : Rmax=7 ; meilleur qoff=-1000000000000000019884624838656.000
  W=4 : Rmax=5 ; meilleur qoff=-1000000000000000019884624838656.000
  W=5 : Rmax=11 ; meilleur qoff=-1000000000000000019884624838656.000
  W=6 : Rmax=6 ; meilleur qoff=-1000000000000000019884624838656.000
  W=7 : Rmax=9 ; meilleur qoff=-1000000000000000019884624838656.000
  W=8 : Rmax=7 ; meilleur qoff=-1000000000000000019884624838656.000
  W=9 : Rmax=15 ; meilleur qoff=-1000000000000000019884624838656.000
NULL #71 qoff=-1000000000000000019884624838656.000 (W=-20041995 W2=0)
  W=2 : Rmax=7 ; meilleur qoff=-1000000000000000019884624838656.000
  W=3 : Rmax=3 ; meilleur qoff=-1000000000000000019884624838656.000
  W=4 : Rmax=9 ; meilleur qoff=-1000000000000000019884624838656.000
  W=5 : Rmax=8 ; meilleur qoff=-1000000000000000019884624838656.000
  W=6 : Rmax=15 ; meilleur qoff=-1000000000000000019884624838656.000
  W=7 : Rmax=19 ; meilleur qoff=-1000000000000000019884624838656.000
  W=8 : Rmax=14 ; meilleur qoff=-1000000000000000019884624838656.000
  W=9 : Rmax=12 ; meilleur qoff=-1000000000000000019884624838656.000
NULL #72 qoff=-1000000000000000019884624838656.000 (W=-20041995 W2=0)
  W=2 : Rmax=12 ; meilleur qoff=-1000000000000000019884624838656.000
  W=3 : Rmax=12 ; meilleur qoff=-1000000000000000019884624838656.000
  W=4 : Rmax=9 ; meilleur qoff=-1000000000000000019884624838656.000
  W=5 : Rmax=9 ; meilleur qoff=-1000000000000000019884624838656.000
  W=6 : Rmax=9 ; meilleur qoff=-1000000000000000019884624838656.000
  W=7 : Rmax=10 ; meilleur qoff=-1000000000000000019884624838656.000
  W=8 : Rmax=12 ; meilleur qoff=-1000000000000000019884624838656.000
  W=9 : Rmax=18 ; meilleur qoff=-1000000000000000019884624838656.000
NULL #73 qoff=-1000000000000000019884624838656.000 (W=-20041995 W2=0)
  W=2 : Rmax=13 ; meilleur qoff=-1000000000000000019884624838656.000
  W=3 : Rmax=4 ; meilleur qoff=-1000000000000000019884624838656.000
  W=4 : Rmax=10 ; meilleur qoff=-1000000000000000019884624838656.000
  W=5 : Rmax=15 ; meilleur qoff=-1000000000000000019884624838656.000
  W=6 : Rmax=12 ; meilleur qoff=-1000000000000000019884624838656.000
  W=7 : Rmax=8 ; meilleur qoff=-1000000000000000019884624838656.000
  W=8 : Rmax=20 ; meilleur qoff=-1000000000000000019884624838656.000
  W=9 : Rmax=11 ; meilleur qoff=-1000000000000000019884624838656.000
NULL #74 qoff=-1000000000000000019884624838656.000 (W=-20041995 W2=0)
  W=2 : Rmax=12 ; meilleur qoff=-1000000000000000019884624838656.000
  W=3 : Rmax=5 ; meilleur qoff=-1000000000000000019884624838656.000
  W=4 : Rmax=8 ; meilleur qoff=-1000000000000000019884624838656.000
  W=5 : Rmax=21 ; meilleur qoff=-1000000000000000019884624838656.000
  W=6 : Rmax=16 ; meilleur qoff=-1000000000000000019884624838656.000
  W=7 : Rmax=7 ; meilleur qoff=-1000000000000000019884624838656.000
  W=8 : Rmax=15 ; meilleur qoff=-1000000000000000019884624838656.000
  W=9 : Rmax=12 ; meilleur qoff=-1000000000000000019884624838656.000
NULL #75 qoff=-1000000000000000019884624838656.000 (W=-20041995 W2=0)
  W=2 : Rmax=8 ; meilleur qoff=-1000000000000000019884624838656.000
  W=3 : Rmax=8 ; meilleur qoff=-1000000000000000019884624838656.000
  W=4 : Rmax=11 ; meilleur qoff=-1000000000000000019884624838656.000
  W=5 : Rmax=12 ; meilleur qoff=-1000000000000000019884624838656.000
  W=6 : Rmax=18 ; meilleur qoff=-1000000000000000019884624838656.000
  W=7 : Rmax=23 ; meilleur qoff=-1000000000000000019884624838656.000
  W=8 : Rmax=12 ; meilleur qoff=-1000000000000000019884624838656.000
  W=9 : Rmax=19 ; meilleur qoff=-1000000000000000019884624838656.000
NULL #76 qoff=-1000000000000000019884624838656.000 (W=-20041995 W2=0)
  W=2 : Rmax=7 ; meilleur qoff=-1000000000000000019884624838656.000
  W=3 : Rmax=4 ; meilleur qoff=-1000000000000000019884624838656.000
  W=4 : Rmax=8 ; meilleur qoff=-1000000000000000019884624838656.000
  W=5 : Rmax=4 ; meilleur qoff=-1000000000000000019884624838656.000
  W=6 : Rmax=7 ; meilleur qoff=-1000000000000000019884624838656.000
  W=7 : Rmax=23 ; meilleur qoff=-1000000000000000019884624838656.000
  W=8 : Rmax=12 ; meilleur qoff=-1000000000000000019884624838656.000
  W=9 : Rmax=13 ; meilleur qoff=-1000000000000000019884624838656.000
NULL #77 qoff=-1000000000000000019884624838656.000 (W=-20041995 W2=0)
  W=2 : Rmax=13 ; meilleur qoff=-1000000000000000019884624838656.000
  W=3 : Rmax=14 ; meilleur qoff=-1000000000000000019884624838656.000
  W=4 : Rmax=4 ; meilleur qoff=-1000000000000000019884624838656.000
  W=5 : Rmax=6 ; meilleur qoff=-1000000000000000019884624838656.000
  W=6 : Rmax=10 ; meilleur qoff=-1000000000000000019884624838656.000
  W=7 : Rmax=14 ; meilleur qoff=-1000000000000000019884624838656.000
  W=8 : Rmax=10 ; meilleur qoff=-1000000000000000019884624838656.000
  W=9 : Rmax=15 ; meilleur qoff=-1000000000000000019884624838656.000
NULL #78 qoff=-1000000000000000019884624838656.000 (W=-20041995 W2=0)
  W=2 : Rmax=1 ; meilleur qoff=-1000000000000000019884624838656.000
  W=3 : Rmax=8 ; meilleur qoff=-1000000000000000019884624838656.000
  W=4 : Rmax=15 ; meilleur qoff=-1000000000000000019884624838656.000
  W=5 : Rmax=6 ; meilleur qoff=-1000000000000000019884624838656.000
  W=6 : Rmax=14 ; meilleur qoff=-1000000000000000019884624838656.000
  W=7 : Rmax=8 ; meilleur qoff=-1000000000000000019884624838656.000
  W=8 : Rmax=10 ; meilleur qoff=-1000000000000000019884624838656.000
  W=9 : Rmax=12 ; meilleur qoff=-1000000000000000019884624838656.000
NULL #79 qoff=-1000000000000000019884624838656.000 (W=-20041995 W2=0)
  W=2 : Rmax=10 ; meilleur qoff=-1000000000000000019884624838656.000
  W=3 : Rmax=6 ; meilleur qoff=-1000000000000000019884624838656.000
  W=4 : Rmax=12 ; meilleur qoff=-1000000000000000019884624838656.000
  W=5 : Rmax=12 ; meilleur qoff=-1000000000000000019884624838656.000
  W=6 : Rmax=11 ; meilleur qoff=-1000000000000000019884624838656.000
  W=7 : Rmax=10 ; meilleur qoff=-1000000000000000019884624838656.000
  W=8 : Rmax=12 ; meilleur qoff=-1000000000000000019884624838656.000
  W=9 : Rmax=11 ; meilleur qoff=-1000000000000000019884624838656.000
NULL #80 qoff=-1000000000000000019884624838656.000 (W=-20041995 W2=0)
  W=2 : Rmax=6 ; meilleur qoff=-1000000000000000019884624838656.000
  W=3 : Rmax=12 ; meilleur qoff=-1000000000000000019884624838656.000
  W=4 : Rmax=11 ; meilleur qoff=-1000000000000000019884624838656.000
  W=5 : Rmax=13 ; meilleur qoff=-1000000000000000019884624838656.000
  W=6 : Rmax=8 ; meilleur qoff=-1000000000000000019884624838656.000
  W=7 : Rmax=15 ; meilleur qoff=-1000000000000000019884624838656.000
  W=8 : Rmax=12 ; meilleur qoff=-1000000000000000019884624838656.000
  W=9 : Rmax=14 ; meilleur qoff=-1000000000000000019884624838656.000
NULL #81 qoff=-1000000000000000019884624838656.000 (W=-20041995 W2=0)
  W=2 : Rmax=7 ; meilleur qoff=-1000000000000000019884624838656.000
  W=3 : Rmax=7 ; meilleur qoff=-1000000000000000019884624838656.000
  W=4 : Rmax=7 ; meilleur qoff=-1000000000000000019884624838656.000
  W=5 : Rmax=7 ; meilleur qoff=-1000000000000000019884624838656.000
  W=6 : Rmax=12 ; meilleur qoff=-1000000000000000019884624838656.000
  W=7 : Rmax=10 ; meilleur qoff=-1000000000000000019884624838656.000
  W=8 : Rmax=12 ; meilleur qoff=-1000000000000000019884624838656.000
  W=9 : Rmax=17 ; meilleur qoff=-1000000000000000019884624838656.000
NULL #82 qoff=-1000000000000000019884624838656.000 (W=-20041995 W2=0)
  W=2 : Rmax=7 ; meilleur qoff=-1000000000000000019884624838656.000
  W=3 : Rmax=8 ; meilleur qoff=-1000000000000000019884624838656.000
  W=4 : Rmax=8 ; meilleur qoff=-1000000000000000019884624838656.000
  W=5 : Rmax=6 ; meilleur qoff=-1000000000000000019884624838656.000
  W=6 : Rmax=6 ; meilleur qoff=-1000000000000000019884624838656.000
  W=7 : Rmax=12 ; meilleur qoff=-1000000000000000019884624838656.000
  W=8 : Rmax=10 ; meilleur qoff=-1000000000000000019884624838656.000
  W=9 : Rmax=14 ; meilleur qoff=-1000000000000000019884624838656.000
NULL #83 qoff=-1000000000000000019884624838656.000 (W=-20041995 W2=0)
  W=2 : Rmax=4 ; meilleur qoff=-1000000000000000019884624838656.000
  W=3 : Rmax=8 ; meilleur qoff=-1000000000000000019884624838656.000
  W=4 : Rmax=10 ; meilleur qoff=-1000000000000000019884624838656.000
  W=5 : Rmax=8 ; meilleur qoff=-1000000000000000019884624838656.000
  W=6 : Rmax=6 ; meilleur qoff=-1000000000000000019884624838656.000
  W=7 : Rmax=19 ; meilleur qoff=-1000000000000000019884624838656.000
  W=8 : Rmax=13 ; meilleur qoff=-1000000000000000019884624838656.000
  W=9 : Rmax=9 ; meilleur qoff=-1000000000000000019884624838656.000
NULL #84 qoff=-1000000000000000019884624838656.000 (W=-20041995 W2=0)
  W=2 : Rmax=9 ; meilleur qoff=-1000000000000000019884624838656.000
  W=3 : Rmax=12 ; meilleur qoff=-1000000000000000019884624838656.000
  W=4 : Rmax=3 ; meilleur qoff=-1000000000000000019884624838656.000
  W=5 : Rmax=10 ; meilleur qoff=-1000000000000000019884624838656.000
  W=6 : Rmax=16 ; meilleur qoff=-1000000000000000019884624838656.000
  W=7 : Rmax=13 ; meilleur qoff=-1000000000000000019884624838656.000
  W=8 : Rmax=8 ; meilleur qoff=-1000000000000000019884624838656.000
  W=9 : Rmax=21 ; meilleur qoff=-1000000000000000019884624838656.000
NULL #85 qoff=-1000000000000000019884624838656.000 (W=-20041995 W2=0)
  W=2 : Rmax=10 ; meilleur qoff=-1000000000000000019884624838656.000
  W=3 : Rmax=6 ; meilleur qoff=-1000000000000000019884624838656.000
  W=4 : Rmax=9 ; meilleur qoff=-1000000000000000019884624838656.000
  W=5 : Rmax=9 ; meilleur qoff=-1000000000000000019884624838656.000
  W=6 : Rmax=11 ; meilleur qoff=-1000000000000000019884624838656.000
  W=7 : Rmax=11 ; meilleur qoff=-1000000000000000019884624838656.000
  W=8 : Rmax=15 ; meilleur qoff=-1000000000000000019884624838656.000
  W=9 : Rmax=10 ; meilleur qoff=-1000000000000000019884624838656.000
NULL #86 qoff=-1000000000000000019884624838656.000 (W=-20041995 W2=0)
  W=2 : Rmax=9 ; meilleur qoff=-1000000000000000019884624838656.000
  W=3 : Rmax=7 ; meilleur qoff=-1000000000000000019884624838656.000
  W=4 : Rmax=16 ; meilleur qoff=-1000000000000000019884624838656.000
  W=5 : Rmax=4 ; meilleur qoff=-1000000000000000019884624838656.000
  W=6 : Rmax=6 ; meilleur qoff=-1000000000000000019884624838656.000
  W=7 : Rmax=6 ; meilleur qoff=-1000000000000000019884624838656.000
  W=8 : Rmax=17 ; meilleur qoff=-1000000000000000019884624838656.000
  W=9 : Rmax=19 ; meilleur qoff=-1000000000000000019884624838656.000
NULL #87 qoff=-1000000000000000019884624838656.000 (W=-20041995 W2=0)
  W=2 : Rmax=3 ; meilleur qoff=-1000000000000000019884624838656.000
  W=3 : Rmax=12 ; meilleur qoff=-1000000000000000019884624838656.000
  W=4 : Rmax=5 ; meilleur qoff=-1000000000000000019884624838656.000
  W=5 : Rmax=11 ; meilleur qoff=-1000000000000000019884624838656.000
  W=6 : Rmax=16 ; meilleur qoff=-1000000000000000019884624838656.000
  W=7 : Rmax=14 ; meilleur qoff=-1000000000000000019884624838656.000
  W=8 : Rmax=11 ; meilleur qoff=-1000000000000000019884624838656.000
  W=9 : Rmax=12 ; meilleur qoff=-1000000000000000019884624838656.000
NULL #88 qoff=-1000000000000000019884624838656.000 (W=-20041995 W2=0)
  W=2 : Rmax=6 ; meilleur qoff=-1000000000000000019884624838656.000
  W=3 : Rmax=16 ; meilleur qoff=-1000000000000000019884624838656.000
  W=4 : Rmax=6 ; meilleur qoff=-1000000000000000019884624838656.000
  W=5 : Rmax=9 ; meilleur qoff=-1000000000000000019884624838656.000
  W=6 : Rmax=16 ; meilleur qoff=-1000000000000000019884624838656.000
  W=7 : Rmax=9 ; meilleur qoff=-1000000000000000019884624838656.000
  W=8 : Rmax=10 ; meilleur qoff=-1000000000000000019884624838656.000
  W=9 : Rmax=14 ; meilleur qoff=-1000000000000000019884624838656.000
NULL #89 qoff=-1000000000000000019884624838656.000 (W=-20041995 W2=0)
  W=2 : Rmax=6 ; meilleur qoff=-1000000000000000019884624838656.000
  W=3 : Rmax=3 ; meilleur qoff=-1000000000000000019884624838656.000
  W=4 : Rmax=11 ; meilleur qoff=-1000000000000000019884624838656.000
  W=5 : Rmax=11 ; meilleur qoff=-1000000000000000019884624838656.000
  W=6 : Rmax=11 ; meilleur qoff=-1000000000000000019884624838656.000
  W=7 : Rmax=6 ; meilleur qoff=-1000000000000000019884624838656.000
  W=8 : Rmax=17 ; meilleur qoff=-1000000000000000019884624838656.000
  W=9 : Rmax=22 ; meilleur qoff=-1000000000000000019884624838656.000
NULL #90 qoff=-1000000000000000019884624838656.000 (W=-20041995 W2=0)
  W=2 : Rmax=9 ; meilleur qoff=-1000000000000000019884624838656.000
  W=3 : Rmax=11 ; meilleur qoff=-1000000000000000019884624838656.000
  W=4 : Rmax=13 ; meilleur qoff=-1000000000000000019884624838656.000
  W=5 : Rmax=10 ; meilleur qoff=-1000000000000000019884624838656.000
  W=6 : Rmax=6 ; meilleur qoff=-1000000000000000019884624838656.000
  W=7 : Rmax=12 ; meilleur qoff=-1000000000000000019884624838656.000
  W=8 : Rmax=8 ; meilleur qoff=-1000000000000000019884624838656.000
  W=9 : Rmax=8 ; meilleur qoff=-1000000000000000019884624838656.000
NULL #91 qoff=-1000000000000000019884624838656.000 (W=-20041995 W2=0)
  W=2 : Rmax=12 ; meilleur qoff=-1000000000000000019884624838656.000
  W=3 : Rmax=8 ; meilleur qoff=-1000000000000000019884624838656.000
  W=4 : Rmax=11 ; meilleur qoff=-1000000000000000019884624838656.000
  W=5 : Rmax=15 ; meilleur qoff=-1000000000000000019884624838656.000
  W=6 : Rmax=7 ; meilleur qoff=-1000000000000000019884624838656.000
  W=7 : Rmax=12 ; meilleur qoff=-1000000000000000019884624838656.000
  W=8 : Rmax=31 ; meilleur qoff=-1000000000000000019884624838656.000
  W=9 : Rmax=17 ; meilleur qoff=-1000000000000000019884624838656.000
NULL #92 qoff=-1000000000000000019884624838656.000 (W=-20041995 W2=0)
  W=2 : Rmax=15 ; meilleur qoff=-1000000000000000019884624838656.000
  W=3 : Rmax=3 ; meilleur qoff=-1000000000000000019884624838656.000
  W=4 : Rmax=9 ; meilleur qoff=-1000000000000000019884624838656.000
  W=5 : Rmax=11 ; meilleur qoff=-1000000000000000019884624838656.000
  W=6 : Rmax=16 ; meilleur qoff=-1000000000000000019884624838656.000
  W=7 : Rmax=10 ; meilleur qoff=-1000000000000000019884624838656.000
  W=8 : Rmax=18 ; meilleur qoff=-1000000000000000019884624838656.000
  W=9 : Rmax=19 ; meilleur qoff=-1000000000000000019884624838656.000
NULL #93 qoff=-1000000000000000019884624838656.000 (W=-20041995 W2=0)
  W=2 : Rmax=6 ; meilleur qoff=-1000000000000000019884624838656.000
  W=3 : Rmax=6 ; meilleur qoff=-1000000000000000019884624838656.000
  W=4 : Rmax=11 ; meilleur qoff=-1000000000000000019884624838656.000
  W=5 : Rmax=7 ; meilleur qoff=-1000000000000000019884624838656.000
  W=6 : Rmax=8 ; meilleur qoff=-1000000000000000019884624838656.000
  W=7 : Rmax=5 ; meilleur qoff=-1000000000000000019884624838656.000
  W=8 : Rmax=13 ; meilleur qoff=-1000000000000000019884624838656.000
  W=9 : Rmax=10 ; meilleur qoff=-1000000000000000019884624838656.000
NULL #94 qoff=-1000000000000000019884624838656.000 (W=-20041995 W2=0)
  W=2 : Rmax=7 ; meilleur qoff=-1000000000000000019884624838656.000
  W=3 : Rmax=12 ; meilleur qoff=-1000000000000000019884624838656.000
  W=4 : Rmax=4 ; meilleur qoff=-1000000000000000019884624838656.000
  W=5 : Rmax=7 ; meilleur qoff=-1000000000000000019884624838656.000
  W=6 : Rmax=19 ; meilleur qoff=-1000000000000000019884624838656.000
  W=7 : Rmax=10 ; meilleur qoff=-1000000000000000019884624838656.000
  W=8 : Rmax=13 ; meilleur qoff=-1000000000000000019884624838656.000
  W=9 : Rmax=23 ; meilleur qoff=-1000000000000000019884624838656.000
NULL #95 qoff=-1000000000000000019884624838656.000 (W=-20041995 W2=0)
  W=2 : Rmax=8 ; meilleur qoff=-1000000000000000019884624838656.000
  W=3 : Rmax=5 ; meilleur qoff=-1000000000000000019884624838656.000
  W=4 : Rmax=10 ; meilleur qoff=-1000000000000000019884624838656.000
  W=5 : Rmax=11 ; meilleur qoff=-1000000000000000019884624838656.000
  W=6 : Rmax=12 ; meilleur qoff=-1000000000000000019884624838656.000
  W=7 : Rmax=13 ; meilleur qoff=-1000000000000000019884624838656.000
  W=8 : Rmax=11 ; meilleur qoff=-1000000000000000019884624838656.000
  W=9 : Rmax=18 ; meilleur qoff=-1000000000000000019884624838656.000
NULL #96 qoff=-1000000000000000019884624838656.000 (W=-20041995 W2=0)
  W=2 : Rmax=7 ; meilleur qoff=-1000000000000000019884624838656.000
  W=3 : Rmax=8 ; meilleur qoff=-1000000000000000019884624838656.000
  W=4 : Rmax=9 ; meilleur qoff=-1000000000000000019884624838656.000
  W=5 : Rmax=6 ; meilleur qoff=-1000000000000000019884624838656.000
  W=6 : Rmax=10 ; meilleur qoff=-1000000000000000019884624838656.000
  W=7 : Rmax=8 ; meilleur qoff=-1000000000000000019884624838656.000
  W=8 : Rmax=11 ; meilleur qoff=-1000000000000000019884624838656.000
  W=9 : Rmax=11 ; meilleur qoff=-1000000000000000019884624838656.000
NULL #97 qoff=-1000000000000000019884624838656.000 (W=-20041995 W2=0)
  W=2 : Rmax=21 ; meilleur qoff=-1000000000000000019884624838656.000
  W=3 : Rmax=17 ; meilleur qoff=-1000000000000000019884624838656.000
  W=4 : Rmax=13 ; meilleur qoff=-1000000000000000019884624838656.000
  W=5 : Rmax=5 ; meilleur qoff=-1000000000000000019884624838656.000
  W=6 : Rmax=8 ; meilleur qoff=-1000000000000000019884624838656.000
  W=7 : Rmax=15 ; meilleur qoff=-1000000000000000019884624838656.000
  W=8 : Rmax=26 ; meilleur qoff=-1000000000000000019884624838656.000
  W=9 : Rmax=6 ; meilleur qoff=-1000000000000000019884624838656.000
NULL #98 qoff=-1000000000000000019884624838656.000 (W=-20041995 W2=0)
  W=2 : Rmax=5 ; meilleur qoff=-1000000000000000019884624838656.000
  W=3 : Rmax=8 ; meilleur qoff=-1000000000000000019884624838656.000
  W=4 : Rmax=5 ; meilleur qoff=-1000000000000000019884624838656.000
  W=5 : Rmax=14 ; meilleur qoff=-1000000000000000019884624838656.000
  W=6 : Rmax=18 ; meilleur qoff=-1000000000000000019884624838656.000
  W=7 : Rmax=9 ; meilleur qoff=-1000000000000000019884624838656.000
  W=8 : Rmax=16 ; meilleur qoff=-1000000000000000019884624838656.000
  W=9 : Rmax=19 ; meilleur qoff=-1000000000000000019884624838656.000
NULL #99 qoff=-1000000000000000019884624838656.000 (W=-20041995 W2=0)
  W=2 : Rmax=9 ; meilleur qoff=-1000000000000000019884624838656.000
  W=3 : Rmax=8 ; meilleur qoff=-1000000000000000019884624838656.000
  W=4 : Rmax=6 ; meilleur qoff=-1000000000000000019884624838656.000
  W=5 : Rmax=17 ; meilleur qoff=-1000000000000000019884624838656.000
  W=6 : Rmax=4 ; meilleur qoff=-1000000000000000019884624838656.000
  W=7 : Rmax=13 ; meilleur qoff=-1000000000000000019884624838656.000
  W=8 : Rmax=13 ; meilleur qoff=-1000000000000000019884624838656.000
  W=9 : Rmax=15 ; meilleur qoff=-1000000000000000019884624838656.000
NULL #100 qoff=-1000000000000000019884624838656.000 (W=-20041995 W2=0)
  W=2 : Rmax=14 ; meilleur qoff=-1000000000000000019884624838656.000
  W=3 : Rmax=9 ; meilleur qoff=-1000000000000000019884624838656.000
  W=4 : Rmax=6 ; meilleur qoff=-1000000000000000019884624838656.000
  W=5 : Rmax=11 ; meilleur qoff=-1000000000000000019884624838656.000
  W=6 : Rmax=7 ; meilleur qoff=-1000000000000000019884624838656.000
  W=7 : Rmax=18 ; meilleur qoff=-1000000000000000019884624838656.000
  W=8 : Rmax=7 ; meilleur qoff=-1000000000000000019884624838656.000
  W=9 : Rmax=14 ; meilleur qoff=-1000000000000000019884624838656.000
NULL #101 qoff=-1000000000000000019884624838656.000 (W=-20041995 W2=0)
  W=2 : Rmax=12 ; meilleur qoff=-1000000000000000019884624838656.000
  W=3 : Rmax=11 ; meilleur qoff=-1000000000000000019884624838656.000
  W=4 : Rmax=14 ; meilleur qoff=-1000000000000000019884624838656.000
  W=5 : Rmax=7 ; meilleur qoff=-1000000000000000019884624838656.000
  W=6 : Rmax=9 ; meilleur qoff=-1000000000000000019884624838656.000
  W=7 : Rmax=11 ; meilleur qoff=-1000000000000000019884624838656.000
  W=8 : Rmax=18 ; meilleur qoff=-1000000000000000019884624838656.000
  W=9 : Rmax=15 ; meilleur qoff=-1000000000000000019884624838656.000
NULL #102 qoff=-1000000000000000019884624838656.000 (W=-20041995 W2=0)
  W=2 : Rmax=9 ; meilleur qoff=-1000000000000000019884624838656.000
  W=3 : Rmax=12 ; meilleur qoff=-1000000000000000019884624838656.000
  W=4 : Rmax=8 ; meilleur qoff=-1000000000000000019884624838656.000
  W=5 : Rmax=5 ; meilleur qoff=-1000000000000000019884624838656.000
  W=6 : Rmax=10 ; meilleur qoff=-1000000000000000019884624838656.000
  W=7 : Rmax=16 ; meilleur qoff=-1000000000000000019884624838656.000
  W=8 : Rmax=17 ; meilleur qoff=-1000000000000000019884624838656.000
  W=9 : Rmax=16 ; meilleur qoff=-1000000000000000019884624838656.000
NULL #103 qoff=-1000000000000000019884624838656.000 (W=-20041995 W2=0)
  W=2 : Rmax=1 ; meilleur qoff=-1000000000000000019884624838656.000
  W=3 : Rmax=9 ; meilleur qoff=-1000000000000000019884624838656.000
  W=4 : Rmax=4 ; meilleur qoff=-1000000000000000019884624838656.000
  W=5 : Rmax=13 ; meilleur qoff=-1000000000000000019884624838656.000
  W=6 : Rmax=9 ; meilleur qoff=-1000000000000000019884624838656.000
  W=7 : Rmax=19 ; meilleur qoff=-1000000000000000019884624838656.000
  W=8 : Rmax=9 ; meilleur qoff=-1000000000000000019884624838656.000
  W=9 : Rmax=14 ; meilleur qoff=-1000000000000000019884624838656.000
NULL #104 qoff=-1000000000000000019884624838656.000 (W=-20041995 W2=0)
  W=2 : Rmax=5 ; meilleur qoff=-1000000000000000019884624838656.000
  W=3 : Rmax=10 ; meilleur qoff=-1000000000000000019884624838656.000
  W=4 : Rmax=7 ; meilleur qoff=-1000000000000000019884624838656.000
  W=5 : Rmax=5 ; meilleur qoff=-1000000000000000019884624838656.000
  W=6 : Rmax=15 ; meilleur qoff=-1000000000000000019884624838656.000
  W=7 : Rmax=10 ; meilleur qoff=-1000000000000000019884624838656.000
  W=8 : Rmax=9 ; meilleur qoff=-1000000000000000019884624838656.000
  W=9 : Rmax=21 ; meilleur qoff=-1000000000000000019884624838656.000
NULL #105 qoff=-1000000000000000019884624838656.000 (W=-20041995 W2=0)
  W=2 : Rmax=8 ; meilleur qoff=-1000000000000000019884624838656.000
  W=3 : Rmax=6 ; meilleur qoff=-1000000000000000019884624838656.000
  W=4 : Rmax=12 ; meilleur qoff=-1000000000000000019884624838656.000
  W=5 : Rmax=10 ; meilleur qoff=-1000000000000000019884624838656.000
  W=6 : Rmax=12 ; meilleur qoff=-1000000000000000019884624838656.000
  W=7 : Rmax=11 ; meilleur qoff=-1000000000000000019884624838656.000
  W=8 : Rmax=14 ; meilleur qoff=-1000000000000000019884624838656.000
  W=9 : Rmax=11 ; meilleur qoff=-1000000000000000019884624838656.000
NULL #106 qoff=-1000000000000000019884624838656.000 (W=-20041995 W2=0)
  W=2 : Rmax=9 ; meilleur qoff=-1000000000000000019884624838656.000
  W=3 : Rmax=4 ; meilleur qoff=-1000000000000000019884624838656.000
  W=4 : Rmax=8 ; meilleur qoff=-1000000000000000019884624838656.000
  W=5 : Rmax=10 ; meilleur qoff=-1000000000000000019884624838656.000
  W=6 : Rmax=7 ; meilleur qoff=-1000000000000000019884624838656.000
  W=7 : Rmax=16 ; meilleur qoff=-1000000000000000019884624838656.000
  W=8 : Rmax=12 ; meilleur qoff=-1000000000000000019884624838656.000
  W=9 : Rmax=11 ; meilleur qoff=-1000000000000000019884624838656.000
NULL #107 qoff=-1000000000000000019884624838656.000 (W=-20041995 W2=0)
  W=2 : Rmax=10 ; meilleur qoff=-1000000000000000019884624838656.000
  W=3 : Rmax=12 ; meilleur qoff=-1000000000000000019884624838656.000
  W=4 : Rmax=7 ; meilleur qoff=-1000000000000000019884624838656.000
  W=5 : Rmax=7 ; meilleur qoff=-1000000000000000019884624838656.000
  W=6 : Rmax=16 ; meilleur qoff=-1000000000000000019884624838656.000
  W=7 : Rmax=12 ; meilleur qoff=-1000000000000000019884624838656.000
  W=8 : Rmax=14 ; meilleur qoff=-1000000000000000019884624838656.000
  W=9 : Rmax=15 ; meilleur qoff=-1000000000000000019884624838656.000
NULL #108 qoff=-1000000000000000019884624838656.000 (W=-20041995 W2=0)
  W=2 : Rmax=4 ; meilleur qoff=-1000000000000000019884624838656.000
  W=3 : Rmax=9 ; meilleur qoff=-1000000000000000019884624838656.000
  W=4 : Rmax=12 ; meilleur qoff=-1000000000000000019884624838656.000
  W=5 : Rmax=11 ; meilleur qoff=-1000000000000000019884624838656.000
  W=6 : Rmax=6 ; meilleur qoff=-1000000000000000019884624838656.000
  W=7 : Rmax=21 ; meilleur qoff=-1000000000000000019884624838656.000
  W=8 : Rmax=9 ; meilleur qoff=-1000000000000000019884624838656.000
  W=9 : Rmax=9 ; meilleur qoff=-1000000000000000019884624838656.000
NULL #109 qoff=-1000000000000000019884624838656.000 (W=-20041995 W2=0)
  W=2 : Rmax=5 ; meilleur qoff=-1000000000000000019884624838656.000
  W=3 : Rmax=8 ; meilleur qoff=-1000000000000000019884624838656.000
  W=4 : Rmax=10 ; meilleur qoff=-1000000000000000019884624838656.000
  W=5 : Rmax=21 ; meilleur qoff=-1000000000000000019884624838656.000
  W=6 : Rmax=11 ; meilleur qoff=-1000000000000000019884624838656.000
  W=7 : Rmax=8 ; meilleur qoff=-1000000000000000019884624838656.000
  W=8 : Rmax=19 ; meilleur qoff=-1000000000000000019884624838656.000
  W=9 : Rmax=16 ; meilleur qoff=-1000000000000000019884624838656.000
NULL #110 qoff=-1000000000000000019884624838656.000 (W=-20041995 W2=0)
  W=2 : Rmax=1 ; meilleur qoff=-1000000000000000019884624838656.000
  W=3 : Rmax=2 ; meilleur qoff=-1000000000000000019884624838656.000
  W=4 : Rmax=3 ; meilleur qoff=-1000000000000000019884624838656.000
  W=5 : Rmax=13 ; meilleur qoff=-1000000000000000019884624838656.000
  W=6 : Rmax=10 ; meilleur qoff=-1000000000000000019884624838656.000
  W=7 : Rmax=9 ; meilleur qoff=-1000000000000000019884624838656.000
  W=8 : Rmax=16 ; meilleur qoff=-1000000000000000019884624838656.000
  W=9 : Rmax=12 ; meilleur qoff=-1000000000000000019884624838656.000
NULL #111 qoff=-1000000000000000019884624838656.000 (W=-20041995 W2=0)
  W=2 : Rmax=21 ; meilleur qoff=-1000000000000000019884624838656.000
  W=3 : Rmax=3 ; meilleur qoff=-1000000000000000019884624838656.000
  W=4 : Rmax=11 ; meilleur qoff=-1000000000000000019884624838656.000
  W=5 : Rmax=10 ; meilleur qoff=-1000000000000000019884624838656.000
  W=6 : Rmax=10 ; meilleur qoff=-1000000000000000019884624838656.000
  W=7 : Rmax=10 ; meilleur qoff=-1000000000000000019884624838656.000
  W=8 : Rmax=8 ; meilleur qoff=-1000000000000000019884624838656.000
  W=9 : Rmax=7 ; meilleur qoff=-1000000000000000019884624838656.000
NULL #112 qoff=-1000000000000000019884624838656.000 (W=-20041995 W2=0)
  W=2 : Rmax=9 ; meilleur qoff=-1000000000000000019884624838656.000
  W=3 : Rmax=8 ; meilleur qoff=-1000000000000000019884624838656.000
  W=4 : Rmax=4 ; meilleur qoff=-1000000000000000019884624838656.000
  W=5 : Rmax=3 ; meilleur qoff=-1000000000000000019884624838656.000
  W=6 : Rmax=12 ; meilleur qoff=-1000000000000000019884624838656.000
  W=7 : Rmax=19 ; meilleur qoff=-1000000000000000019884624838656.000
  W=8 : Rmax=4 ; meilleur qoff=-1000000000000000019884624838656.000
  W=9 : Rmax=8 ; meilleur qoff=-1000000000000000019884624838656.000
NULL #113 qoff=-1000000000000000019884624838656.000 (W=-20041995 W2=0)
  W=2 : Rmax=13 ; meilleur qoff=-1000000000000000019884624838656.000
  W=3 : Rmax=13 ; meilleur qoff=-1000000000000000019884624838656.000
  W=4 : Rmax=5 ; meilleur qoff=-1000000000000000019884624838656.000
  W=5 : Rmax=4 ; meilleur qoff=-1000000000000000019884624838656.000
  W=6 : Rmax=16 ; meilleur qoff=-1000000000000000019884624838656.000
  W=7 : Rmax=9 ; meilleur qoff=-1000000000000000019884624838656.000
  W=8 : Rmax=10 ; meilleur qoff=-1000000000000000019884624838656.000
  W=9 : Rmax=7 ; meilleur qoff=-1000000000000000019884624838656.000
NULL #114 qoff=-1000000000000000019884624838656.000 (W=-20041995 W2=0)
  W=2 : Rmax=7 ; meilleur qoff=-1000000000000000019884624838656.000
  W=3 : Rmax=11 ; meilleur qoff=-1000000000000000019884624838656.000
  W=4 : Rmax=3 ; meilleur qoff=-1000000000000000019884624838656.000
  W=5 : Rmax=10 ; meilleur qoff=-1000000000000000019884624838656.000
  W=6 : Rmax=15 ; meilleur qoff=-1000000000000000019884624838656.000
  W=7 : Rmax=6 ; meilleur qoff=-1000000000000000019884624838656.000
  W=8 : Rmax=20 ; meilleur qoff=-1000000000000000019884624838656.000
  W=9 : Rmax=19 ; meilleur qoff=-1000000000000000019884624838656.000
NULL #115 qoff=-1000000000000000019884624838656.000 (W=-20041995 W2=0)
  W=2 : Rmax=13 ; meilleur qoff=-1000000000000000019884624838656.000
  W=3 : Rmax=4 ; meilleur qoff=-1000000000000000019884624838656.000
  W=4 : Rmax=4 ; meilleur qoff=-1000000000000000019884624838656.000
  W=5 : Rmax=12 ; meilleur qoff=-1000000000000000019884624838656.000
  W=6 : Rmax=13 ; meilleur qoff=-1000000000000000019884624838656.000
  W=7 : Rmax=6 ; meilleur qoff=-1000000000000000019884624838656.000
  W=8 : Rmax=9 ; meilleur qoff=-1000000000000000019884624838656.000
  W=9 : Rmax=17 ; meilleur qoff=-1000000000000000019884624838656.000
NULL #116 qoff=-1000000000000000019884624838656.000 (W=-20041995 W2=0)
  W=2 : Rmax=9 ; meilleur qoff=-1000000000000000019884624838656.000
  W=3 : Rmax=7 ; meilleur qoff=-1000000000000000019884624838656.000
  W=4 : Rmax=15 ; meilleur qoff=-1000000000000000019884624838656.000
  W=5 : Rmax=5 ; meilleur qoff=-1000000000000000019884624838656.000
  W=6 : Rmax=7 ; meilleur qoff=-1000000000000000019884624838656.000
  W=7 : Rmax=14 ; meilleur qoff=-1000000000000000019884624838656.000
  W=8 : Rmax=20 ; meilleur qoff=-1000000000000000019884624838656.000
  W=9 : Rmax=17 ; meilleur qoff=-1000000000000000019884624838656.000
NULL #117 qoff=-1000000000000000019884624838656.000 (W=-20041995 W2=0)
  W=2 : Rmax=12 ; meilleur qoff=-1000000000000000019884624838656.000
  W=3 : Rmax=7 ; meilleur qoff=-1000000000000000019884624838656.000
  W=4 : Rmax=4 ; meilleur qoff=-1000000000000000019884624838656.000
  W=5 : Rmax=9 ; meilleur qoff=-1000000000000000019884624838656.000
  W=6 : Rmax=12 ; meilleur qoff=-1000000000000000019884624838656.000
  W=7 : Rmax=8 ; meilleur qoff=-1000000000000000019884624838656.000
  W=8 : Rmax=17 ; meilleur qoff=-1000000000000000019884624838656.000
  W=9 : Rmax=25 ; meilleur qoff=-1000000000000000019884624838656.000
NULL #118 qoff=-1000000000000000019884624838656.000 (W=-20041995 W2=0)
  W=2 : Rmax=10 ; meilleur qoff=-1000000000000000019884624838656.000
  W=3 : Rmax=8 ; meilleur qoff=-1000000000000000019884624838656.000
  W=4 : Rmax=29 ; meilleur qoff=-1000000000000000019884624838656.000
  W=5 : Rmax=11 ; meilleur qoff=-1000000000000000019884624838656.000
  W=6 : Rmax=8 ; meilleur qoff=-1000000000000000019884624838656.000
  W=7 : Rmax=17 ; meilleur qoff=-1000000000000000019884624838656.000
  W=8 : Rmax=13 ; meilleur qoff=-1000000000000000019884624838656.000
  W=9 : Rmax=12 ; meilleur qoff=-1000000000000000019884624838656.000
NULL #119 qoff=-1000000000000000019884624838656.000 (W=-20041995 W2=0)
  W=2 : Rmax=15 ; meilleur qoff=-1000000000000000019884624838656.000
  W=3 : Rmax=3 ; meilleur qoff=-1000000000000000019884624838656.000
  W=4 : Rmax=6 ; meilleur qoff=-1000000000000000019884624838656.000
  W=5 : Rmax=5 ; meilleur qoff=-1000000000000000019884624838656.000
  W=6 : Rmax=6 ; meilleur qoff=-1000000000000000019884624838656.000
  W=7 : Rmax=13 ; meilleur qoff=-1000000000000000019884624838656.000
  W=8 : Rmax=9 ; meilleur qoff=-1000000000000000019884624838656.000
  W=9 : Rmax=17 ; meilleur qoff=-1000000000000000019884624838656.000
NULL #120 qoff=-1000000000000000019884624838656.000 (W=-20041995 W2=0)
  W=2 : Rmax=5 ; meilleur qoff=-1000000000000000019884624838656.000
  W=3 : Rmax=2 ; meilleur qoff=-1000000000000000019884624838656.000
  W=4 : Rmax=4 ; meilleur qoff=-1000000000000000019884624838656.000
  W=5 : Rmax=7 ; meilleur qoff=-1000000000000000019884624838656.000
  W=6 : Rmax=10 ; meilleur qoff=-1000000000000000019884624838656.000
  W=7 : Rmax=12 ; meilleur qoff=-1000000000000000019884624838656.000
  W=8 : Rmax=14 ; meilleur qoff=-1000000000000000019884624838656.000
  W=9 : Rmax=12 ; meilleur qoff=-1000000000000000019884624838656.000
NULL #121 qoff=-1000000000000000019884624838656.000 (W=-20041995 W2=0)
  W=2 : Rmax=14 ; meilleur qoff=-1000000000000000019884624838656.000
  W=3 : Rmax=9 ; meilleur qoff=-1000000000000000019884624838656.000
  W=4 : Rmax=12 ; meilleur qoff=-1000000000000000019884624838656.000
  W=5 : Rmax=5 ; meilleur qoff=-1000000000000000019884624838656.000
  W=6 : Rmax=9 ; meilleur qoff=-1000000000000000019884624838656.000
  W=7 : Rmax=12 ; meilleur qoff=-1000000000000000019884624838656.000
  W=8 : Rmax=16 ; meilleur qoff=-1000000000000000019884624838656.000
  W=9 : Rmax=9 ; meilleur qoff=-1000000000000000019884624838656.000
NULL #122 qoff=-1000000000000000019884624838656.000 (W=-20041995 W2=0)
  W=2 : Rmax=10 ; meilleur qoff=-1000000000000000019884624838656.000
  W=3 : Rmax=9 ; meilleur qoff=-1000000000000000019884624838656.000
  W=4 : Rmax=6 ; meilleur qoff=-1000000000000000019884624838656.000
  W=5 : Rmax=9 ; meilleur qoff=-1000000000000000019884624838656.000
  W=6 : Rmax=6 ; meilleur qoff=-1000000000000000019884624838656.000
  W=7 : Rmax=12 ; meilleur qoff=-1000000000000000019884624838656.000
  W=8 : Rmax=6 ; meilleur qoff=-1000000000000000019884624838656.000
  W=9 : Rmax=17 ; meilleur qoff=-1000000000000000019884624838656.000
NULL #123 qoff=-1000000000000000019884624838656.000 (W=-20041995 W2=0)
  W=2 : Rmax=8 ; meilleur qoff=-1000000000000000019884624838656.000
  W=3 : Rmax=2 ; meilleur qoff=-1000000000000000019884624838656.000
  W=4 : Rmax=14 ; meilleur qoff=-1000000000000000019884624838656.000
  W=5 : Rmax=4 ; meilleur qoff=-1000000000000000019884624838656.000
  W=6 : Rmax=7 ; meilleur qoff=-1000000000000000019884624838656.000
  W=7 : Rmax=9 ; meilleur qoff=-1000000000000000019884624838656.000
  W=8 : Rmax=8 ; meilleur qoff=-1000000000000000019884624838656.000
  W=9 : Rmax=16 ; meilleur qoff=-1000000000000000019884624838656.000
NULL #124 qoff=-1000000000000000019884624838656.000 (W=-20041995 W2=0)
  W=2 : Rmax=9 ; meilleur qoff=-1000000000000000019884624838656.000
  W=3 : Rmax=7 ; meilleur qoff=-1000000000000000019884624838656.000
  W=4 : Rmax=10 ; meilleur qoff=-1000000000000000019884624838656.000
  W=5 : Rmax=12 ; meilleur qoff=-1000000000000000019884624838656.000
  W=6 : Rmax=9 ; meilleur qoff=-1000000000000000019884624838656.000
  W=7 : Rmax=12 ; meilleur qoff=-1000000000000000019884624838656.000
  W=8 : Rmax=12 ; meilleur qoff=-1000000000000000019884624838656.000
  W=9 : Rmax=16 ; meilleur qoff=-1000000000000000019884624838656.000
NULL #125 qoff=-1000000000000000019884624838656.000 (W=-20041995 W2=0)
  W=2 : Rmax=4 ; meilleur qoff=-1000000000000000019884624838656.000
  W=3 : Rmax=6 ; meilleur qoff=-1000000000000000019884624838656.000
  W=4 : Rmax=8 ; meilleur qoff=-1000000000000000019884624838656.000
  W=5 : Rmax=8 ; meilleur qoff=-1000000000000000019884624838656.000
  W=6 : Rmax=7 ; meilleur qoff=-1000000000000000019884624838656.000
  W=7 : Rmax=9 ; meilleur qoff=-1000000000000000019884624838656.000
  W=8 : Rmax=17 ; meilleur qoff=-1000000000000000019884624838656.000
  W=9 : Rmax=14 ; meilleur qoff=-1000000000000000019884624838656.000
NULL #126 qoff=-1000000000000000019884624838656.000 (W=-20041995 W2=0)
  W=2 : Rmax=10 ; meilleur qoff=-1000000000000000019884624838656.000
  W=3 : Rmax=20 ; meilleur qoff=-1000000000000000019884624838656.000
  W=4 : Rmax=5 ; meilleur qoff=-1000000000000000019884624838656.000
  W=5 : Rmax=8 ; meilleur qoff=-1000000000000000019884624838656.000
  W=6 : Rmax=5 ; meilleur qoff=-1000000000000000019884624838656.000
  W=7 : Rmax=18 ; meilleur qoff=-1000000000000000019884624838656.000
  W=8 : Rmax=11 ; meilleur qoff=-1000000000000000019884624838656.000
  W=9 : Rmax=14 ; meilleur qoff=-1000000000000000019884624838656.000
NULL #127 qoff=-1000000000000000019884624838656.000 (W=-20041995 W2=0)
  W=2 : Rmax=18 ; meilleur qoff=-1000000000000000019884624838656.000
  W=3 : Rmax=8 ; meilleur qoff=-1000000000000000019884624838656.000
  W=4 : Rmax=13 ; meilleur qoff=-1000000000000000019884624838656.000
  W=5 : Rmax=7 ; meilleur qoff=-1000000000000000019884624838656.000
  W=6 : Rmax=10 ; meilleur qoff=-1000000000000000019884624838656.000
  W=7 : Rmax=9 ; meilleur qoff=-1000000000000000019884624838656.000
  W=8 : Rmax=15 ; meilleur qoff=-1000000000000000019884624838656.000
  W=9 : Rmax=16 ; meilleur qoff=-1000000000000000019884624838656.000
NULL #128 qoff=-1000000000000000019884624838656.000 (W=-20041995 W2=0)
  W=2 : Rmax=8 ; meilleur qoff=-1000000000000000019884624838656.000
  W=3 : Rmax=10 ; meilleur qoff=-1000000000000000019884624838656.000
  W=4 : Rmax=11 ; meilleur qoff=-1000000000000000019884624838656.000
  W=5 : Rmax=9 ; meilleur qoff=-1000000000000000019884624838656.000
  W=6 : Rmax=9 ; meilleur qoff=-1000000000000000019884624838656.000
  W=7 : Rmax=7 ; meilleur qoff=-1000000000000000019884624838656.000
  W=8 : Rmax=21 ; meilleur qoff=-1000000000000000019884624838656.000
  W=9 : Rmax=4 ; meilleur qoff=-1000000000000000019884624838656.000
NULL #129 qoff=-1000000000000000019884624838656.000 (W=-20041995 W2=0)
  W=2 : Rmax=12 ; meilleur qoff=-1000000000000000019884624838656.000
  W=3 : Rmax=16 ; meilleur qoff=-1000000000000000019884624838656.000
  W=4 : Rmax=7 ; meilleur qoff=-1000000000000000019884624838656.000
  W=5 : Rmax=9 ; meilleur qoff=-1000000000000000019884624838656.000
  W=6 : Rmax=21 ; meilleur qoff=-1000000000000000019884624838656.000
  W=7 : Rmax=8 ; meilleur qoff=-1000000000000000019884624838656.000
  W=8 : Rmax=12 ; meilleur qoff=-1000000000000000019884624838656.000
  W=9 : Rmax=14 ; meilleur qoff=-1000000000000000019884624838656.000
NULL #130 qoff=-1000000000000000019884624838656.000 (W=-20041995 W2=0)
  W=2 : Rmax=3 ; meilleur qoff=-1000000000000000019884624838656.000
  W=3 : Rmax=13 ; meilleur qoff=-1000000000000000019884624838656.000
  W=4 : Rmax=9 ; meilleur qoff=-1000000000000000019884624838656.000
  W=5 : Rmax=9 ; meilleur qoff=-1000000000000000019884624838656.000
  W=6 : Rmax=10 ; meilleur qoff=-1000000000000000019884624838656.000
  W=7 : Rmax=13 ; meilleur qoff=-1000000000000000019884624838656.000
  W=8 : Rmax=13 ; meilleur qoff=-1000000000000000019884624838656.000
  W=9 : Rmax=20 ; meilleur qoff=-1000000000000000019884624838656.000
NULL #131 qoff=-1000000000000000019884624838656.000 (W=-20041995 W2=0)
  W=2 : Rmax=11 ; meilleur qoff=-1000000000000000019884624838656.000
  W=3 : Rmax=10 ; meilleur qoff=-1000000000000000019884624838656.000
  W=4 : Rmax=8 ; meilleur qoff=-1000000000000000019884624838656.000
  W=5 : Rmax=6 ; meilleur qoff=-1000000000000000019884624838656.000
  W=6 : Rmax=13 ; meilleur qoff=-1000000000000000019884624838656.000
  W=7 : Rmax=8 ; meilleur qoff=-1000000000000000019884624838656.000
  W=8 : Rmax=6 ; meilleur qoff=-1000000000000000019884624838656.000
  W=9 : Rmax=12 ; meilleur qoff=-1000000000000000019884624838656.000
NULL #132 qoff=-1000000000000000019884624838656.000 (W=-20041995 W2=0)
  W=2 : Rmax=3 ; meilleur qoff=-1000000000000000019884624838656.000
  W=3 : Rmax=4 ; meilleur qoff=-1000000000000000019884624838656.000
  W=4 : Rmax=8 ; meilleur qoff=-1000000000000000019884624838656.000
  W=5 : Rmax=7 ; meilleur qoff=-1000000000000000019884624838656.000
  W=6 : Rmax=10 ; meilleur qoff=-1000000000000000019884624838656.000
  W=7 : Rmax=10 ; meilleur qoff=-1000000000000000019884624838656.000
  W=8 : Rmax=11 ; meilleur qoff=-1000000000000000019884624838656.000
  W=9 : Rmax=11 ; meilleur qoff=-1000000000000000019884624838656.000
NULL #133 qoff=-1000000000000000019884624838656.000 (W=-20041995 W2=0)
  W=2 : Rmax=13 ; meilleur qoff=-1000000000000000019884624838656.000
  W=3 : Rmax=8 ; meilleur qoff=-1000000000000000019884624838656.000
  W=4 : Rmax=20 ; meilleur qoff=-1000000000000000019884624838656.000
  W=5 : Rmax=7 ; meilleur qoff=-1000000000000000019884624838656.000
  W=6 : Rmax=6 ; meilleur qoff=-1000000000000000019884624838656.000
  W=7 : Rmax=10 ; meilleur qoff=-1000000000000000019884624838656.000
  W=8 : Rmax=16 ; meilleur qoff=-1000000000000000019884624838656.000
  W=9 : Rmax=12 ; meilleur qoff=-1000000000000000019884624838656.000
NULL #134 qoff=-1000000000000000019884624838656.000 (W=-20041995 W2=0)
  W=2 : Rmax=7 ; meilleur qoff=-1000000000000000019884624838656.000
  W=3 : Rmax=5 ; meilleur qoff=-1000000000000000019884624838656.000
  W=4 : Rmax=4 ; meilleur qoff=-1000000000000000019884624838656.000
  W=5 : Rmax=16 ; meilleur qoff=-1000000000000000019884624838656.000
  W=6 : Rmax=6 ; meilleur qoff=-1000000000000000019884624838656.000
  W=7 : Rmax=6 ; meilleur qoff=-1000000000000000019884624838656.000
  W=8 : Rmax=17 ; meilleur qoff=-1000000000000000019884624838656.000
  W=9 : Rmax=22 ; meilleur qoff=-1000000000000000019884624838656.000
NULL #135 qoff=-1000000000000000019884624838656.000 (W=-20041995 W2=0)
  W=2 : Rmax=8 ; meilleur qoff=-1000000000000000019884624838656.000
  W=3 : Rmax=6 ; meilleur qoff=-1000000000000000019884624838656.000
  W=4 : Rmax=10 ; meilleur qoff=-1000000000000000019884624838656.000
  W=5 : Rmax=20 ; meilleur qoff=-1000000000000000019884624838656.000
  W=6 : Rmax=5 ; meilleur qoff=-1000000000000000019884624838656.000
  W=7 : Rmax=8 ; meilleur qoff=-1000000000000000019884624838656.000
  W=8 : Rmax=11 ; meilleur qoff=-1000000000000000019884624838656.000
  W=9 : Rmax=7 ; meilleur qoff=-1000000000000000019884624838656.000
NULL #136 qoff=-1000000000000000019884624838656.000 (W=-20041995 W2=0)
  W=2 : Rmax=7 ; meilleur qoff=-1000000000000000019884624838656.000
  W=3 : Rmax=9 ; meilleur qoff=-1000000000000000019884624838656.000
  W=4 : Rmax=7 ; meilleur qoff=-1000000000000000019884624838656.000
  W=5 : Rmax=5 ; meilleur qoff=-1000000000000000019884624838656.000
  W=6 : Rmax=9 ; meilleur qoff=-1000000000000000019884624838656.000
  W=7 : Rmax=25 ; meilleur qoff=-1000000000000000019884624838656.000
  W=8 : Rmax=19 ; meilleur qoff=-1000000000000000019884624838656.000
  W=9 : Rmax=11 ; meilleur qoff=-1000000000000000019884624838656.000
NULL #137 qoff=-1000000000000000019884624838656.000 (W=-20041995 W2=0)
  W=2 : Rmax=3 ; meilleur qoff=-1000000000000000019884624838656.000
  W=3 : Rmax=9 ; meilleur qoff=-1000000000000000019884624838656.000
  W=4 : Rmax=6 ; meilleur qoff=-1000000000000000019884624838656.000
  W=5 : Rmax=6 ; meilleur qoff=-1000000000000000019884624838656.000
  W=6 : Rmax=11 ; meilleur qoff=-1000000000000000019884624838656.000
  W=7 : Rmax=12 ; meilleur qoff=-1000000000000000019884624838656.000
  W=8 : Rmax=9 ; meilleur qoff=-1000000000000000019884624838656.000
  W=9 : Rmax=21 ; meilleur qoff=-1000000000000000019884624838656.000
NULL #138 qoff=-1000000000000000019884624838656.000 (W=-20041995 W2=0)
  W=2 : Rmax=4 ; meilleur qoff=-1000000000000000019884624838656.000
  W=3 : Rmax=5 ; meilleur qoff=-1000000000000000019884624838656.000
  W=4 : Rmax=8 ; meilleur qoff=-1000000000000000019884624838656.000
  W=5 : Rmax=7 ; meilleur qoff=-1000000000000000019884624838656.000
  W=6 : Rmax=8 ; meilleur qoff=-1000000000000000019884624838656.000
  W=7 : Rmax=24 ; meilleur qoff=-1000000000000000019884624838656.000
  W=8 : Rmax=12 ; meilleur qoff=-1000000000000000019884624838656.000
  W=9 : Rmax=11 ; meilleur qoff=-1000000000000000019884624838656.000
NULL #139 qoff=-1000000000000000019884624838656.000 (W=-20041995 W2=0)
  W=2 : Rmax=7 ; meilleur qoff=-1000000000000000019884624838656.000
  W=3 : Rmax=4 ; meilleur qoff=-1000000000000000019884624838656.000
  W=4 : Rmax=13 ; meilleur qoff=-1000000000000000019884624838656.000
  W=5 : Rmax=8 ; meilleur qoff=-1000000000000000019884624838656.000
  W=6 : Rmax=24 ; meilleur qoff=-1000000000000000019884624838656.000
  W=7 : Rmax=8 ; meilleur qoff=-1000000000000000019884624838656.000
  W=8 : Rmax=25 ; meilleur qoff=-1000000000000000019884624838656.000
  W=9 : Rmax=22 ; meilleur qoff=-1000000000000000019884624838656.000
NULL #140 qoff=-1000000000000000019884624838656.000 (W=-20041995 W2=0)
  W=2 : Rmax=5 ; meilleur qoff=-1000000000000000019884624838656.000
  W=3 : Rmax=4 ; meilleur qoff=-1000000000000000019884624838656.000
  W=4 : Rmax=17 ; meilleur qoff=-1000000000000000019884624838656.000
  W=5 : Rmax=11 ; meilleur qoff=-1000000000000000019884624838656.000
  W=6 : Rmax=15 ; meilleur qoff=-1000000000000000019884624838656.000
  W=7 : Rmax=13 ; meilleur qoff=-1000000000000000019884624838656.000
  W=8 : Rmax=10 ; meilleur qoff=-1000000000000000019884624838656.000
  W=9 : Rmax=16 ; meilleur qoff=-1000000000000000019884624838656.000
NULL #141 qoff=-1000000000000000019884624838656.000 (W=-20041995 W2=0)
  W=2 : Rmax=3 ; meilleur qoff=-1000000000000000019884624838656.000
  W=3 : Rmax=13 ; meilleur qoff=-1000000000000000019884624838656.000
  W=4 : Rmax=6 ; meilleur qoff=-1000000000000000019884624838656.000
  W=5 : Rmax=5 ; meilleur qoff=-1000000000000000019884624838656.000
  W=6 : Rmax=11 ; meilleur qoff=-1000000000000000019884624838656.000
  W=7 : Rmax=16 ; meilleur qoff=-1000000000000000019884624838656.000
  W=8 : Rmax=12 ; meilleur qoff=-1000000000000000019884624838656.000
  W=9 : Rmax=11 ; meilleur qoff=-1000000000000000019884624838656.000
NULL #142 qoff=-1000000000000000019884624838656.000 (W=-20041995 W2=0)
  W=2 : Rmax=4 ; meilleur qoff=-1000000000000000019884624838656.000
  W=3 : Rmax=11 ; meilleur qoff=-1000000000000000019884624838656.000
  W=4 : Rmax=5 ; meilleur qoff=-1000000000000000019884624838656.000
  W=5 : Rmax=8 ; meilleur qoff=-1000000000000000019884624838656.000
  W=6 : Rmax=11 ; meilleur qoff=-1000000000000000019884624838656.000
  W=7 : Rmax=12 ; meilleur qoff=-1000000000000000019884624838656.000
  W=8 : Rmax=7 ; meilleur qoff=-1000000000000000019884624838656.000
  W=9 : Rmax=19 ; meilleur qoff=-1000000000000000019884624838656.000
NULL #143 qoff=-1000000000000000019884624838656.000 (W=-20041995 W2=0)
  W=2 : Rmax=7 ; meilleur qoff=-1000000000000000019884624838656.000
  W=3 : Rmax=6 ; meilleur qoff=-1000000000000000019884624838656.000
  W=4 : Rmax=7 ; meilleur qoff=-1000000000000000019884624838656.000
  W=5 : Rmax=5 ; meilleur qoff=-1000000000000000019884624838656.000
  W=6 : Rmax=7 ; meilleur qoff=-1000000000000000019884624838656.000
  W=7 : Rmax=9 ; meilleur qoff=-1000000000000000019884624838656.000
  W=8 : Rmax=5 ; meilleur qoff=-1000000000000000019884624838656.000
  W=9 : Rmax=11 ; meilleur qoff=-1000000000000000019884624838656.000
NULL #144 qoff=-1000000000000000019884624838656.000 (W=-20041995 W2=0)
  W=2 : Rmax=3 ; meilleur qoff=-1000000000000000019884624838656.000
  W=3 : Rmax=8 ; meilleur qoff=-1000000000000000019884624838656.000
  W=4 : Rmax=8 ; meilleur qoff=-1000000000000000019884624838656.000
  W=5 : Rmax=18 ; meilleur qoff=-1000000000000000019884624838656.000
  W=6 : Rmax=13 ; meilleur qoff=-1000000000000000019884624838656.000
  W=7 : Rmax=16 ; meilleur qoff=-1000000000000000019884624838656.000
  W=8 : Rmax=3 ; meilleur qoff=-1000000000000000019884624838656.000
  W=9 : Rmax=11 ; meilleur qoff=-1000000000000000019884624838656.000
NULL #145 qoff=-1000000000000000019884624838656.000 (W=-20041995 W2=0)
  W=2 : Rmax=5 ; meilleur qoff=-1000000000000000019884624838656.000
  W=3 : Rmax=11 ; meilleur qoff=-1000000000000000019884624838656.000
  W=4 : Rmax=5 ; meilleur qoff=-1000000000000000019884624838656.000
  W=5 : Rmax=15 ; meilleur qoff=-1000000000000000019884624838656.000
  W=6 : Rmax=18 ; meilleur qoff=-1000000000000000019884624838656.000
  W=7 : Rmax=10 ; meilleur qoff=-1000000000000000019884624838656.000
  W=8 : Rmax=19 ; meilleur qoff=-1000000000000000019884624838656.000
  W=9 : Rmax=22 ; meilleur qoff=-1000000000000000019884624838656.000
NULL #146 qoff=-1000000000000000019884624838656.000 (W=-20041995 W2=0)
  W=2 : Rmax=15 ; meilleur qoff=-1000000000000000019884624838656.000
  W=3 : Rmax=13 ; meilleur qoff=-1000000000000000019884624838656.000
  W=4 : Rmax=8 ; meilleur qoff=-1000000000000000019884624838656.000
  W=5 : Rmax=13 ; meilleur qoff=-1000000000000000019884624838656.000
  W=6 : Rmax=12 ; meilleur qoff=-1000000000000000019884624838656.000
  W=7 : Rmax=6 ; meilleur qoff=-1000000000000000019884624838656.000
  W=8 : Rmax=11 ; meilleur qoff=-1000000000000000019884624838656.000
  W=9 : Rmax=12 ; meilleur qoff=-1000000000000000019884624838656.000
NULL #147 qoff=-1000000000000000019884624838656.000 (W=-20041995 W2=0)
  W=2 : Rmax=7 ; meilleur qoff=-1000000000000000019884624838656.000
  W=3 : Rmax=9 ; meilleur qoff=-1000000000000000019884624838656.000
  W=4 : Rmax=7 ; meilleur qoff=-1000000000000000019884624838656.000
  W=5 : Rmax=4 ; meilleur qoff=-1000000000000000019884624838656.000
  W=6 : Rmax=14 ; meilleur qoff=-1000000000000000019884624838656.000
  W=7 : Rmax=15 ; meilleur qoff=-1000000000000000019884624838656.000
  W=8 : Rmax=20 ; meilleur qoff=-1000000000000000019884624838656.000
  W=9 : Rmax=15 ; meilleur qoff=-1000000000000000019884624838656.000
NULL #148 qoff=-1000000000000000019884624838656.000 (W=-20041995 W2=0)
  W=2 : Rmax=3 ; meilleur qoff=-1000000000000000019884624838656.000
  W=3 : Rmax=8 ; meilleur qoff=-1000000000000000019884624838656.000
  W=4 : Rmax=10 ; meilleur qoff=-1000000000000000019884624838656.000
  W=5 : Rmax=6 ; meilleur qoff=-1000000000000000019884624838656.000
  W=6 : Rmax=6 ; meilleur qoff=-1000000000000000019884624838656.000
  W=7 : Rmax=22 ; meilleur qoff=-1000000000000000019884624838656.000
  W=8 : Rmax=12 ; meilleur qoff=-1000000000000000019884624838656.000
  W=9 : Rmax=15 ; meilleur qoff=-1000000000000000019884624838656.000
NULL #149 qoff=-1000000000000000019884624838656.000 (W=-20041995 W2=0)
  W=2 : Rmax=14 ; meilleur qoff=-1000000000000000019884624838656.000
  W=3 : Rmax=8 ; meilleur qoff=-1000000000000000019884624838656.000
  W=4 : Rmax=13 ; meilleur qoff=-1000000000000000019884624838656.000
  W=5 : Rmax=12 ; meilleur qoff=-1000000000000000019884624838656.000
  W=6 : Rmax=6 ; meilleur qoff=-1000000000000000019884624838656.000
  W=7 : Rmax=7 ; meilleur qoff=-1000000000000000019884624838656.000
  W=8 : Rmax=22 ; meilleur qoff=-1000000000000000019884624838656.000
  W=9 : Rmax=8 ; meilleur qoff=-1000000000000000019884624838656.000
NULL #150 qoff=-1000000000000000019884624838656.000 (W=-20041995 W2=0)
  W=2 : Rmax=5 ; meilleur qoff=-1000000000000000019884624838656.000
  W=3 : Rmax=6 ; meilleur qoff=-1000000000000000019884624838656.000
  W=4 : Rmax=14 ; meilleur qoff=-1000000000000000019884624838656.000
  W=5 : Rmax=5 ; meilleur qoff=-1000000000000000019884624838656.000
  W=6 : Rmax=8 ; meilleur qoff=-1000000000000000019884624838656.000
  W=7 : Rmax=18 ; meilleur qoff=-1000000000000000019884624838656.000
  W=8 : Rmax=9 ; meilleur qoff=-1000000000000000019884624838656.000
  W=9 : Rmax=11 ; meilleur qoff=-1000000000000000019884624838656.000
NULL #151 qoff=-1000000000000000019884624838656.000 (W=-20041995 W2=0)
  W=2 : Rmax=4 ; meilleur qoff=-1000000000000000019884624838656.000
  W=3 : Rmax=8 ; meilleur qoff=-1000000000000000019884624838656.000
  W=4 : Rmax=4 ; meilleur qoff=-1000000000000000019884624838656.000
  W=5 : Rmax=21 ; meilleur qoff=-1000000000000000019884624838656.000
  W=6 : Rmax=7 ; meilleur qoff=-1000000000000000019884624838656.000
  W=7 : Rmax=16 ; meilleur qoff=-1000000000000000019884624838656.000
  W=8 : Rmax=24 ; meilleur qoff=-1000000000000000019884624838656.000
  W=9 : Rmax=12 ; meilleur qoff=-1000000000000000019884624838656.000
NULL #152 qoff=-1000000000000000019884624838656.000 (W=-20041995 W2=0)
  W=2 : Rmax=4 ; meilleur qoff=-1000000000000000019884624838656.000
  W=3 : Rmax=5 ; meilleur qoff=-1000000000000000019884624838656.000
  W=4 : Rmax=10 ; meilleur qoff=-1000000000000000019884624838656.000
  W=5 : Rmax=14 ; meilleur qoff=-1000000000000000019884624838656.000
  W=6 : Rmax=11 ; meilleur qoff=-1000000000000000019884624838656.000
  W=7 : Rmax=11 ; meilleur qoff=-1000000000000000019884624838656.000
  W=8 : Rmax=11 ; meilleur qoff=-1000000000000000019884624838656.000
  W=9 : Rmax=14 ; meilleur qoff=-1000000000000000019884624838656.000
NULL #153 qoff=-1000000000000000019884624838656.000 (W=-20041995 W2=0)
  W=2 : Rmax=6 ; meilleur qoff=-1000000000000000019884624838656.000
  W=3 : Rmax=12 ; meilleur qoff=-1000000000000000019884624838656.000
  W=4 : Rmax=7 ; meilleur qoff=-1000000000000000019884624838656.000
  W=5 : Rmax=17 ; meilleur qoff=-1000000000000000019884624838656.000
  W=6 : Rmax=13 ; meilleur qoff=-1000000000000000019884624838656.000
  W=7 : Rmax=4 ; meilleur qoff=-1000000000000000019884624838656.000
  W=8 : Rmax=6 ; meilleur qoff=-1000000000000000019884624838656.000
  W=9 : Rmax=16 ; meilleur qoff=-1000000000000000019884624838656.000
NULL #154 qoff=-1000000000000000019884624838656.000 (W=-20041995 W2=0)
  W=2 : Rmax=2 ; meilleur qoff=-1000000000000000019884624838656.000
  W=3 : Rmax=2 ; meilleur qoff=-1000000000000000019884624838656.000
  W=4 : Rmax=8 ; meilleur qoff=-1000000000000000019884624838656.000
  W=5 : Rmax=10 ; meilleur qoff=-1000000000000000019884624838656.000
  W=6 : Rmax=11 ; meilleur qoff=-1000000000000000019884624838656.000
  W=7 : Rmax=8 ; meilleur qoff=-1000000000000000019884624838656.000
  W=8 : Rmax=15 ; meilleur qoff=-1000000000000000019884624838656.000
  W=9 : Rmax=15 ; meilleur qoff=-1000000000000000019884624838656.000
NULL #155 qoff=-1000000000000000019884624838656.000 (W=-20041995 W2=0)
  W=2 : Rmax=4 ; meilleur qoff=-1000000000000000019884624838656.000
  W=3 : Rmax=6 ; meilleur qoff=-1000000000000000019884624838656.000
  W=4 : Rmax=8 ; meilleur qoff=-1000000000000000019884624838656.000
  W=5 : Rmax=9 ; meilleur qoff=-1000000000000000019884624838656.000
  W=6 : Rmax=10 ; meilleur qoff=-1000000000000000019884624838656.000
  W=7 : Rmax=16 ; meilleur qoff=-1000000000000000019884624838656.000
  W=8 : Rmax=11 ; meilleur qoff=-1000000000000000019884624838656.000
  W=9 : Rmax=11 ; meilleur qoff=-1000000000000000019884624838656.000
NULL #156 qoff=-1000000000000000019884624838656.000 (W=-20041995 W2=0)
  W=2 : Rmax=15 ; meilleur qoff=-1000000000000000019884624838656.000
  W=3 : Rmax=10 ; meilleur qoff=-1000000000000000019884624838656.000
  W=4 : Rmax=7 ; meilleur qoff=-1000000000000000019884624838656.000
  W=5 : Rmax=19 ; meilleur qoff=-1000000000000000019884624838656.000
  W=6 : Rmax=18 ; meilleur qoff=-1000000000000000019884624838656.000
  W=7 : Rmax=9 ; meilleur qoff=-1000000000000000019884624838656.000
  W=8 : Rmax=10 ; meilleur qoff=-1000000000000000019884624838656.000
  W=9 : Rmax=13 ; meilleur qoff=-1000000000000000019884624838656.000
NULL #157 qoff=-1000000000000000019884624838656.000 (W=-20041995 W2=0)
  W=2 : Rmax=10 ; meilleur qoff=-1000000000000000019884624838656.000
  W=3 : Rmax=4 ; meilleur qoff=-1000000000000000019884624838656.000
  W=4 : Rmax=8 ; meilleur qoff=-1000000000000000019884624838656.000
  W=5 : Rmax=4 ; meilleur qoff=-1000000000000000019884624838656.000
  W=6 : Rmax=5 ; meilleur qoff=-1000000000000000019884624838656.000
  W=7 : Rmax=22 ; meilleur qoff=-1000000000000000019884624838656.000
  W=8 : Rmax=12 ; meilleur qoff=-1000000000000000019884624838656.000
  W=9 : Rmax=9 ; meilleur qoff=-1000000000000000019884624838656.000
NULL #158 qoff=-1000000000000000019884624838656.000 (W=-20041995 W2=0)
  W=2 : Rmax=7 ; meilleur qoff=-1000000000000000019884624838656.000
  W=3 : Rmax=6 ; meilleur qoff=-1000000000000000019884624838656.000
  W=4 : Rmax=12 ; meilleur qoff=-1000000000000000019884624838656.000
  W=5 : Rmax=8 ; meilleur qoff=-1000000000000000019884624838656.000
  W=6 : Rmax=8 ; meilleur qoff=-1000000000000000019884624838656.000
  W=7 : Rmax=17 ; meilleur qoff=-1000000000000000019884624838656.000
  W=8 : Rmax=14 ; meilleur qoff=-1000000000000000019884624838656.000
  W=9 : Rmax=5 ; meilleur qoff=-1000000000000000019884624838656.000
NULL #159 qoff=-1000000000000000019884624838656.000 (W=-20041995 W2=0)
  W=2 : Rmax=5 ; meilleur qoff=-1000000000000000019884624838656.000
  W=3 : Rmax=7 ; meilleur qoff=-1000000000000000019884624838656.000
  W=4 : Rmax=8 ; meilleur qoff=-1000000000000000019884624838656.000
  W=5 : Rmax=6 ; meilleur qoff=-1000000000000000019884624838656.000
  W=6 : Rmax=12 ; meilleur qoff=-1000000000000000019884624838656.000
  W=7 : Rmax=9 ; meilleur qoff=-1000000000000000019884624838656.000
  W=8 : Rmax=6 ; meilleur qoff=-1000000000000000019884624838656.000
  W=9 : Rmax=17 ; meilleur qoff=-1000000000000000019884624838656.000
NULL #160 qoff=-1000000000000000019884624838656.000 (W=-20041995 W2=0)
  W=2 : Rmax=15 ; meilleur qoff=-1000000000000000019884624838656.000
  W=3 : Rmax=10 ; meilleur qoff=-1000000000000000019884624838656.000
  W=4 : Rmax=7 ; meilleur qoff=-1000000000000000019884624838656.000
  W=5 : Rmax=21 ; meilleur qoff=-1000000000000000019884624838656.000
  W=6 : Rmax=8 ; meilleur qoff=-1000000000000000019884624838656.000
  W=7 : Rmax=12 ; meilleur qoff=-1000000000000000019884624838656.000
  W=8 : Rmax=13 ; meilleur qoff=-1000000000000000019884624838656.000
  W=9 : Rmax=17 ; meilleur qoff=-1000000000000000019884624838656.000
NULL #161 qoff=-1000000000000000019884624838656.000 (W=-20041995 W2=0)
  W=2 : Rmax=9 ; meilleur qoff=-1000000000000000019884624838656.000
  W=3 : Rmax=4 ; meilleur qoff=-1000000000000000019884624838656.000
  W=4 : Rmax=4 ; meilleur qoff=-1000000000000000019884624838656.000
  W=5 : Rmax=8 ; meilleur qoff=-1000000000000000019884624838656.000
  W=6 : Rmax=4 ; meilleur qoff=-1000000000000000019884624838656.000
  W=7 : Rmax=9 ; meilleur qoff=-1000000000000000019884624838656.000
  W=8 : Rmax=9 ; meilleur qoff=-1000000000000000019884624838656.000
  W=9 : Rmax=19 ; meilleur qoff=-1000000000000000019884624838656.000
NULL #162 qoff=-1000000000000000019884624838656.000 (W=-20041995 W2=0)
  W=2 : Rmax=19 ; meilleur qoff=-1000000000000000019884624838656.000
  W=3 : Rmax=5 ; meilleur qoff=-1000000000000000019884624838656.000
  W=4 : Rmax=14 ; meilleur qoff=-1000000000000000019884624838656.000
  W=5 : Rmax=7 ; meilleur qoff=-1000000000000000019884624838656.000
  W=6 : Rmax=13 ; meilleur qoff=-1000000000000000019884624838656.000
  W=7 : Rmax=7 ; meilleur qoff=-1000000000000000019884624838656.000
  W=8 : Rmax=9 ; meilleur qoff=-1000000000000000019884624838656.000
  W=9 : Rmax=9 ; meilleur qoff=-1000000000000000019884624838656.000
NULL #163 qoff=-1000000000000000019884624838656.000 (W=-20041995 W2=0)
  W=2 : Rmax=7 ; meilleur qoff=-1000000000000000019884624838656.000
  W=3 : Rmax=4 ; meilleur qoff=-1000000000000000019884624838656.000
  W=4 : Rmax=4 ; meilleur qoff=-1000000000000000019884624838656.000
  W=5 : Rmax=8 ; meilleur qoff=-1000000000000000019884624838656.000
  W=6 : Rmax=10 ; meilleur qoff=-1000000000000000019884624838656.000
  W=7 : Rmax=6 ; meilleur qoff=-1000000000000000019884624838656.000
  W=8 : Rmax=10 ; meilleur qoff=-1000000000000000019884624838656.000
  W=9 : Rmax=14 ; meilleur qoff=-1000000000000000019884624838656.000
NULL #164 qoff=-1000000000000000019884624838656.000 (W=-20041995 W2=0)
  W=2 : Rmax=18 ; meilleur qoff=-1000000000000000019884624838656.000
  W=3 : Rmax=2 ; meilleur qoff=-1000000000000000019884624838656.000
  W=4 : Rmax=10 ; meilleur qoff=-1000000000000000019884624838656.000
  W=5 : Rmax=5 ; meilleur qoff=-1000000000000000019884624838656.000
  W=6 : Rmax=13 ; meilleur qoff=-1000000000000000019884624838656.000
  W=7 : Rmax=5 ; meilleur qoff=-1000000000000000019884624838656.000
  W=8 : Rmax=11 ; meilleur qoff=-1000000000000000019884624838656.000
  W=9 : Rmax=21 ; meilleur qoff=-1000000000000000019884624838656.000
NULL #165 qoff=-1000000000000000019884624838656.000 (W=-20041995 W2=0)
  W=2 : Rmax=5 ; meilleur qoff=-1000000000000000019884624838656.000
  W=3 : Rmax=6 ; meilleur qoff=-1000000000000000019884624838656.000
  W=4 : Rmax=4 ; meilleur qoff=-1000000000000000019884624838656.000
  W=5 : Rmax=7 ; meilleur qoff=-1000000000000000019884624838656.000
  W=6 : Rmax=9 ; meilleur qoff=-1000000000000000019884624838656.000
  W=7 : Rmax=5 ; meilleur qoff=-1000000000000000019884624838656.000
  W=8 : Rmax=5 ; meilleur qoff=-1000000000000000019884624838656.000
  W=9 : Rmax=10 ; meilleur qoff=-1000000000000000019884624838656.000
NULL #166 qoff=-1000000000000000019884624838656.000 (W=-20041995 W2=0)
  W=2 : Rmax=22 ; meilleur qoff=-1000000000000000019884624838656.000
  W=3 : Rmax=5 ; meilleur qoff=-1000000000000000019884624838656.000
  W=4 : Rmax=10 ; meilleur qoff=-1000000000000000019884624838656.000
  W=5 : Rmax=9 ; meilleur qoff=-1000000000000000019884624838656.000
  W=6 : Rmax=5 ; meilleur qoff=-1000000000000000019884624838656.000
  W=7 : Rmax=12 ; meilleur qoff=-1000000000000000019884624838656.000
  W=8 : Rmax=6 ; meilleur qoff=-1000000000000000019884624838656.000
  W=9 : Rmax=11 ; meilleur qoff=-1000000000000000019884624838656.000
NULL #167 qoff=-1000000000000000019884624838656.000 (W=-20041995 W2=0)
  W=2 : Rmax=6 ; meilleur qoff=-1000000000000000019884624838656.000
  W=3 : Rmax=7 ; meilleur qoff=-1000000000000000019884624838656.000
  W=4 : Rmax=8 ; meilleur qoff=-1000000000000000019884624838656.000
  W=5 : Rmax=9 ; meilleur qoff=-1000000000000000019884624838656.000
  W=6 : Rmax=6 ; meilleur qoff=-1000000000000000019884624838656.000
  W=7 : Rmax=15 ; meilleur qoff=-1000000000000000019884624838656.000
  W=8 : Rmax=18 ; meilleur qoff=-1000000000000000019884624838656.000
  W=9 : Rmax=9 ; meilleur qoff=-1000000000000000019884624838656.000
NULL #168 qoff=-1000000000000000019884624838656.000 (W=-20041995 W2=0)
  W=2 : Rmax=8 ; meilleur qoff=-1000000000000000019884624838656.000
  W=3 : Rmax=8 ; meilleur qoff=-1000000000000000019884624838656.000
  W=4 : Rmax=6 ; meilleur qoff=-1000000000000000019884624838656.000
  W=5 : Rmax=7 ; meilleur qoff=-1000000000000000019884624838656.000
  W=6 : Rmax=19 ; meilleur qoff=-1000000000000000019884624838656.000
  W=7 : Rmax=15 ; meilleur qoff=-1000000000000000019884624838656.000
  W=8 : Rmax=6 ; meilleur qoff=-1000000000000000019884624838656.000
  W=9 : Rmax=8 ; meilleur qoff=-1000000000000000019884624838656.000
NULL #169 qoff=-1000000000000000019884624838656.000 (W=-20041995 W2=0)
  W=2 : Rmax=7 ; meilleur qoff=-1000000000000000019884624838656.000
  W=3 : Rmax=8 ; meilleur qoff=-1000000000000000019884624838656.000
  W=4 : Rmax=5 ; meilleur qoff=-1000000000000000019884624838656.000
  W=5 : Rmax=13 ; meilleur qoff=-1000000000000000019884624838656.000
  W=6 : Rmax=7 ; meilleur qoff=-1000000000000000019884624838656.000
  W=7 : Rmax=15 ; meilleur qoff=-1000000000000000019884624838656.000
  W=8 : Rmax=9 ; meilleur qoff=-1000000000000000019884624838656.000
  W=9 : Rmax=13 ; meilleur qoff=-1000000000000000019884624838656.000
NULL #170 qoff=-1000000000000000019884624838656.000 (W=-20041995 W2=0)
  W=2 : Rmax=7 ; meilleur qoff=-1000000000000000019884624838656.000
  W=3 : Rmax=5 ; meilleur qoff=-1000000000000000019884624838656.000
  W=4 : Rmax=7 ; meilleur qoff=-1000000000000000019884624838656.000
  W=5 : Rmax=11 ; meilleur qoff=-1000000000000000019884624838656.000
  W=6 : Rmax=11 ; meilleur qoff=-1000000000000000019884624838656.000
  W=7 : Rmax=13 ; meilleur qoff=-1000000000000000019884624838656.000
  W=8 : Rmax=11 ; meilleur qoff=-1000000000000000019884624838656.000
  W=9 : Rmax=8 ; meilleur qoff=-1000000000000000019884624838656.000
NULL #171 qoff=-1000000000000000019884624838656.000 (W=-20041995 W2=0)
  W=2 : Rmax=7 ; meilleur qoff=-1000000000000000019884624838656.000
  W=3 : Rmax=8 ; meilleur qoff=-1000000000000000019884624838656.000
  W=4 : Rmax=7 ; meilleur qoff=-1000000000000000019884624838656.000
  W=5 : Rmax=10 ; meilleur qoff=-1000000000000000019884624838656.000
  W=6 : Rmax=12 ; meilleur qoff=-1000000000000000019884624838656.000
  W=7 : Rmax=11 ; meilleur qoff=-1000000000000000019884624838656.000
  W=8 : Rmax=14 ; meilleur qoff=-1000000000000000019884624838656.000
  W=9 : Rmax=22 ; meilleur qoff=-1000000000000000019884624838656.000
NULL #172 qoff=-1000000000000000019884624838656.000 (W=-20041995 W2=0)
  W=2 : Rmax=15 ; meilleur qoff=-1000000000000000019884624838656.000
  W=3 : Rmax=7 ; meilleur qoff=-1000000000000000019884624838656.000
  W=4 : Rmax=9 ; meilleur qoff=-1000000000000000019884624838656.000
  W=5 : Rmax=10 ; meilleur qoff=-1000000000000000019884624838656.000
  W=6 : Rmax=13 ; meilleur qoff=-1000000000000000019884624838656.000
  W=7 : Rmax=15 ; meilleur qoff=-1000000000000000019884624838656.000
  W=8 : Rmax=11 ; meilleur qoff=-1000000000000000019884624838656.000
  W=9 : Rmax=17 ; meilleur qoff=-1000000000000000019884624838656.000
NULL #173 qoff=-1000000000000000019884624838656.000 (W=-20041995 W2=0)
  W=2 : Rmax=2 ; meilleur qoff=-1000000000000000019884624838656.000
  W=3 : Rmax=22 ; meilleur qoff=-1000000000000000019884624838656.000
  W=4 : Rmax=14 ; meilleur qoff=-1000000000000000019884624838656.000
  W=5 : Rmax=11 ; meilleur qoff=-1000000000000000019884624838656.000
  W=6 : Rmax=19 ; meilleur qoff=-1000000000000000019884624838656.000
  W=7 : Rmax=18 ; meilleur qoff=-1000000000000000019884624838656.000
  W=8 : Rmax=21 ; meilleur qoff=-1000000000000000019884624838656.000
  W=9 : Rmax=13 ; meilleur qoff=-1000000000000000019884624838656.000
NULL #174 qoff=-1000000000000000019884624838656.000 (W=-20041995 W2=0)
  W=2 : Rmax=6 ; meilleur qoff=-1000000000000000019884624838656.000
  W=3 : Rmax=12 ; meilleur qoff=-1000000000000000019884624838656.000
  W=4 : Rmax=4 ; meilleur qoff=-1000000000000000019884624838656.000
  W=5 : Rmax=11 ; meilleur qoff=-1000000000000000019884624838656.000
  W=6 : Rmax=21 ; meilleur qoff=-1000000000000000019884624838656.000
  W=7 : Rmax=5 ; meilleur qoff=-1000000000000000019884624838656.000
  W=8 : Rmax=11 ; meilleur qoff=-1000000000000000019884624838656.000
  W=9 : Rmax=12 ; meilleur qoff=-1000000000000000019884624838656.000
NULL #175 qoff=-1000000000000000019884624838656.000 (W=-20041995 W2=0)
  W=2 : Rmax=6 ; meilleur qoff=-1000000000000000019884624838656.000
  W=3 : Rmax=11 ; meilleur qoff=-1000000000000000019884624838656.000
  W=4 : Rmax=9 ; meilleur qoff=-1000000000000000019884624838656.000
  W=5 : Rmax=15 ; meilleur qoff=-1000000000000000019884624838656.000
  W=6 : Rmax=15 ; meilleur qoff=-1000000000000000019884624838656.000
  W=7 : Rmax=5 ; meilleur qoff=-1000000000000000019884624838656.000
  W=8 : Rmax=23 ; meilleur qoff=-1000000000000000019884624838656.000
  W=9 : Rmax=26 ; meilleur qoff=-1000000000000000019884624838656.000
NULL #176 qoff=-1000000000000000019884624838656.000 (W=-20041995 W2=0)
  W=2 : Rmax=8 ; meilleur qoff=-1000000000000000019884624838656.000
  W=3 : Rmax=6 ; meilleur qoff=-1000000000000000019884624838656.000
  W=4 : Rmax=7 ; meilleur qoff=-1000000000000000019884624838656.000
  W=5 : Rmax=10 ; meilleur qoff=-1000000000000000019884624838656.000
  W=6 : Rmax=9 ; meilleur qoff=-1000000000000000019884624838656.000
  W=7 : Rmax=10 ; meilleur qoff=-1000000000000000019884624838656.000
  W=8 : Rmax=14 ; meilleur qoff=-1000000000000000019884624838656.000
  W=9 : Rmax=11 ; meilleur qoff=-1000000000000000019884624838656.000
NULL #177 qoff=-1000000000000000019884624838656.000 (W=-20041995 W2=0)
  W=2 : Rmax=5 ; meilleur qoff=-1000000000000000019884624838656.000
  W=3 : Rmax=9 ; meilleur qoff=-1000000000000000019884624838656.000
  W=4 : Rmax=10 ; meilleur qoff=-1000000000000000019884624838656.000
  W=5 : Rmax=3 ; meilleur qoff=-1000000000000000019884624838656.000
  W=6 : Rmax=14 ; meilleur qoff=-1000000000000000019884624838656.000
  W=7 : Rmax=16 ; meilleur qoff=-1000000000000000019884624838656.000
  W=8 : Rmax=12 ; meilleur qoff=-1000000000000000019884624838656.000
  W=9 : Rmax=19 ; meilleur qoff=-1000000000000000019884624838656.000
NULL #178 qoff=-1000000000000000019884624838656.000 (W=-20041995 W2=0)
  W=2 : Rmax=5 ; meilleur qoff=-1000000000000000019884624838656.000
  W=3 : Rmax=6 ; meilleur qoff=-1000000000000000019884624838656.000
  W=4 : Rmax=21 ; meilleur qoff=-1000000000000000019884624838656.000
  W=5 : Rmax=11 ; meilleur qoff=-1000000000000000019884624838656.000
  W=6 : Rmax=5 ; meilleur qoff=-1000000000000000019884624838656.000
  W=7 : Rmax=13 ; meilleur qoff=-1000000000000000019884624838656.000
  W=8 : Rmax=12 ; meilleur qoff=-1000000000000000019884624838656.000
  W=9 : Rmax=14 ; meilleur qoff=-1000000000000000019884624838656.000
NULL #179 qoff=-1000000000000000019884624838656.000 (W=-20041995 W2=0)
  W=2 : Rmax=14 ; meilleur qoff=-1000000000000000019884624838656.000
  W=3 : Rmax=20 ; meilleur qoff=-1000000000000000019884624838656.000
  W=4 : Rmax=8 ; meilleur qoff=-1000000000000000019884624838656.000
  W=5 : Rmax=8 ; meilleur qoff=-1000000000000000019884624838656.000
  W=6 : Rmax=8 ; meilleur qoff=-1000000000000000019884624838656.000
  W=7 : Rmax=11 ; meilleur qoff=-1000000000000000019884624838656.000
  W=8 : Rmax=9 ; meilleur qoff=-1000000000000000019884624838656.000
  W=9 : Rmax=9 ; meilleur qoff=-1000000000000000019884624838656.000
NULL #180 qoff=-1000000000000000019884624838656.000 (W=-20041995 W2=0)
  W=2 : Rmax=2 ; meilleur qoff=-1000000000000000019884624838656.000
  W=3 : Rmax=21 ; meilleur qoff=-1000000000000000019884624838656.000
  W=4 : Rmax=13 ; meilleur qoff=-1000000000000000019884624838656.000
  W=5 : Rmax=6 ; meilleur qoff=-1000000000000000019884624838656.000
  W=6 : Rmax=10 ; meilleur qoff=-1000000000000000019884624838656.000
  W=7 : Rmax=8 ; meilleur qoff=-1000000000000000019884624838656.000
  W=8 : Rmax=9 ; meilleur qoff=-1000000000000000019884624838656.000
  W=9 : Rmax=20 ; meilleur qoff=-1000000000000000019884624838656.000
NULL #181 qoff=-1000000000000000019884624838656.000 (W=-20041995 W2=0)
  W=2 : Rmax=27 ; meilleur qoff=-1000000000000000019884624838656.000
  W=3 : Rmax=5 ; meilleur qoff=-1000000000000000019884624838656.000
  W=4 : Rmax=3 ; meilleur qoff=-1000000000000000019884624838656.000
  W=5 : Rmax=10 ; meilleur qoff=-1000000000000000019884624838656.000
  W=6 : Rmax=12 ; meilleur qoff=-1000000000000000019884624838656.000
  W=7 : Rmax=14 ; meilleur qoff=-1000000000000000019884624838656.000
  W=8 : Rmax=7 ; meilleur qoff=-1000000000000000019884624838656.000
  W=9 : Rmax=9 ; meilleur qoff=-1000000000000000019884624838656.000
NULL #182 qoff=-1000000000000000019884624838656.000 (W=-20041995 W2=0)
  W=2 : Rmax=12 ; meilleur qoff=-1000000000000000019884624838656.000
  W=3 : Rmax=4 ; meilleur qoff=-1000000000000000019884624838656.000
  W=4 : Rmax=7 ; meilleur qoff=-1000000000000000019884624838656.000
  W=5 : Rmax=8 ; meilleur qoff=-1000000000000000019884624838656.000
  W=6 : Rmax=12 ; meilleur qoff=-1000000000000000019884624838656.000
  W=7 : Rmax=17 ; meilleur qoff=-1000000000000000019884624838656.000
  W=8 : Rmax=10 ; meilleur qoff=-1000000000000000019884624838656.000
  W=9 : Rmax=12 ; meilleur qoff=-1000000000000000019884624838656.000
NULL #183 qoff=-1000000000000000019884624838656.000 (W=-20041995 W2=0)
  W=2 : Rmax=10 ; meilleur qoff=-1000000000000000019884624838656.000
  W=3 : Rmax=6 ; meilleur qoff=-1000000000000000019884624838656.000
  W=4 : Rmax=11 ; meilleur qoff=-1000000000000000019884624838656.000
  W=5 : Rmax=17 ; meilleur qoff=-1000000000000000019884624838656.000
  W=6 : Rmax=4 ; meilleur qoff=-1000000000000000019884624838656.000
  W=7 : Rmax=20 ; meilleur qoff=-1000000000000000019884624838656.000
  W=8 : Rmax=9 ; meilleur qoff=-1000000000000000019884624838656.000
  W=9 : Rmax=19 ; meilleur qoff=-1000000000000000019884624838656.000
NULL #184 qoff=-1000000000000000019884624838656.000 (W=-20041995 W2=0)
  W=2 : Rmax=6 ; meilleur qoff=-1000000000000000019884624838656.000
  W=3 : Rmax=6 ; meilleur qoff=-1000000000000000019884624838656.000
  W=4 : Rmax=8 ; meilleur qoff=-1000000000000000019884624838656.000
  W=5 : Rmax=12 ; meilleur qoff=-1000000000000000019884624838656.000
  W=6 : Rmax=17 ; meilleur qoff=-1000000000000000019884624838656.000
  W=7 : Rmax=9 ; meilleur qoff=-1000000000000000019884624838656.000
  W=8 : Rmax=14 ; meilleur qoff=-1000000000000000019884624838656.000
  W=9 : Rmax=15 ; meilleur qoff=-1000000000000000019884624838656.000
NULL #185 qoff=-1000000000000000019884624838656.000 (W=-20041995 W2=0)
  W=2 : Rmax=2 ; meilleur qoff=-1000000000000000019884624838656.000
  W=3 : Rmax=20 ; meilleur qoff=-1000000000000000019884624838656.000
  W=4 : Rmax=4 ; meilleur qoff=-1000000000000000019884624838656.000
  W=5 : Rmax=9 ; meilleur qoff=-1000000000000000019884624838656.000
  W=6 : Rmax=11 ; meilleur qoff=-1000000000000000019884624838656.000
  W=7 : Rmax=9 ; meilleur qoff=-1000000000000000019884624838656.000
  W=8 : Rmax=36 ; meilleur qoff=-1000000000000000019884624838656.000
  W=9 : Rmax=19 ; meilleur qoff=-1000000000000000019884624838656.000
NULL #186 qoff=-1000000000000000019884624838656.000 (W=-20041995 W2=0)
  W=2 : Rmax=9 ; meilleur qoff=-1000000000000000019884624838656.000
  W=3 : Rmax=9 ; meilleur qoff=-1000000000000000019884624838656.000
  W=4 : Rmax=11 ; meilleur qoff=-1000000000000000019884624838656.000
  W=5 : Rmax=11 ; meilleur qoff=-1000000000000000019884624838656.000
  W=6 : Rmax=6 ; meilleur qoff=-1000000000000000019884624838656.000
  W=7 : Rmax=20 ; meilleur qoff=-1000000000000000019884624838656.000
  W=8 : Rmax=12 ; meilleur qoff=-1000000000000000019884624838656.000
  W=9 : Rmax=12 ; meilleur qoff=-1000000000000000019884624838656.000
NULL #187 qoff=-1000000000000000019884624838656.000 (W=-20041995 W2=0)
  W=2 : Rmax=4 ; meilleur qoff=-1000000000000000019884624838656.000
  W=3 : Rmax=11 ; meilleur qoff=-1000000000000000019884624838656.000
  W=4 : Rmax=12 ; meilleur qoff=-1000000000000000019884624838656.000
  W=5 : Rmax=11 ; meilleur qoff=-1000000000000000019884624838656.000
  W=6 : Rmax=9 ; meilleur qoff=-1000000000000000019884624838656.000
  W=7 : Rmax=8 ; meilleur qoff=-1000000000000000019884624838656.000
  W=8 : Rmax=9 ; meilleur qoff=-1000000000000000019884624838656.000
  W=9 : Rmax=15 ; meilleur qoff=-1000000000000000019884624838656.000
NULL #188 qoff=-1000000000000000019884624838656.000 (W=-20041995 W2=0)
  W=2 : Rmax=13 ; meilleur qoff=-1000000000000000019884624838656.000
  W=3 : Rmax=8 ; meilleur qoff=-1000000000000000019884624838656.000
  W=4 : Rmax=7 ; meilleur qoff=-1000000000000000019884624838656.000
  W=5 : Rmax=14 ; meilleur qoff=-1000000000000000019884624838656.000
  W=6 : Rmax=14 ; meilleur qoff=-1000000000000000019884624838656.000
  W=7 : Rmax=19 ; meilleur qoff=-1000000000000000019884624838656.000
  W=8 : Rmax=21 ; meilleur qoff=-1000000000000000019884624838656.000
  W=9 : Rmax=13 ; meilleur qoff=-1000000000000000019884624838656.000
NULL #189 qoff=-1000000000000000019884624838656.000 (W=-20041995 W2=0)
  W=2 : Rmax=9 ; meilleur qoff=-1000000000000000019884624838656.000
  W=3 : Rmax=2 ; meilleur qoff=-1000000000000000019884624838656.000
  W=4 : Rmax=9 ; meilleur qoff=-1000000000000000019884624838656.000
  W=5 : Rmax=12 ; meilleur qoff=-1000000000000000019884624838656.000
  W=6 : Rmax=7 ; meilleur qoff=-1000000000000000019884624838656.000
  W=7 : Rmax=10 ; meilleur qoff=-1000000000000000019884624838656.000
  W=8 : Rmax=8 ; meilleur qoff=-1000000000000000019884624838656.000
  W=9 : Rmax=14 ; meilleur qoff=-1000000000000000019884624838656.000
NULL #190 qoff=-1000000000000000019884624838656.000 (W=-20041995 W2=0)
  W=2 : Rmax=9 ; meilleur qoff=-1000000000000000019884624838656.000
  W=3 : Rmax=19 ; meilleur qoff=-1000000000000000019884624838656.000
  W=4 : Rmax=7 ; meilleur qoff=-1000000000000000019884624838656.000
  W=5 : Rmax=6 ; meilleur qoff=-1000000000000000019884624838656.000
  W=6 : Rmax=12 ; meilleur qoff=-1000000000000000019884624838656.000
  W=7 : Rmax=7 ; meilleur qoff=-1000000000000000019884624838656.000
  W=8 : Rmax=3 ; meilleur qoff=-1000000000000000019884624838656.000
  W=9 : Rmax=14 ; meilleur qoff=-1000000000000000019884624838656.000
NULL #191 qoff=-1000000000000000019884624838656.000 (W=-20041995 W2=0)
  W=2 : Rmax=12 ; meilleur qoff=-1000000000000000019884624838656.000
  W=3 : Rmax=7 ; meilleur qoff=-1000000000000000019884624838656.000
  W=4 : Rmax=9 ; meilleur qoff=-1000000000000000019884624838656.000
  W=5 : Rmax=10 ; meilleur qoff=-1000000000000000019884624838656.000
  W=6 : Rmax=12 ; meilleur qoff=-1000000000000000019884624838656.000
  W=7 : Rmax=13 ; meilleur qoff=-1000000000000000019884624838656.000
  W=8 : Rmax=18 ; meilleur qoff=-1000000000000000019884624838656.000
  W=9 : Rmax=12 ; meilleur qoff=-1000000000000000019884624838656.000
NULL #192 qoff=-1000000000000000019884624838656.000 (W=-20041995 W2=0)
  W=2 : Rmax=5 ; meilleur qoff=-1000000000000000019884624838656.000
  W=3 : Rmax=8 ; meilleur qoff=-1000000000000000019884624838656.000
  W=4 : Rmax=8 ; meilleur qoff=-1000000000000000019884624838656.000
  W=5 : Rmax=10 ; meilleur qoff=-1000000000000000019884624838656.000
  W=6 : Rmax=19 ; meilleur qoff=-1000000000000000019884624838656.000
  W=7 : Rmax=11 ; meilleur qoff=-1000000000000000019884624838656.000
  W=8 : Rmax=8 ; meilleur qoff=-1000000000000000019884624838656.000
  W=9 : Rmax=11 ; meilleur qoff=-1000000000000000019884624838656.000
NULL #193 qoff=-1000000000000000019884624838656.000 (W=-20041995 W2=0)
  W=2 : Rmax=12 ; meilleur qoff=-1000000000000000019884624838656.000
  W=3 : Rmax=23 ; meilleur qoff=-1000000000000000019884624838656.000
  W=4 : Rmax=5 ; meilleur qoff=-1000000000000000019884624838656.000
  W=5 : Rmax=12 ; meilleur qoff=-1000000000000000019884624838656.000
  W=6 : Rmax=7 ; meilleur qoff=-1000000000000000019884624838656.000
  W=7 : Rmax=6 ; meilleur qoff=-1000000000000000019884624838656.000
  W=8 : Rmax=9 ; meilleur qoff=-1000000000000000019884624838656.000
  W=9 : Rmax=29 ; meilleur qoff=-1000000000000000019884624838656.000
NULL #194 qoff=-1000000000000000019884624838656.000 (W=-20041995 W2=0)
  W=2 : Rmax=4 ; meilleur qoff=-1000000000000000019884624838656.000
  W=3 : Rmax=2 ; meilleur qoff=-1000000000000000019884624838656.000
  W=4 : Rmax=14 ; meilleur qoff=-1000000000000000019884624838656.000
  W=5 : Rmax=23 ; meilleur qoff=-1000000000000000019884624838656.000
  W=6 : Rmax=18 ; meilleur qoff=-1000000000000000019884624838656.000
  W=7 : Rmax=9 ; meilleur qoff=-1000000000000000019884624838656.000
  W=8 : Rmax=13 ; meilleur qoff=-1000000000000000019884624838656.000
  W=9 : Rmax=16 ; meilleur qoff=-1000000000000000019884624838656.000
NULL #195 qoff=-1000000000000000019884624838656.000 (W=-20041995 W2=0)
  W=2 : Rmax=9 ; meilleur qoff=-1000000000000000019884624838656.000
  W=3 : Rmax=21 ; meilleur qoff=-1000000000000000019884624838656.000
  W=4 : Rmax=10 ; meilleur qoff=-1000000000000000019884624838656.000
  W=5 : Rmax=9 ; meilleur qoff=-1000000000000000019884624838656.000
  W=6 : Rmax=5 ; meilleur qoff=-1000000000000000019884624838656.000
  W=7 : Rmax=14 ; meilleur qoff=-1000000000000000019884624838656.000
  W=8 : Rmax=27 ; meilleur qoff=-1000000000000000019884624838656.000
  W=9 : Rmax=17 ; meilleur qoff=-1000000000000000019884624838656.000
NULL #196 qoff=-1000000000000000019884624838656.000 (W=-20041995 W2=0)
  W=2 : Rmax=5 ; meilleur qoff=-1000000000000000019884624838656.000
  W=3 : Rmax=6 ; meilleur qoff=-1000000000000000019884624838656.000
  W=4 : Rmax=9 ; meilleur qoff=-1000000000000000019884624838656.000
  W=5 : Rmax=9 ; meilleur qoff=-1000000000000000019884624838656.000
  W=6 : Rmax=5 ; meilleur qoff=-1000000000000000019884624838656.000
  W=7 : Rmax=7 ; meilleur qoff=-1000000000000000019884624838656.000
  W=8 : Rmax=26 ; meilleur qoff=-1000000000000000019884624838656.000
  W=9 : Rmax=12 ; meilleur qoff=-1000000000000000019884624838656.000
NULL #197 qoff=-1000000000000000019884624838656.000 (W=-20041995 W2=0)
  W=2 : Rmax=9 ; meilleur qoff=-1000000000000000019884624838656.000
  W=3 : Rmax=14 ; meilleur qoff=-1000000000000000019884624838656.000
  W=4 : Rmax=9 ; meilleur qoff=-1000000000000000019884624838656.000
  W=5 : Rmax=8 ; meilleur qoff=-1000000000000000019884624838656.000
  W=6 : Rmax=26 ; meilleur qoff=-1000000000000000019884624838656.000
  W=7 : Rmax=10 ; meilleur qoff=-1000000000000000019884624838656.000
  W=8 : Rmax=11 ; meilleur qoff=-1000000000000000019884624838656.000
  W=9 : Rmax=12 ; meilleur qoff=-1000000000000000019884624838656.000
NULL #198 qoff=-1000000000000000019884624838656.000 (W=-20041995 W2=0)
  W=2 : Rmax=4 ; meilleur qoff=-1000000000000000019884624838656.000
  W=3 : Rmax=6 ; meilleur qoff=-1000000000000000019884624838656.000
  W=4 : Rmax=6 ; meilleur qoff=-1000000000000000019884624838656.000
  W=5 : Rmax=16 ; meilleur qoff=-1000000000000000019884624838656.000
  W=6 : Rmax=4 ; meilleur qoff=-1000000000000000019884624838656.000
  W=7 : Rmax=16 ; meilleur qoff=-1000000000000000019884624838656.000
  W=8 : Rmax=7 ; meilleur qoff=-1000000000000000019884624838656.000
  W=9 : Rmax=13 ; meilleur qoff=-1000000000000000019884624838656.000
NULL #199 qoff=-1000000000000000019884624838656.000 (W=-20041995 W2=0)
  W=2 : Rmax=9 ; meilleur qoff=-1000000000000000019884624838656.000
  W=3 : Rmax=7 ; meilleur qoff=-1000000000000000019884624838656.000
  W=4 : Rmax=7 ; meilleur qoff=-1000000000000000019884624838656.000
  W=5 : Rmax=8 ; meilleur qoff=-1000000000000000019884624838656.000
  W=6 : Rmax=10 ; meilleur qoff=-1000000000000000019884624838656.000
  W=7 : Rmax=14 ; meilleur qoff=-1000000000000000019884624838656.000
  W=8 : Rmax=25 ; meilleur qoff=-1000000000000000019884624838656.000
  W=9 : Rmax=17 ; meilleur qoff=-1000000000000000019884624838656.000
NULL #200 qoff=-1000000000000000019884624838656.000 (W=-20041995 W2=0)
  W=2 : Rmax=7 ; meilleur qoff=-1000000000000000019884624838656.000
  W=3 : Rmax=5 ; meilleur qoff=-1000000000000000019884624838656.000
  W=4 : Rmax=4 ; meilleur qoff=-1000000000000000019884624838656.000
  W=5 : Rmax=12 ; meilleur qoff=-1000000000000000019884624838656.000
  W=6 : Rmax=9 ; meilleur qoff=-1000000000000000019884624838656.000
  W=7 : Rmax=12 ; meilleur qoff=-1000000000000000019884624838656.000
  W=8 : Rmax=18 ; meilleur qoff=-1000000000000000019884624838656.000
  W=9 : Rmax=20 ; meilleur qoff=-1000000000000000019884624838656.000
NULL #201 qoff=-1000000000000000019884624838656.000 (W=-20041995 W2=0)
  W=2 : Rmax=3 ; meilleur qoff=-1000000000000000019884624838656.000
  W=3 : Rmax=1 ; meilleur qoff=-1000000000000000019884624838656.000
  W=4 : Rmax=10 ; meilleur qoff=-1000000000000000019884624838656.000
  W=5 : Rmax=8 ; meilleur qoff=-1000000000000000019884624838656.000
  W=6 : Rmax=7 ; meilleur qoff=-1000000000000000019884624838656.000
  W=7 : Rmax=9 ; meilleur qoff=-1000000000000000019884624838656.000
  W=8 : Rmax=14 ; meilleur qoff=-1000000000000000019884624838656.000
  W=9 : Rmax=13 ; meilleur qoff=-1000000000000000019884624838656.000
NULL #202 qoff=-1000000000000000019884624838656.000 (W=-20041995 W2=0)
  W=2 : Rmax=7 ; meilleur qoff=-1000000000000000019884624838656.000
  W=3 : Rmax=8 ; meilleur qoff=-1000000000000000019884624838656.000
  W=4 : Rmax=6 ; meilleur qoff=-1000000000000000019884624838656.000
  W=5 : Rmax=11 ; meilleur qoff=-1000000000000000019884624838656.000
  W=6 : Rmax=12 ; meilleur qoff=-1000000000000000019884624838656.000
  W=7 : Rmax=7 ; meilleur qoff=-1000000000000000019884624838656.000
  W=8 : Rmax=16 ; meilleur qoff=-1000000000000000019884624838656.000
  W=9 : Rmax=18 ; meilleur qoff=-1000000000000000019884624838656.000
NULL #203 qoff=-1000000000000000019884624838656.000 (W=-20041995 W2=0)
  W=2 : Rmax=10 ; meilleur qoff=-1000000000000000019884624838656.000
  W=3 : Rmax=5 ; meilleur qoff=-1000000000000000019884624838656.000
  W=4 : Rmax=8 ; meilleur qoff=-1000000000000000019884624838656.000
  W=5 : Rmax=24 ; meilleur qoff=-1000000000000000019884624838656.000
  W=6 : Rmax=5 ; meilleur qoff=-1000000000000000019884624838656.000
  W=7 : Rmax=26 ; meilleur qoff=-1000000000000000019884624838656.000
  W=8 : Rmax=21 ; meilleur qoff=-1000000000000000019884624838656.000
  W=9 : Rmax=20 ; meilleur qoff=-1000000000000000019884624838656.000
NULL #204 qoff=-1000000000000000019884624838656.000 (W=-20041995 W2=0)
  W=2 : Rmax=3 ; meilleur qoff=-1000000000000000019884624838656.000
  W=3 : Rmax=5 ; meilleur qoff=-1000000000000000019884624838656.000
  W=4 : Rmax=17 ; meilleur qoff=-1000000000000000019884624838656.000
  W=5 : Rmax=11 ; meilleur qoff=-1000000000000000019884624838656.000
  W=6 : Rmax=9 ; meilleur qoff=-1000000000000000019884624838656.000
  W=7 : Rmax=10 ; meilleur qoff=-1000000000000000019884624838656.000
  W=8 : Rmax=9 ; meilleur qoff=-1000000000000000019884624838656.000
  W=9 : Rmax=9 ; meilleur qoff=-1000000000000000019884624838656.000
NULL #205 qoff=-1000000000000000019884624838656.000 (W=-20041995 W2=0)
  W=2 : Rmax=15 ; meilleur qoff=-1000000000000000019884624838656.000
  W=3 : Rmax=8 ; meilleur qoff=-1000000000000000019884624838656.000
  W=4 : Rmax=4 ; meilleur qoff=-1000000000000000019884624838656.000
  W=5 : Rmax=4 ; meilleur qoff=-1000000000000000019884624838656.000
  W=6 : Rmax=8 ; meilleur qoff=-1000000000000000019884624838656.000
  W=7 : Rmax=8 ; meilleur qoff=-1000000000000000019884624838656.000
  W=8 : Rmax=18 ; meilleur qoff=-1000000000000000019884624838656.000
  W=9 : Rmax=13 ; meilleur qoff=-1000000000000000019884624838656.000
NULL #206 qoff=-1000000000000000019884624838656.000 (W=-20041995 W2=0)
  W=2 : Rmax=3 ; meilleur qoff=-1000000000000000019884624838656.000
  W=3 : Rmax=7 ; meilleur qoff=-1000000000000000019884624838656.000
  W=4 : Rmax=3 ; meilleur qoff=-1000000000000000019884624838656.000
  W=5 : Rmax=6 ; meilleur qoff=-1000000000000000019884624838656.000
  W=6 : Rmax=12 ; meilleur qoff=-1000000000000000019884624838656.000
  W=7 : Rmax=12 ; meilleur qoff=-1000000000000000019884624838656.000
  W=8 : Rmax=15 ; meilleur qoff=-1000000000000000019884624838656.000
  W=9 : Rmax=13 ; meilleur qoff=-1000000000000000019884624838656.000
NULL #207 qoff=-1000000000000000019884624838656.000 (W=-20041995 W2=0)
  W=2 : Rmax=4 ; meilleur qoff=-1000000000000000019884624838656.000
  W=3 : Rmax=8 ; meilleur qoff=-1000000000000000019884624838656.000
  W=4 : Rmax=8 ; meilleur qoff=-1000000000000000019884624838656.000
  W=5 : Rmax=7 ; meilleur qoff=-1000000000000000019884624838656.000
  W=6 : Rmax=18 ; meilleur qoff=-1000000000000000019884624838656.000
  W=7 : Rmax=9 ; meilleur qoff=-1000000000000000019884624838656.000
  W=8 : Rmax=21 ; meilleur qoff=-1000000000000000019884624838656.000
  W=9 : Rmax=11 ; meilleur qoff=-1000000000000000019884624838656.000
NULL #208 qoff=-1000000000000000019884624838656.000 (W=-20041995 W2=0)
  W=2 : Rmax=8 ; meilleur qoff=-1000000000000000019884624838656.000
  W=3 : Rmax=22 ; meilleur qoff=-1000000000000000019884624838656.000
  W=4 : Rmax=1 ; meilleur qoff=-1000000000000000019884624838656.000
  W=5 : Rmax=10 ; meilleur qoff=-1000000000000000019884624838656.000
  W=6 : Rmax=12 ; meilleur qoff=-1000000000000000019884624838656.000
  W=7 : Rmax=10 ; meilleur qoff=-1000000000000000019884624838656.000
  W=8 : Rmax=7 ; meilleur qoff=-1000000000000000019884624838656.000
  W=9 : Rmax=22 ; meilleur qoff=-1000000000000000019884624838656.000
NULL #209 qoff=-1000000000000000019884624838656.000 (W=-20041995 W2=0)
  W=2 : Rmax=7 ; meilleur qoff=-1000000000000000019884624838656.000
  W=3 : Rmax=7 ; meilleur qoff=-1000000000000000019884624838656.000
  W=4 : Rmax=7 ; meilleur qoff=-1000000000000000019884624838656.000
  W=5 : Rmax=9 ; meilleur qoff=-1000000000000000019884624838656.000
  W=6 : Rmax=10 ; meilleur qoff=-1000000000000000019884624838656.000
  W=7 : Rmax=8 ; meilleur qoff=-1000000000000000019884624838656.000
  W=8 : Rmax=17 ; meilleur qoff=-1000000000000000019884624838656.000
  W=9 : Rmax=6 ; meilleur qoff=-1000000000000000019884624838656.000
NULL #210 qoff=-1000000000000000019884624838656.000 (W=-20041995 W2=0)
  W=2 : Rmax=4 ; meilleur qoff=-1000000000000000019884624838656.000
  W=3 : Rmax=3 ; meilleur qoff=-1000000000000000019884624838656.000
  W=4 : Rmax=4 ; meilleur qoff=-1000000000000000019884624838656.000
  W=5 : Rmax=12 ; meilleur qoff=-1000000000000000019884624838656.000
  W=6 : Rmax=8 ; meilleur qoff=-1000000000000000019884624838656.000
  W=7 : Rmax=12 ; meilleur qoff=-1000000000000000019884624838656.000
  W=8 : Rmax=11 ; meilleur qoff=-1000000000000000019884624838656.000
  W=9 : Rmax=18 ; meilleur qoff=-1000000000000000019884624838656.000
NULL #211 qoff=-1000000000000000019884624838656.000 (W=-20041995 W2=0)
  W=2 : Rmax=12 ; meilleur qoff=-1000000000000000019884624838656.000
  W=3 : Rmax=5 ; meilleur qoff=-1000000000000000019884624838656.000
  W=4 : Rmax=10 ; meilleur qoff=-1000000000000000019884624838656.000
  W=5 : Rmax=10 ; meilleur qoff=-1000000000000000019884624838656.000
  W=6 : Rmax=10 ; meilleur qoff=-1000000000000000019884624838656.000
  W=7 : Rmax=5 ; meilleur qoff=-1000000000000000019884624838656.000
  W=8 : Rmax=9 ; meilleur qoff=-1000000000000000019884624838656.000
  W=9 : Rmax=34 ; meilleur qoff=-1000000000000000019884624838656.000
NULL #212 qoff=-1000000000000000019884624838656.000 (W=-20041995 W2=0)
  W=2 : Rmax=12 ; meilleur qoff=-1000000000000000019884624838656.000
  W=3 : Rmax=6 ; meilleur qoff=-1000000000000000019884624838656.000
  W=4 : Rmax=15 ; meilleur qoff=-1000000000000000019884624838656.000
  W=5 : Rmax=6 ; meilleur qoff=-1000000000000000019884624838656.000
  W=6 : Rmax=8 ; meilleur qoff=-1000000000000000019884624838656.000
  W=7 : Rmax=5 ; meilleur qoff=-1000000000000000019884624838656.000
  W=8 : Rmax=11 ; meilleur qoff=-1000000000000000019884624838656.000
  W=9 : Rmax=12 ; meilleur qoff=-1000000000000000019884624838656.000
NULL #213 qoff=-1000000000000000019884624838656.000 (W=-20041995 W2=0)
  W=2 : Rmax=3 ; meilleur qoff=-1000000000000000019884624838656.000
  W=3 : Rmax=6 ; meilleur qoff=-1000000000000000019884624838656.000
  W=4 : Rmax=10 ; meilleur qoff=-1000000000000000019884624838656.000
  W=5 : Rmax=10 ; meilleur qoff=-1000000000000000019884624838656.000
  W=6 : Rmax=10 ; meilleur qoff=-1000000000000000019884624838656.000
  W=7 : Rmax=8 ; meilleur qoff=-1000000000000000019884624838656.000
  W=8 : Rmax=14 ; meilleur qoff=-1000000000000000019884624838656.000
  W=9 : Rmax=8 ; meilleur qoff=-1000000000000000019884624838656.000
NULL #214 qoff=-1000000000000000019884624838656.000 (W=-20041995 W2=0)
  W=2 : Rmax=11 ; meilleur qoff=-1000000000000000019884624838656.000
  W=3 : Rmax=4 ; meilleur qoff=-1000000000000000019884624838656.000
  W=4 : Rmax=6 ; meilleur qoff=-1000000000000000019884624838656.000
  W=5 : Rmax=10 ; meilleur qoff=-1000000000000000019884624838656.000
  W=6 : Rmax=9 ; meilleur qoff=-1000000000000000019884624838656.000
  W=7 : Rmax=16 ; meilleur qoff=-1000000000000000019884624838656.000
  W=8 : Rmax=17 ; meilleur qoff=-1000000000000000019884624838656.000
  W=9 : Rmax=6 ; meilleur qoff=-1000000000000000019884624838656.000
NULL #215 qoff=-1000000000000000019884624838656.000 (W=-20041995 W2=0)
  W=2 : Rmax=9 ; meilleur qoff=-1000000000000000019884624838656.000
  W=3 : Rmax=9 ; meilleur qoff=-1000000000000000019884624838656.000
  W=4 : Rmax=7 ; meilleur qoff=-1000000000000000019884624838656.000
  W=5 : Rmax=7 ; meilleur qoff=-1000000000000000019884624838656.000
  W=6 : Rmax=9 ; meilleur qoff=-1000000000000000019884624838656.000
  W=7 : Rmax=8 ; meilleur qoff=-1000000000000000019884624838656.000
  W=8 : Rmax=11 ; meilleur qoff=-1000000000000000019884624838656.000
  W=9 : Rmax=6 ; meilleur qoff=-1000000000000000019884624838656.000
NULL #216 qoff=-1000000000000000019884624838656.000 (W=-20041995 W2=0)
  W=2 : Rmax=11 ; meilleur qoff=-1000000000000000019884624838656.000
  W=3 : Rmax=10 ; meilleur qoff=-1000000000000000019884624838656.000
  W=4 : Rmax=4 ; meilleur qoff=-1000000000000000019884624838656.000
  W=5 : Rmax=5 ; meilleur qoff=-1000000000000000019884624838656.000
  W=6 : Rmax=8 ; meilleur qoff=-1000000000000000019884624838656.000
  W=7 : Rmax=10 ; meilleur qoff=-1000000000000000019884624838656.000
  W=8 : Rmax=9 ; meilleur qoff=-1000000000000000019884624838656.000
  W=9 : Rmax=15 ; meilleur qoff=-1000000000000000019884624838656.000
NULL #217 qoff=-1000000000000000019884624838656.000 (W=-20041995 W2=0)
  W=2 : Rmax=5 ; meilleur qoff=-1000000000000000019884624838656.000
  W=3 : Rmax=10 ; meilleur qoff=-1000000000000000019884624838656.000
  W=4 : Rmax=16 ; meilleur qoff=-1000000000000000019884624838656.000
  W=5 : Rmax=12 ; meilleur qoff=-1000000000000000019884624838656.000
  W=6 : Rmax=10 ; meilleur qoff=-1000000000000000019884624838656.000
  W=7 : Rmax=18 ; meilleur qoff=-1000000000000000019884624838656.000
  W=8 : Rmax=5 ; meilleur qoff=-1000000000000000019884624838656.000
  W=9 : Rmax=10 ; meilleur qoff=-1000000000000000019884624838656.000
NULL #218 qoff=-1000000000000000019884624838656.000 (W=-20041995 W2=0)
  W=2 : Rmax=7 ; meilleur qoff=-1000000000000000019884624838656.000
  W=3 : Rmax=5 ; meilleur qoff=-1000000000000000019884624838656.000
  W=4 : Rmax=6 ; meilleur qoff=-1000000000000000019884624838656.000
  W=5 : Rmax=12 ; meilleur qoff=-1000000000000000019884624838656.000
  W=6 : Rmax=4 ; meilleur qoff=-1000000000000000019884624838656.000
  W=7 : Rmax=12 ; meilleur qoff=-1000000000000000019884624838656.000
  W=8 : Rmax=12 ; meilleur qoff=-1000000000000000019884624838656.000
  W=9 : Rmax=18 ; meilleur qoff=-1000000000000000019884624838656.000
NULL #219 qoff=-1000000000000000019884624838656.000 (W=-20041995 W2=0)
  W=2 : Rmax=7 ; meilleur qoff=-1000000000000000019884624838656.000
  W=3 : Rmax=4 ; meilleur qoff=-1000000000000000019884624838656.000
  W=4 : Rmax=7 ; meilleur qoff=-1000000000000000019884624838656.000
  W=5 : Rmax=9 ; meilleur qoff=-1000000000000000019884624838656.000
  W=6 : Rmax=12 ; meilleur qoff=-1000000000000000019884624838656.000
  W=7 : Rmax=12 ; meilleur qoff=-1000000000000000019884624838656.000
  W=8 : Rmax=22 ; meilleur qoff=-1000000000000000019884624838656.000
  W=9 : Rmax=23 ; meilleur qoff=-1000000000000000019884624838656.000
NULL #220 qoff=-1000000000000000019884624838656.000 (W=-20041995 W2=0)
  W=2 : Rmax=10 ; meilleur qoff=-1000000000000000019884624838656.000
  W=3 : Rmax=7 ; meilleur qoff=-1000000000000000019884624838656.000
  W=4 : Rmax=6 ; meilleur qoff=-1000000000000000019884624838656.000
  W=5 : Rmax=8 ; meilleur qoff=-1000000000000000019884624838656.000
  W=6 : Rmax=12 ; meilleur qoff=-1000000000000000019884624838656.000
  W=7 : Rmax=8 ; meilleur qoff=-1000000000000000019884624838656.000
  W=8 : Rmax=23 ; meilleur qoff=-1000000000000000019884624838656.000
  W=9 : Rmax=15 ; meilleur qoff=-1000000000000000019884624838656.000
NULL #221 qoff=-1000000000000000019884624838656.000 (W=-20041995 W2=0)
  W=2 : Rmax=9 ; meilleur qoff=-1000000000000000019884624838656.000
  W=3 : Rmax=8 ; meilleur qoff=-1000000000000000019884624838656.000
  W=4 : Rmax=11 ; meilleur qoff=-1000000000000000019884624838656.000
  W=5 : Rmax=7 ; meilleur qoff=-1000000000000000019884624838656.000
  W=6 : Rmax=17 ; meilleur qoff=-1000000000000000019884624838656.000
  W=7 : Rmax=7 ; meilleur qoff=-1000000000000000019884624838656.000
  W=8 : Rmax=12 ; meilleur qoff=-1000000000000000019884624838656.000
  W=9 : Rmax=7 ; meilleur qoff=-1000000000000000019884624838656.000
NULL #222 qoff=-1000000000000000019884624838656.000 (W=-20041995 W2=0)
  W=2 : Rmax=8 ; meilleur qoff=-1000000000000000019884624838656.000
  W=3 : Rmax=10 ; meilleur qoff=-1000000000000000019884624838656.000
  W=4 : Rmax=5 ; meilleur qoff=-1000000000000000019884624838656.000
  W=5 : Rmax=5 ; meilleur qoff=-1000000000000000019884624838656.000
  W=6 : Rmax=11 ; meilleur qoff=-1000000000000000019884624838656.000
  W=7 : Rmax=6 ; meilleur qoff=-1000000000000000019884624838656.000
  W=8 : Rmax=13 ; meilleur qoff=-1000000000000000019884624838656.000
  W=9 : Rmax=20 ; meilleur qoff=-1000000000000000019884624838656.000
NULL #223 qoff=-1000000000000000019884624838656.000 (W=-20041995 W2=0)
  W=2 : Rmax=17 ; meilleur qoff=-1000000000000000019884624838656.000
  W=3 : Rmax=4 ; meilleur qoff=-1000000000000000019884624838656.000
  W=4 : Rmax=6 ; meilleur qoff=-1000000000000000019884624838656.000
  W=5 : Rmax=10 ; meilleur qoff=-1000000000000000019884624838656.000
  W=6 : Rmax=11 ; meilleur qoff=-1000000000000000019884624838656.000
  W=7 : Rmax=11 ; meilleur qoff=-1000000000000000019884624838656.000
  W=8 : Rmax=10 ; meilleur qoff=-1000000000000000019884624838656.000
  W=9 : Rmax=17 ; meilleur qoff=-1000000000000000019884624838656.000
NULL #224 qoff=-1000000000000000019884624838656.000 (W=-20041995 W2=0)
  W=2 : Rmax=8 ; meilleur qoff=-1000000000000000019884624838656.000
  W=3 : Rmax=4 ; meilleur qoff=-1000000000000000019884624838656.000
  W=4 : Rmax=11 ; meilleur qoff=-1000000000000000019884624838656.000
  W=5 : Rmax=5 ; meilleur qoff=-1000000000000000019884624838656.000
  W=6 : Rmax=10 ; meilleur qoff=-1000000000000000019884624838656.000
  W=7 : Rmax=10 ; meilleur qoff=-1000000000000000019884624838656.000
  W=8 : Rmax=12 ; meilleur qoff=-1000000000000000019884624838656.000
  W=9 : Rmax=7 ; meilleur qoff=-1000000000000000019884624838656.000
NULL #225 qoff=-1000000000000000019884624838656.000 (W=-20041995 W2=0)
  W=2 : Rmax=9 ; meilleur qoff=-1000000000000000019884624838656.000
  W=3 : Rmax=11 ; meilleur qoff=-1000000000000000019884624838656.000
  W=4 : Rmax=12 ; meilleur qoff=-1000000000000000019884624838656.000
  W=5 : Rmax=13 ; meilleur qoff=-1000000000000000019884624838656.000
  W=6 : Rmax=11 ; meilleur qoff=-1000000000000000019884624838656.000
  W=7 : Rmax=9 ; meilleur qoff=-1000000000000000019884624838656.000
  W=8 : Rmax=17 ; meilleur qoff=-1000000000000000019884624838656.000
  W=9 : Rmax=16 ; meilleur qoff=-1000000000000000019884624838656.000
NULL #226 qoff=-1000000000000000019884624838656.000 (W=-20041995 W2=0)
  W=2 : Rmax=5 ; meilleur qoff=-1000000000000000019884624838656.000
  W=3 : Rmax=17 ; meilleur qoff=-1000000000000000019884624838656.000
  W=4 : Rmax=4 ; meilleur qoff=-1000000000000000019884624838656.000
  W=5 : Rmax=18 ; meilleur qoff=-1000000000000000019884624838656.000
  W=6 : Rmax=24 ; meilleur qoff=-1000000000000000019884624838656.000
  W=7 : Rmax=7 ; meilleur qoff=-1000000000000000019884624838656.000
  W=8 : Rmax=8 ; meilleur qoff=-1000000000000000019884624838656.000
  W=9 : Rmax=20 ; meilleur qoff=-1000000000000000019884624838656.000
NULL #227 qoff=-1000000000000000019884624838656.000 (W=-20041995 W2=0)
  W=2 : Rmax=7 ; meilleur qoff=-1000000000000000019884624838656.000
  W=3 : Rmax=5 ; meilleur qoff=-1000000000000000019884624838656.000
  W=4 : Rmax=10 ; meilleur qoff=-1000000000000000019884624838656.000
  W=5 : Rmax=11 ; meilleur qoff=-1000000000000000019884624838656.000
  W=6 : Rmax=13 ; meilleur qoff=-1000000000000000019884624838656.000
  W=7 : Rmax=15 ; meilleur qoff=-1000000000000000019884624838656.000
  W=8 : Rmax=17 ; meilleur qoff=-1000000000000000019884624838656.000
  W=9 : Rmax=8 ; meilleur qoff=-1000000000000000019884624838656.000
NULL #228 qoff=-1000000000000000019884624838656.000 (W=-20041995 W2=0)
  W=2 : Rmax=10 ; meilleur qoff=-1000000000000000019884624838656.000
  W=3 : Rmax=7 ; meilleur qoff=-1000000000000000019884624838656.000
  W=4 : Rmax=10 ; meilleur qoff=-1000000000000000019884624838656.000
  W=5 : Rmax=3 ; meilleur qoff=-1000000000000000019884624838656.000
  W=6 : Rmax=8 ; meilleur qoff=-1000000000000000019884624838656.000
  W=7 : Rmax=10 ; meilleur qoff=-1000000000000000019884624838656.000
  W=8 : Rmax=18 ; meilleur qoff=-1000000000000000019884624838656.000
  W=9 : Rmax=16 ; meilleur qoff=-1000000000000000019884624838656.000
NULL #229 qoff=-1000000000000000019884624838656.000 (W=-20041995 W2=0)
  W=2 : Rmax=9 ; meilleur qoff=-1000000000000000019884624838656.000
  W=3 : Rmax=9 ; meilleur qoff=-1000000000000000019884624838656.000
  W=4 : Rmax=8 ; meilleur qoff=-1000000000000000019884624838656.000
  W=5 : Rmax=8 ; meilleur qoff=-1000000000000000019884624838656.000
  W=6 : Rmax=14 ; meilleur qoff=-1000000000000000019884624838656.000
  W=7 : Rmax=13 ; meilleur qoff=-1000000000000000019884624838656.000
  W=8 : Rmax=17 ; meilleur qoff=-1000000000000000019884624838656.000
  W=9 : Rmax=13 ; meilleur qoff=-1000000000000000019884624838656.000
NULL #230 qoff=-1000000000000000019884624838656.000 (W=-20041995 W2=0)
  W=2 : Rmax=9 ; meilleur qoff=-1000000000000000019884624838656.000
  W=3 : Rmax=9 ; meilleur qoff=-1000000000000000019884624838656.000
  W=4 : Rmax=9 ; meilleur qoff=-1000000000000000019884624838656.000
  W=5 : Rmax=10 ; meilleur qoff=-1000000000000000019884624838656.000
  W=6 : Rmax=10 ; meilleur qoff=-1000000000000000019884624838656.000
  W=7 : Rmax=7 ; meilleur qoff=-1000000000000000019884624838656.000
  W=8 : Rmax=14 ; meilleur qoff=-1000000000000000019884624838656.000
  W=9 : Rmax=12 ; meilleur qoff=-1000000000000000019884624838656.000
NULL #231 qoff=-1000000000000000019884624838656.000 (W=-20041995 W2=0)
  W=2 : Rmax=5 ; meilleur qoff=-1000000000000000019884624838656.000
  W=3 : Rmax=4 ; meilleur qoff=-1000000000000000019884624838656.000
  W=4 : Rmax=8 ; meilleur qoff=-1000000000000000019884624838656.000
  W=5 : Rmax=18 ; meilleur qoff=-1000000000000000019884624838656.000
  W=6 : Rmax=10 ; meilleur qoff=-1000000000000000019884624838656.000
  W=7 : Rmax=9 ; meilleur qoff=-1000000000000000019884624838656.000
  W=8 : Rmax=15 ; meilleur qoff=-1000000000000000019884624838656.000
  W=9 : Rmax=25 ; meilleur qoff=-1000000000000000019884624838656.000
NULL #232 qoff=-1000000000000000019884624838656.000 (W=-20041995 W2=0)
  W=2 : Rmax=15 ; meilleur qoff=-1000000000000000019884624838656.000
  W=3 : Rmax=9 ; meilleur qoff=-1000000000000000019884624838656.000
  W=4 : Rmax=27 ; meilleur qoff=-1000000000000000019884624838656.000
  W=5 : Rmax=11 ; meilleur qoff=-1000000000000000019884624838656.000
  W=6 : Rmax=11 ; meilleur qoff=-1000000000000000019884624838656.000
  W=7 : Rmax=14 ; meilleur qoff=-1000000000000000019884624838656.000
  W=8 : Rmax=11 ; meilleur qoff=-1000000000000000019884624838656.000
  W=9 : Rmax=12 ; meilleur qoff=-1000000000000000019884624838656.000
NULL #233 qoff=-1000000000000000019884624838656.000 (W=-20041995 W2=0)
  W=2 : Rmax=8 ; meilleur qoff=-1000000000000000019884624838656.000
  W=3 : Rmax=3 ; meilleur qoff=-1000000000000000019884624838656.000
  W=4 : Rmax=9 ; meilleur qoff=-1000000000000000019884624838656.000
  W=5 : Rmax=7 ; meilleur qoff=-1000000000000000019884624838656.000
  W=6 : Rmax=12 ; meilleur qoff=-1000000000000000019884624838656.000
  W=7 : Rmax=8 ; meilleur qoff=-1000000000000000019884624838656.000
  W=8 : Rmax=14 ; meilleur qoff=-1000000000000000019884624838656.000
  W=9 : Rmax=14 ; meilleur qoff=-1000000000000000019884624838656.000
NULL #234 qoff=-1000000000000000019884624838656.000 (W=-20041995 W2=0)
  W=2 : Rmax=11 ; meilleur qoff=-1000000000000000019884624838656.000
  W=3 : Rmax=8 ; meilleur qoff=-1000000000000000019884624838656.000
  W=4 : Rmax=6 ; meilleur qoff=-1000000000000000019884624838656.000
  W=5 : Rmax=9 ; meilleur qoff=-1000000000000000019884624838656.000
  W=6 : Rmax=9 ; meilleur qoff=-1000000000000000019884624838656.000
  W=7 : Rmax=10 ; meilleur qoff=-1000000000000000019884624838656.000
  W=8 : Rmax=8 ; meilleur qoff=-1000000000000000019884624838656.000
  W=9 : Rmax=7 ; meilleur qoff=-1000000000000000019884624838656.000
NULL #235 qoff=-1000000000000000019884624838656.000 (W=-20041995 W2=0)
  W=2 : Rmax=9 ; meilleur qoff=-1000000000000000019884624838656.000
  W=3 : Rmax=8 ; meilleur qoff=-1000000000000000019884624838656.000
  W=4 : Rmax=6 ; meilleur qoff=-1000000000000000019884624838656.000
  W=5 : Rmax=5 ; meilleur qoff=-1000000000000000019884624838656.000
  W=6 : Rmax=3 ; meilleur qoff=-1000000000000000019884624838656.000
  W=7 : Rmax=11 ; meilleur qoff=-1000000000000000019884624838656.000
  W=8 : Rmax=9 ; meilleur qoff=-1000000000000000019884624838656.000
  W=9 : Rmax=10 ; meilleur qoff=-1000000000000000019884624838656.000
NULL #236 qoff=-1000000000000000019884624838656.000 (W=-20041995 W2=0)
  W=2 : Rmax=3 ; meilleur qoff=-1000000000000000019884624838656.000
  W=3 : Rmax=14 ; meilleur qoff=-1000000000000000019884624838656.000
  W=4 : Rmax=11 ; meilleur qoff=-1000000000000000019884624838656.000
  W=5 : Rmax=14 ; meilleur qoff=-1000000000000000019884624838656.000
  W=6 : Rmax=10 ; meilleur qoff=-1000000000000000019884624838656.000
  W=7 : Rmax=13 ; meilleur qoff=-1000000000000000019884624838656.000
  W=8 : Rmax=11 ; meilleur qoff=-1000000000000000019884624838656.000
  W=9 : Rmax=13 ; meilleur qoff=-1000000000000000019884624838656.000
NULL #237 qoff=-1000000000000000019884624838656.000 (W=-20041995 W2=0)
  W=2 : Rmax=5 ; meilleur qoff=-1000000000000000019884624838656.000
  W=3 : Rmax=5 ; meilleur qoff=-1000000000000000019884624838656.000
  W=4 : Rmax=7 ; meilleur qoff=-1000000000000000019884624838656.000
  W=5 : Rmax=14 ; meilleur qoff=-1000000000000000019884624838656.000
  W=6 : Rmax=8 ; meilleur qoff=-1000000000000000019884624838656.000
  W=7 : Rmax=5 ; meilleur qoff=-1000000000000000019884624838656.000
  W=8 : Rmax=10 ; meilleur qoff=-1000000000000000019884624838656.000
  W=9 : Rmax=6 ; meilleur qoff=-1000000000000000019884624838656.000
NULL #238 qoff=-1000000000000000019884624838656.000 (W=-20041995 W2=0)
  W=2 : Rmax=11 ; meilleur qoff=-1000000000000000019884624838656.000
  W=3 : Rmax=10 ; meilleur qoff=-1000000000000000019884624838656.000
  W=4 : Rmax=5 ; meilleur qoff=-1000000000000000019884624838656.000
  W=5 : Rmax=7 ; meilleur qoff=-1000000000000000019884624838656.000
  W=6 : Rmax=23 ; meilleur qoff=-1000000000000000019884624838656.000
  W=7 : Rmax=11 ; meilleur qoff=-1000000000000000019884624838656.000
  W=8 : Rmax=13 ; meilleur qoff=-1000000000000000019884624838656.000
  W=9 : Rmax=18 ; meilleur qoff=-1000000000000000019884624838656.000
NULL #239 qoff=-1000000000000000019884624838656.000 (W=-20041995 W2=0)
  W=2 : Rmax=9 ; meilleur qoff=-1000000000000000019884624838656.000
  W=3 : Rmax=6 ; meilleur qoff=-1000000000000000019884624838656.000
  W=4 : Rmax=7 ; meilleur qoff=-1000000000000000019884624838656.000
  W=5 : Rmax=3 ; meilleur qoff=-1000000000000000019884624838656.000
  W=6 : Rmax=5 ; meilleur qoff=-1000000000000000019884624838656.000
  W=7 : Rmax=8 ; meilleur qoff=-1000000000000000019884624838656.000
  W=8 : Rmax=19 ; meilleur qoff=-1000000000000000019884624838656.000
  W=9 : Rmax=12 ; meilleur qoff=-1000000000000000019884624838656.000
NULL #240 qoff=-1000000000000000019884624838656.000 (W=-20041995 W2=0)
  W=2 : Rmax=4 ; meilleur qoff=-1000000000000000019884624838656.000
  W=3 : Rmax=5 ; meilleur qoff=-1000000000000000019884624838656.000
  W=4 : Rmax=4 ; meilleur qoff=-1000000000000000019884624838656.000
  W=5 : Rmax=13 ; meilleur qoff=-1000000000000000019884624838656.000
  W=6 : Rmax=9 ; meilleur qoff=-1000000000000000019884624838656.000
  W=7 : Rmax=5 ; meilleur qoff=-1000000000000000019884624838656.000
  W=8 : Rmax=5 ; meilleur qoff=-1000000000000000019884624838656.000
  W=9 : Rmax=33 ; meilleur qoff=-1000000000000000019884624838656.000
NULL #241 qoff=-1000000000000000019884624838656.000 (W=-20041995 W2=0)
  W=2 : Rmax=11 ; meilleur qoff=-1000000000000000019884624838656.000
  W=3 : Rmax=14 ; meilleur qoff=-1000000000000000019884624838656.000
  W=4 : Rmax=8 ; meilleur qoff=-1000000000000000019884624838656.000
  W=5 : Rmax=2 ; meilleur qoff=-1000000000000000019884624838656.000
  W=6 : Rmax=11 ; meilleur qoff=-1000000000000000019884624838656.000
  W=7 : Rmax=7 ; meilleur qoff=-1000000000000000019884624838656.000
  W=8 : Rmax=11 ; meilleur qoff=-1000000000000000019884624838656.000
  W=9 : Rmax=14 ; meilleur qoff=-1000000000000000019884624838656.000
NULL #242 qoff=-1000000000000000019884624838656.000 (W=-20041995 W2=0)
  W=2 : Rmax=4 ; meilleur qoff=-1000000000000000019884624838656.000
  W=3 : Rmax=7 ; meilleur qoff=-1000000000000000019884624838656.000
  W=4 : Rmax=6 ; meilleur qoff=-1000000000000000019884624838656.000
  W=5 : Rmax=15 ; meilleur qoff=-1000000000000000019884624838656.000
  W=6 : Rmax=12 ; meilleur qoff=-1000000000000000019884624838656.000
  W=7 : Rmax=18 ; meilleur qoff=-1000000000000000019884624838656.000
  W=8 : Rmax=16 ; meilleur qoff=-1000000000000000019884624838656.000
  W=9 : Rmax=13 ; meilleur qoff=-1000000000000000019884624838656.000
NULL #243 qoff=-1000000000000000019884624838656.000 (W=-20041995 W2=0)
  W=2 : Rmax=13 ; meilleur qoff=-1000000000000000019884624838656.000
  W=3 : Rmax=6 ; meilleur qoff=-1000000000000000019884624838656.000
  W=4 : Rmax=12 ; meilleur qoff=-1000000000000000019884624838656.000
  W=5 : Rmax=11 ; meilleur qoff=-1000000000000000019884624838656.000
  W=6 : Rmax=12 ; meilleur qoff=-1000000000000000019884624838656.000
  W=7 : Rmax=9 ; meilleur qoff=-1000000000000000019884624838656.000
  W=8 : Rmax=13 ; meilleur qoff=-1000000000000000019884624838656.000
  W=9 : Rmax=14 ; meilleur qoff=-1000000000000000019884624838656.000
NULL #244 qoff=-1000000000000000019884624838656.000 (W=-20041995 W2=0)
  W=2 : Rmax=11 ; meilleur qoff=-1000000000000000019884624838656.000
  W=3 : Rmax=11 ; meilleur qoff=-1000000000000000019884624838656.000
  W=4 : Rmax=8 ; meilleur qoff=-1000000000000000019884624838656.000
  W=5 : Rmax=10 ; meilleur qoff=-1000000000000000019884624838656.000
  W=6 : Rmax=8 ; meilleur qoff=-1000000000000000019884624838656.000
  W=7 : Rmax=10 ; meilleur qoff=-1000000000000000019884624838656.000
  W=8 : Rmax=17 ; meilleur qoff=-1000000000000000019884624838656.000
  W=9 : Rmax=12 ; meilleur qoff=-1000000000000000019884624838656.000
NULL #245 qoff=-1000000000000000019884624838656.000 (W=-20041995 W2=0)
  W=2 : Rmax=32 ; meilleur qoff=-1000000000000000019884624838656.000
  W=3 : Rmax=11 ; meilleur qoff=-1000000000000000019884624838656.000
  W=4 : Rmax=20 ; meilleur qoff=-1000000000000000019884624838656.000
  W=5 : Rmax=8 ; meilleur qoff=-1000000000000000019884624838656.000
  W=6 : Rmax=16 ; meilleur qoff=-1000000000000000019884624838656.000
  W=7 : Rmax=8 ; meilleur qoff=-1000000000000000019884624838656.000
  W=8 : Rmax=14 ; meilleur qoff=-1000000000000000019884624838656.000
  W=9 : Rmax=10 ; meilleur qoff=-1000000000000000019884624838656.000
NULL #246 qoff=-1000000000000000019884624838656.000 (W=-20041995 W2=0)
  W=2 : Rmax=6 ; meilleur qoff=-1000000000000000019884624838656.000
  W=3 : Rmax=19 ; meilleur qoff=-1000000000000000019884624838656.000
  W=4 : Rmax=3 ; meilleur qoff=-1000000000000000019884624838656.000
  W=5 : Rmax=6 ; meilleur qoff=-1000000000000000019884624838656.000
  W=6 : Rmax=8 ; meilleur qoff=-1000000000000000019884624838656.000
  W=7 : Rmax=20 ; meilleur qoff=-1000000000000000019884624838656.000
  W=8 : Rmax=11 ; meilleur qoff=-1000000000000000019884624838656.000
  W=9 : Rmax=10 ; meilleur qoff=-1000000000000000019884624838656.000
NULL #247 qoff=-1000000000000000019884624838656.000 (W=-20041995 W2=0)
  W=2 : Rmax=14 ; meilleur qoff=-1000000000000000019884624838656.000
  W=3 : Rmax=9 ; meilleur qoff=-1000000000000000019884624838656.000
  W=4 : Rmax=9 ; meilleur qoff=-1000000000000000019884624838656.000
  W=5 : Rmax=8 ; meilleur qoff=-1000000000000000019884624838656.000
  W=6 : Rmax=11 ; meilleur qoff=-1000000000000000019884624838656.000
  W=7 : Rmax=14 ; meilleur qoff=-1000000000000000019884624838656.000
  W=8 : Rmax=27 ; meilleur qoff=-1000000000000000019884624838656.000
  W=9 : Rmax=12 ; meilleur qoff=-1000000000000000019884624838656.000
NULL #248 qoff=-1000000000000000019884624838656.000 (W=-20041995 W2=0)
  W=2 : Rmax=7 ; meilleur qoff=-1000000000000000019884624838656.000
  W=3 : Rmax=13 ; meilleur qoff=-1000000000000000019884624838656.000
  W=4 : Rmax=8 ; meilleur qoff=-1000000000000000019884624838656.000
  W=5 : Rmax=5 ; meilleur qoff=-1000000000000000019884624838656.000
  W=6 : Rmax=11 ; meilleur qoff=-1000000000000000019884624838656.000
  W=7 : Rmax=15 ; meilleur qoff=-1000000000000000019884624838656.000
  W=8 : Rmax=8 ; meilleur qoff=-1000000000000000019884624838656.000
  W=9 : Rmax=19 ; meilleur qoff=-1000000000000000019884624838656.000
NULL #249 qoff=-1000000000000000019884624838656.000 (W=-20041995 W2=0)
  W=2 : Rmax=7 ; meilleur qoff=-1000000000000000019884624838656.000
  W=3 : Rmax=8 ; meilleur qoff=-1000000000000000019884624838656.000
  W=4 : Rmax=10 ; meilleur qoff=-1000000000000000019884624838656.000
  W=5 : Rmax=16 ; meilleur qoff=-1000000000000000019884624838656.000
  W=6 : Rmax=13 ; meilleur qoff=-1000000000000000019884624838656.000
  W=7 : Rmax=5 ; meilleur qoff=-1000000000000000019884624838656.000
  W=8 : Rmax=12 ; meilleur qoff=-1000000000000000019884624838656.000
  W=9 : Rmax=15 ; meilleur qoff=-1000000000000000019884624838656.000
NULL #250 qoff=-1000000000000000019884624838656.000 (W=-20041995 W2=0)
  W=2 : Rmax=6 ; meilleur qoff=-1000000000000000019884624838656.000
  W=3 : Rmax=11 ; meilleur qoff=-1000000000000000019884624838656.000
  W=4 : Rmax=9 ; meilleur qoff=-1000000000000000019884624838656.000
  W=5 : Rmax=6 ; meilleur qoff=-1000000000000000019884624838656.000
  W=6 : Rmax=9 ; meilleur qoff=-1000000000000000019884624838656.000
  W=7 : Rmax=7 ; meilleur qoff=-1000000000000000019884624838656.000
  W=8 : Rmax=12 ; meilleur qoff=-1000000000000000019884624838656.000
  W=9 : Rmax=19 ; meilleur qoff=-1000000000000000019884624838656.000
NULL #251 qoff=-1000000000000000019884624838656.000 (W=-20041995 W2=0)
  W=2 : Rmax=7 ; meilleur qoff=-1000000000000000019884624838656.000
  W=3 : Rmax=12 ; meilleur qoff=-1000000000000000019884624838656.000
  W=4 : Rmax=5 ; meilleur qoff=-1000000000000000019884624838656.000
  W=5 : Rmax=9 ; meilleur qoff=-1000000000000000019884624838656.000
  W=6 : Rmax=25 ; meilleur qoff=-1000000000000000019884624838656.000
  W=7 : Rmax=5 ; meilleur qoff=-1000000000000000019884624838656.000
  W=8 : Rmax=14 ; meilleur qoff=-1000000000000000019884624838656.000
  W=9 : Rmax=9 ; meilleur qoff=-1000000000000000019884624838656.000
NULL #252 qoff=-1000000000000000019884624838656.000 (W=-20041995 W2=0)
  W=2 : Rmax=6 ; meilleur qoff=-1000000000000000019884624838656.000
  W=3 : Rmax=3 ; meilleur qoff=-1000000000000000019884624838656.000
  W=4 : Rmax=14 ; meilleur qoff=-1000000000000000019884624838656.000
  W=5 : Rmax=9 ; meilleur qoff=-1000000000000000019884624838656.000
  W=6 : Rmax=7 ; meilleur qoff=-1000000000000000019884624838656.000
  W=7 : Rmax=13 ; meilleur qoff=-1000000000000000019884624838656.000
  W=8 : Rmax=16 ; meilleur qoff=-1000000000000000019884624838656.000
  W=9 : Rmax=12 ; meilleur qoff=-1000000000000000019884624838656.000
NULL #253 qoff=-1000000000000000019884624838656.000 (W=-20041995 W2=0)
  W=2 : Rmax=5 ; meilleur qoff=-1000000000000000019884624838656.000
  W=3 : Rmax=4 ; meilleur qoff=-1000000000000000019884624838656.000
  W=4 : Rmax=21 ; meilleur qoff=-1000000000000000019884624838656.000
  W=5 : Rmax=10 ; meilleur qoff=-1000000000000000019884624838656.000
  W=6 : Rmax=8 ; meilleur qoff=-1000000000000000019884624838656.000
  W=7 : Rmax=15 ; meilleur qoff=-1000000000000000019884624838656.000
  W=8 : Rmax=22 ; meilleur qoff=-1000000000000000019884624838656.000
  W=9 : Rmax=9 ; meilleur qoff=-1000000000000000019884624838656.000
NULL #254 qoff=-1000000000000000019884624838656.000 (W=-20041995 W2=0)
  W=2 : Rmax=9 ; meilleur qoff=-1000000000000000019884624838656.000
  W=3 : Rmax=7 ; meilleur qoff=-1000000000000000019884624838656.000
  W=4 : Rmax=8 ; meilleur qoff=-1000000000000000019884624838656.000
  W=5 : Rmax=4 ; meilleur qoff=-1000000000000000019884624838656.000
  W=6 : Rmax=14 ; meilleur qoff=-1000000000000000019884624838656.000
  W=7 : Rmax=10 ; meilleur qoff=-1000000000000000019884624838656.000
  W=8 : Rmax=22 ; meilleur qoff=-1000000000000000019884624838656.000
  W=9 : Rmax=18 ; meilleur qoff=-1000000000000000019884624838656.000
NULL #255 qoff=-1000000000000000019884624838656.000 (W=-20041995 W2=0)
  W=2 : Rmax=8 ; meilleur qoff=-1000000000000000019884624838656.000
  W=3 : Rmax=14 ; meilleur qoff=-1000000000000000019884624838656.000
  W=4 : Rmax=9 ; meilleur qoff=-1000000000000000019884624838656.000
  W=5 : Rmax=2 ; meilleur qoff=-1000000000000000019884624838656.000
  W=6 : Rmax=4 ; meilleur qoff=-1000000000000000019884624838656.000
  W=7 : Rmax=6 ; meilleur qoff=-1000000000000000019884624838656.000
  W=8 : Rmax=11 ; meilleur qoff=-1000000000000000019884624838656.000
  W=9 : Rmax=17 ; meilleur qoff=-1000000000000000019884624838656.000
NULL #256 qoff=-1000000000000000019884624838656.000 (W=-20041995 W2=0)
  W=2 : Rmax=4 ; meilleur qoff=-1000000000000000019884624838656.000
  W=3 : Rmax=15 ; meilleur qoff=-1000000000000000019884624838656.000
  W=4 : Rmax=8 ; meilleur qoff=-1000000000000000019884624838656.000
  W=5 : Rmax=8 ; meilleur qoff=-1000000000000000019884624838656.000
  W=6 : Rmax=9 ; meilleur qoff=-1000000000000000019884624838656.000
  W=7 : Rmax=11 ; meilleur qoff=-1000000000000000019884624838656.000
  W=8 : Rmax=19 ; meilleur qoff=-1000000000000000019884624838656.000
  W=9 : Rmax=14 ; meilleur qoff=-1000000000000000019884624838656.000
NULL #257 qoff=-1000000000000000019884624838656.000 (W=-20041995 W2=0)
  W=2 : Rmax=6 ; meilleur qoff=-1000000000000000019884624838656.000
  W=3 : Rmax=7 ; meilleur qoff=-1000000000000000019884624838656.000
  W=4 : Rmax=11 ; meilleur qoff=-1000000000000000019884624838656.000
  W=5 : Rmax=9 ; meilleur qoff=-1000000000000000019884624838656.000
  W=6 : Rmax=8 ; meilleur qoff=-1000000000000000019884624838656.000
  W=7 : Rmax=14 ; meilleur qoff=-1000000000000000019884624838656.000
  W=8 : Rmax=9 ; meilleur qoff=-1000000000000000019884624838656.000
  W=9 : Rmax=13 ; meilleur qoff=-1000000000000000019884624838656.000
NULL #258 qoff=-1000000000000000019884624838656.000 (W=-20041995 W2=0)
  W=2 : Rmax=4 ; meilleur qoff=-1000000000000000019884624838656.000
  W=3 : Rmax=7 ; meilleur qoff=-1000000000000000019884624838656.000
  W=4 : Rmax=4 ; meilleur qoff=-1000000000000000019884624838656.000
  W=5 : Rmax=5 ; meilleur qoff=-1000000000000000019884624838656.000
  W=6 : Rmax=14 ; meilleur qoff=-1000000000000000019884624838656.000
  W=7 : Rmax=11 ; meilleur qoff=-1000000000000000019884624838656.000
  W=8 : Rmax=16 ; meilleur qoff=-1000000000000000019884624838656.000
  W=9 : Rmax=4 ; meilleur qoff=-1000000000000000019884624838656.000
NULL #259 qoff=-1000000000000000019884624838656.000 (W=-20041995 W2=0)
  W=2 : Rmax=9 ; meilleur qoff=-1000000000000000019884624838656.000
  W=3 : Rmax=8 ; meilleur qoff=-1000000000000000019884624838656.000
  W=4 : Rmax=4 ; meilleur qoff=-1000000000000000019884624838656.000
  W=5 : Rmax=12 ; meilleur qoff=-1000000000000000019884624838656.000
  W=6 : Rmax=11 ; meilleur qoff=-1000000000000000019884624838656.000
  W=7 : Rmax=8 ; meilleur qoff=-1000000000000000019884624838656.000
  W=8 : Rmax=10 ; meilleur qoff=-1000000000000000019884624838656.000
  W=9 : Rmax=21 ; meilleur qoff=-1000000000000000019884624838656.000
NULL #260 qoff=-1000000000000000019884624838656.000 (W=-20041995 W2=0)
  W=2 : Rmax=12 ; meilleur qoff=-1000000000000000019884624838656.000
  W=3 : Rmax=10 ; meilleur qoff=-1000000000000000019884624838656.000
  W=4 : Rmax=16 ; meilleur qoff=-1000000000000000019884624838656.000
  W=5 : Rmax=7 ; meilleur qoff=-1000000000000000019884624838656.000
  W=6 : Rmax=14 ; meilleur qoff=-1000000000000000019884624838656.000
  W=7 : Rmax=7 ; meilleur qoff=-1000000000000000019884624838656.000
  W=8 : Rmax=17 ; meilleur qoff=-1000000000000000019884624838656.000
  W=9 : Rmax=25 ; meilleur qoff=-1000000000000000019884624838656.000
NULL #261 qoff=-1000000000000000019884624838656.000 (W=-20041995 W2=0)
  W=2 : Rmax=12 ; meilleur qoff=-1000000000000000019884624838656.000
  W=3 : Rmax=8 ; meilleur qoff=-1000000000000000019884624838656.000
  W=4 : Rmax=12 ; meilleur qoff=-1000000000000000019884624838656.000
  W=5 : Rmax=10 ; meilleur qoff=-1000000000000000019884624838656.000
  W=6 : Rmax=18 ; meilleur qoff=-1000000000000000019884624838656.000
  W=7 : Rmax=14 ; meilleur qoff=-1000000000000000019884624838656.000
  W=8 : Rmax=18 ; meilleur qoff=-1000000000000000019884624838656.000
  W=9 : Rmax=12 ; meilleur qoff=-1000000000000000019884624838656.000
NULL #262 qoff=-1000000000000000019884624838656.000 (W=-20041995 W2=0)
  W=2 : Rmax=12 ; meilleur qoff=-1000000000000000019884624838656.000
  W=3 : Rmax=6 ; meilleur qoff=-1000000000000000019884624838656.000
  W=4 : Rmax=12 ; meilleur qoff=-1000000000000000019884624838656.000
  W=5 : Rmax=11 ; meilleur qoff=-1000000000000000019884624838656.000
  W=6 : Rmax=7 ; meilleur qoff=-1000000000000000019884624838656.000
  W=7 : Rmax=9 ; meilleur qoff=-1000000000000000019884624838656.000
  W=8 : Rmax=18 ; meilleur qoff=-1000000000000000019884624838656.000
  W=9 : Rmax=5 ; meilleur qoff=-1000000000000000019884624838656.000
NULL #263 qoff=-1000000000000000019884624838656.000 (W=-20041995 W2=0)
  W=2 : Rmax=8 ; meilleur qoff=-1000000000000000019884624838656.000
  W=3 : Rmax=11 ; meilleur qoff=-1000000000000000019884624838656.000
  W=4 : Rmax=15 ; meilleur qoff=-1000000000000000019884624838656.000
  W=5 : Rmax=5 ; meilleur qoff=-1000000000000000019884624838656.000
  W=6 : Rmax=18 ; meilleur qoff=-1000000000000000019884624838656.000
  W=7 : Rmax=8 ; meilleur qoff=-1000000000000000019884624838656.000
  W=8 : Rmax=4 ; meilleur qoff=-1000000000000000019884624838656.000
  W=9 : Rmax=17 ; meilleur qoff=-1000000000000000019884624838656.000
NULL #264 qoff=-1000000000000000019884624838656.000 (W=-20041995 W2=0)
  W=2 : Rmax=9 ; meilleur qoff=-1000000000000000019884624838656.000
  W=3 : Rmax=5 ; meilleur qoff=-1000000000000000019884624838656.000
  W=4 : Rmax=27 ; meilleur qoff=-1000000000000000019884624838656.000
  W=5 : Rmax=11 ; meilleur qoff=-1000000000000000019884624838656.000
  W=6 : Rmax=15 ; meilleur qoff=-1000000000000000019884624838656.000
  W=7 : Rmax=11 ; meilleur qoff=-1000000000000000019884624838656.000
  W=8 : Rmax=13 ; meilleur qoff=-1000000000000000019884624838656.000
  W=9 : Rmax=11 ; meilleur qoff=-1000000000000000019884624838656.000
NULL #265 qoff=-1000000000000000019884624838656.000 (W=-20041995 W2=0)
  W=2 : Rmax=6 ; meilleur qoff=-1000000000000000019884624838656.000
  W=3 : Rmax=10 ; meilleur qoff=-1000000000000000019884624838656.000
  W=4 : Rmax=16 ; meilleur qoff=-1000000000000000019884624838656.000
  W=5 : Rmax=14 ; meilleur qoff=-1000000000000000019884624838656.000
  W=6 : Rmax=7 ; meilleur qoff=-1000000000000000019884624838656.000
  W=7 : Rmax=11 ; meilleur qoff=-1000000000000000019884624838656.000
  W=8 : Rmax=21 ; meilleur qoff=-1000000000000000019884624838656.000
  W=9 : Rmax=15 ; meilleur qoff=-1000000000000000019884624838656.000
NULL #266 qoff=-1000000000000000019884624838656.000 (W=-20041995 W2=0)
  W=2 : Rmax=3 ; meilleur qoff=-1000000000000000019884624838656.000
  W=3 : Rmax=11 ; meilleur qoff=-1000000000000000019884624838656.000
  W=4 : Rmax=7 ; meilleur qoff=-1000000000000000019884624838656.000
  W=5 : Rmax=8 ; meilleur qoff=-1000000000000000019884624838656.000
  W=6 : Rmax=13 ; meilleur qoff=-1000000000000000019884624838656.000
  W=7 : Rmax=8 ; meilleur qoff=-1000000000000000019884624838656.000
  W=8 : Rmax=16 ; meilleur qoff=-1000000000000000019884624838656.000
  W=9 : Rmax=17 ; meilleur qoff=-1000000000000000019884624838656.000
NULL #267 qoff=-1000000000000000019884624838656.000 (W=-20041995 W2=0)
  W=2 : Rmax=8 ; meilleur qoff=-1000000000000000019884624838656.000
  W=3 : Rmax=4 ; meilleur qoff=-1000000000000000019884624838656.000
  W=4 : Rmax=7 ; meilleur qoff=-1000000000000000019884624838656.000
  W=5 : Rmax=5 ; meilleur qoff=-1000000000000000019884624838656.000
  W=6 : Rmax=6 ; meilleur qoff=-1000000000000000019884624838656.000
  W=7 : Rmax=10 ; meilleur qoff=-1000000000000000019884624838656.000
  W=8 : Rmax=6 ; meilleur qoff=-1000000000000000019884624838656.000
  W=9 : Rmax=14 ; meilleur qoff=-1000000000000000019884624838656.000
NULL #268 qoff=-1000000000000000019884624838656.000 (W=-20041995 W2=0)
  W=2 : Rmax=7 ; meilleur qoff=-1000000000000000019884624838656.000
  W=3 : Rmax=6 ; meilleur qoff=-1000000000000000019884624838656.000
  W=4 : Rmax=7 ; meilleur qoff=-1000000000000000019884624838656.000
  W=5 : Rmax=10 ; meilleur qoff=-1000000000000000019884624838656.000
  W=6 : Rmax=4 ; meilleur qoff=-1000000000000000019884624838656.000
  W=7 : Rmax=8 ; meilleur qoff=-1000000000000000019884624838656.000
  W=8 : Rmax=8 ; meilleur qoff=-1000000000000000019884624838656.000
  W=9 : Rmax=13 ; meilleur qoff=-1000000000000000019884624838656.000
NULL #269 qoff=-1000000000000000019884624838656.000 (W=-20041995 W2=0)
  W=2 : Rmax=5 ; meilleur qoff=-1000000000000000019884624838656.000
  W=3 : Rmax=12 ; meilleur qoff=-1000000000000000019884624838656.000
  W=4 : Rmax=9 ; meilleur qoff=-1000000000000000019884624838656.000
  W=5 : Rmax=9 ; meilleur qoff=-1000000000000000019884624838656.000
  W=6 : Rmax=14 ; meilleur qoff=-1000000000000000019884624838656.000
  W=7 : Rmax=4 ; meilleur qoff=-1000000000000000019884624838656.000
  W=8 : Rmax=6 ; meilleur qoff=-1000000000000000019884624838656.000
  W=9 : Rmax=18 ; meilleur qoff=-1000000000000000019884624838656.000
NULL #270 qoff=-1000000000000000019884624838656.000 (W=-20041995 W2=0)
  W=2 : Rmax=7 ; meilleur qoff=-1000000000000000019884624838656.000
  W=3 : Rmax=10 ; meilleur qoff=-1000000000000000019884624838656.000
  W=4 : Rmax=8 ; meilleur qoff=-1000000000000000019884624838656.000
  W=5 : Rmax=10 ; meilleur qoff=-1000000000000000019884624838656.000
  W=6 : Rmax=10 ; meilleur qoff=-1000000000000000019884624838656.000
  W=7 : Rmax=12 ; meilleur qoff=-1000000000000000019884624838656.000
  W=8 : Rmax=19 ; meilleur qoff=-1000000000000000019884624838656.000
  W=9 : Rmax=12 ; meilleur qoff=-1000000000000000019884624838656.000
NULL #271 qoff=-1000000000000000019884624838656.000 (W=-20041995 W2=0)
  W=2 : Rmax=4 ; meilleur qoff=-1000000000000000019884624838656.000
  W=3 : Rmax=6 ; meilleur qoff=-1000000000000000019884624838656.000
  W=4 : Rmax=4 ; meilleur qoff=-1000000000000000019884624838656.000
  W=5 : Rmax=12 ; meilleur qoff=-1000000000000000019884624838656.000
  W=6 : Rmax=13 ; meilleur qoff=-1000000000000000019884624838656.000
  W=7 : Rmax=11 ; meilleur qoff=-1000000000000000019884624838656.000
  W=8 : Rmax=14 ; meilleur qoff=-1000000000000000019884624838656.000
  W=9 : Rmax=6 ; meilleur qoff=-1000000000000000019884624838656.000
NULL #272 qoff=-1000000000000000019884624838656.000 (W=-20041995 W2=0)
  W=2 : Rmax=6 ; meilleur qoff=-1000000000000000019884624838656.000
  W=3 : Rmax=3 ; meilleur qoff=-1000000000000000019884624838656.000
  W=4 : Rmax=5 ; meilleur qoff=-1000000000000000019884624838656.000
  W=5 : Rmax=9 ; meilleur qoff=-1000000000000000019884624838656.000
  W=6 : Rmax=3 ; meilleur qoff=-1000000000000000019884624838656.000
  W=7 : Rmax=7 ; meilleur qoff=-1000000000000000019884624838656.000
  W=8 : Rmax=8 ; meilleur qoff=-1000000000000000019884624838656.000
  W=9 : Rmax=8 ; meilleur qoff=-1000000000000000019884624838656.000
NULL #273 qoff=-1000000000000000019884624838656.000 (W=-20041995 W2=0)
  W=2 : Rmax=10 ; meilleur qoff=-1000000000000000019884624838656.000
  W=3 : Rmax=9 ; meilleur qoff=-1000000000000000019884624838656.000
  W=4 : Rmax=17 ; meilleur qoff=-1000000000000000019884624838656.000
  W=5 : Rmax=18 ; meilleur qoff=-1000000000000000019884624838656.000
  W=6 : Rmax=8 ; meilleur qoff=-1000000000000000019884624838656.000
  W=7 : Rmax=11 ; meilleur qoff=-1000000000000000019884624838656.000
  W=8 : Rmax=10 ; meilleur qoff=-1000000000000000019884624838656.000
  W=9 : Rmax=11 ; meilleur qoff=-1000000000000000019884624838656.000
NULL #274 qoff=-1000000000000000019884624838656.000 (W=-20041995 W2=0)
  W=2 : Rmax=9 ; meilleur qoff=-1000000000000000019884624838656.000
  W=3 : Rmax=12 ; meilleur qoff=-1000000000000000019884624838656.000
  W=4 : Rmax=7 ; meilleur qoff=-1000000000000000019884624838656.000
  W=5 : Rmax=9 ; meilleur qoff=-1000000000000000019884624838656.000
  W=6 : Rmax=10 ; meilleur qoff=-1000000000000000019884624838656.000
  W=7 : Rmax=14 ; meilleur qoff=-1000000000000000019884624838656.000
  W=8 : Rmax=19 ; meilleur qoff=-1000000000000000019884624838656.000
  W=9 : Rmax=12 ; meilleur qoff=-1000000000000000019884624838656.000
NULL #275 qoff=-1000000000000000019884624838656.000 (W=-20041995 W2=0)
  W=2 : Rmax=5 ; meilleur qoff=-1000000000000000019884624838656.000
  W=3 : Rmax=17 ; meilleur qoff=-1000000000000000019884624838656.000
  W=4 : Rmax=8 ; meilleur qoff=-1000000000000000019884624838656.000
  W=5 : Rmax=15 ; meilleur qoff=-1000000000000000019884624838656.000
  W=6 : Rmax=14 ; meilleur qoff=-1000000000000000019884624838656.000
  W=7 : Rmax=9 ; meilleur qoff=-1000000000000000019884624838656.000
  W=8 : Rmax=10 ; meilleur qoff=-1000000000000000019884624838656.000
  W=9 : Rmax=15 ; meilleur qoff=-1000000000000000019884624838656.000
NULL #276 qoff=-1000000000000000019884624838656.000 (W=-20041995 W2=0)
  W=2 : Rmax=5 ; meilleur qoff=-1000000000000000019884624838656.000
  W=3 : Rmax=3 ; meilleur qoff=-1000000000000000019884624838656.000
  W=4 : Rmax=8 ; meilleur qoff=-1000000000000000019884624838656.000
  W=5 : Rmax=9 ; meilleur qoff=-1000000000000000019884624838656.000
  W=6 : Rmax=12 ; meilleur qoff=-1000000000000000019884624838656.000
  W=7 : Rmax=9 ; meilleur qoff=-1000000000000000019884624838656.000
  W=8 : Rmax=11 ; meilleur qoff=-1000000000000000019884624838656.000
  W=9 : Rmax=9 ; meilleur qoff=-1000000000000000019884624838656.000
NULL #277 qoff=-1000000000000000019884624838656.000 (W=-20041995 W2=0)
  W=2 : Rmax=16 ; meilleur qoff=-1000000000000000019884624838656.000
  W=3 : Rmax=10 ; meilleur qoff=-1000000000000000019884624838656.000
  W=4 : Rmax=8 ; meilleur qoff=-1000000000000000019884624838656.000
  W=5 : Rmax=13 ; meilleur qoff=-1000000000000000019884624838656.000
  W=6 : Rmax=10 ; meilleur qoff=-1000000000000000019884624838656.000
  W=7 : Rmax=15 ; meilleur qoff=-1000000000000000019884624838656.000
  W=8 : Rmax=25 ; meilleur qoff=-1000000000000000019884624838656.000
  W=9 : Rmax=17 ; meilleur qoff=-1000000000000000019884624838656.000
NULL #278 qoff=-1000000000000000019884624838656.000 (W=-20041995 W2=0)
  W=2 : Rmax=10 ; meilleur qoff=-1000000000000000019884624838656.000
  W=3 : Rmax=11 ; meilleur qoff=-1000000000000000019884624838656.000
  W=4 : Rmax=4 ; meilleur qoff=-1000000000000000019884624838656.000
  W=5 : Rmax=8 ; meilleur qoff=-1000000000000000019884624838656.000
  W=6 : Rmax=5 ; meilleur qoff=-1000000000000000019884624838656.000
  W=7 : Rmax=13 ; meilleur qoff=-1000000000000000019884624838656.000
  W=8 : Rmax=7 ; meilleur qoff=-1000000000000000019884624838656.000
  W=9 : Rmax=4 ; meilleur qoff=-1000000000000000019884624838656.000
NULL #279 qoff=-1000000000000000019884624838656.000 (W=-20041995 W2=0)
  W=2 : Rmax=8 ; meilleur qoff=-1000000000000000019884624838656.000
  W=3 : Rmax=6 ; meilleur qoff=-1000000000000000019884624838656.000
  W=4 : Rmax=12 ; meilleur qoff=-1000000000000000019884624838656.000
  W=5 : Rmax=7 ; meilleur qoff=-1000000000000000019884624838656.000
  W=6 : Rmax=13 ; meilleur qoff=-1000000000000000019884624838656.000
  W=7 : Rmax=9 ; meilleur qoff=-1000000000000000019884624838656.000
  W=8 : Rmax=20 ; meilleur qoff=-1000000000000000019884624838656.000
  W=9 : Rmax=17 ; meilleur qoff=-1000000000000000019884624838656.000
NULL #280 qoff=-1000000000000000019884624838656.000 (W=-20041995 W2=0)
  W=2 : Rmax=8 ; meilleur qoff=-1000000000000000019884624838656.000
  W=3 : Rmax=3 ; meilleur qoff=-1000000000000000019884624838656.000
  W=4 : Rmax=6 ; meilleur qoff=-1000000000000000019884624838656.000
  W=5 : Rmax=11 ; meilleur qoff=-1000000000000000019884624838656.000
  W=6 : Rmax=18 ; meilleur qoff=-1000000000000000019884624838656.000
  W=7 : Rmax=7 ; meilleur qoff=-1000000000000000019884624838656.000
  W=8 : Rmax=19 ; meilleur qoff=-1000000000000000019884624838656.000
  W=9 : Rmax=12 ; meilleur qoff=-1000000000000000019884624838656.000
NULL #281 qoff=-1000000000000000019884624838656.000 (W=-20041995 W2=0)
  W=2 : Rmax=4 ; meilleur qoff=-1000000000000000019884624838656.000
  W=3 : Rmax=15 ; meilleur qoff=-1000000000000000019884624838656.000
  W=4 : Rmax=6 ; meilleur qoff=-1000000000000000019884624838656.000
  W=5 : Rmax=8 ; meilleur qoff=-1000000000000000019884624838656.000
  W=6 : Rmax=7 ; meilleur qoff=-1000000000000000019884624838656.000
  W=7 : Rmax=16 ; meilleur qoff=-1000000000000000019884624838656.000
  W=8 : Rmax=8 ; meilleur qoff=-1000000000000000019884624838656.000
  W=9 : Rmax=6 ; meilleur qoff=-1000000000000000019884624838656.000
NULL #282 qoff=-1000000000000000019884624838656.000 (W=-20041995 W2=0)
  W=2 : Rmax=7 ; meilleur qoff=-1000000000000000019884624838656.000
  W=3 : Rmax=14 ; meilleur qoff=-1000000000000000019884624838656.000
  W=4 : Rmax=9 ; meilleur qoff=-1000000000000000019884624838656.000
  W=5 : Rmax=7 ; meilleur qoff=-1000000000000000019884624838656.000
  W=6 : Rmax=12 ; meilleur qoff=-1000000000000000019884624838656.000
  W=7 : Rmax=19 ; meilleur qoff=-1000000000000000019884624838656.000
  W=8 : Rmax=27 ; meilleur qoff=-1000000000000000019884624838656.000
  W=9 : Rmax=12 ; meilleur qoff=-1000000000000000019884624838656.000
NULL #283 qoff=-1000000000000000019884624838656.000 (W=-20041995 W2=0)
  W=2 : Rmax=4 ; meilleur qoff=-1000000000000000019884624838656.000
  W=3 : Rmax=7 ; meilleur qoff=-1000000000000000019884624838656.000
  W=4 : Rmax=3 ; meilleur qoff=-1000000000000000019884624838656.000
  W=5 : Rmax=6 ; meilleur qoff=-1000000000000000019884624838656.000
  W=6 : Rmax=14 ; meilleur qoff=-1000000000000000019884624838656.000
  W=7 : Rmax=6 ; meilleur qoff=-1000000000000000019884624838656.000
  W=8 : Rmax=13 ; meilleur qoff=-1000000000000000019884624838656.000
  W=9 : Rmax=6 ; meilleur qoff=-1000000000000000019884624838656.000
NULL #284 qoff=-1000000000000000019884624838656.000 (W=-20041995 W2=0)
  W=2 : Rmax=8 ; meilleur qoff=-1000000000000000019884624838656.000
  W=3 : Rmax=9 ; meilleur qoff=-1000000000000000019884624838656.000
  W=4 : Rmax=19 ; meilleur qoff=-1000000000000000019884624838656.000
  W=5 : Rmax=8 ; meilleur qoff=-1000000000000000019884624838656.000
  W=6 : Rmax=6 ; meilleur qoff=-1000000000000000019884624838656.000
  W=7 : Rmax=2 ; meilleur qoff=-1000000000000000019884624838656.000
  W=8 : Rmax=12 ; meilleur qoff=-1000000000000000019884624838656.000
  W=9 : Rmax=10 ; meilleur qoff=-1000000000000000019884624838656.000
NULL #285 qoff=-1000000000000000019884624838656.000 (W=-20041995 W2=0)
  W=2 : Rmax=4 ; meilleur qoff=-1000000000000000019884624838656.000
  W=3 : Rmax=3 ; meilleur qoff=-1000000000000000019884624838656.000
  W=4 : Rmax=4 ; meilleur qoff=-1000000000000000019884624838656.000
  W=5 : Rmax=8 ; meilleur qoff=-1000000000000000019884624838656.000
  W=6 : Rmax=8 ; meilleur qoff=-1000000000000000019884624838656.000
  W=7 : Rmax=8 ; meilleur qoff=-1000000000000000019884624838656.000
  W=8 : Rmax=15 ; meilleur qoff=-1000000000000000019884624838656.000
  W=9 : Rmax=15 ; meilleur qoff=-1000000000000000019884624838656.000
NULL #286 qoff=-1000000000000000019884624838656.000 (W=-20041995 W2=0)
  W=2 : Rmax=8 ; meilleur qoff=-1000000000000000019884624838656.000
  W=3 : Rmax=6 ; meilleur qoff=-1000000000000000019884624838656.000
  W=4 : Rmax=9 ; meilleur qoff=-1000000000000000019884624838656.000
  W=5 : Rmax=7 ; meilleur qoff=-1000000000000000019884624838656.000
  W=6 : Rmax=7 ; meilleur qoff=-1000000000000000019884624838656.000
  W=7 : Rmax=16 ; meilleur qoff=-1000000000000000019884624838656.000
  W=8 : Rmax=11 ; meilleur qoff=-1000000000000000019884624838656.000
  W=9 : Rmax=10 ; meilleur qoff=-1000000000000000019884624838656.000
NULL #287 qoff=-1000000000000000019884624838656.000 (W=-20041995 W2=0)
  W=2 : Rmax=8 ; meilleur qoff=-1000000000000000019884624838656.000
  W=3 : Rmax=5 ; meilleur qoff=-1000000000000000019884624838656.000
  W=4 : Rmax=8 ; meilleur qoff=-1000000000000000019884624838656.000
  W=5 : Rmax=3 ; meilleur qoff=-1000000000000000019884624838656.000
  W=6 : Rmax=7 ; meilleur qoff=-1000000000000000019884624838656.000
  W=7 : Rmax=16 ; meilleur qoff=-1000000000000000019884624838656.000
  W=8 : Rmax=13 ; meilleur qoff=-1000000000000000019884624838656.000
  W=9 : Rmax=19 ; meilleur qoff=-1000000000000000019884624838656.000
NULL #288 qoff=-1000000000000000019884624838656.000 (W=-20041995 W2=0)
  W=2 : Rmax=7 ; meilleur qoff=-1000000000000000019884624838656.000
  W=3 : Rmax=11 ; meilleur qoff=-1000000000000000019884624838656.000
  W=4 : Rmax=21 ; meilleur qoff=-1000000000000000019884624838656.000
  W=5 : Rmax=19 ; meilleur qoff=-1000000000000000019884624838656.000
  W=6 : Rmax=6 ; meilleur qoff=-1000000000000000019884624838656.000
  W=7 : Rmax=6 ; meilleur qoff=-1000000000000000019884624838656.000
  W=8 : Rmax=13 ; meilleur qoff=-1000000000000000019884624838656.000
  W=9 : Rmax=14 ; meilleur qoff=-1000000000000000019884624838656.000
NULL #289 qoff=-1000000000000000019884624838656.000 (W=-20041995 W2=0)
  W=2 : Rmax=11 ; meilleur qoff=-1000000000000000019884624838656.000
  W=3 : Rmax=0 ; meilleur qoff=-1000000000000000019884624838656.000
  W=4 : Rmax=5 ; meilleur qoff=-1000000000000000019884624838656.000
  W=5 : Rmax=17 ; meilleur qoff=-1000000000000000019884624838656.000
  W=6 : Rmax=8 ; meilleur qoff=-1000000000000000019884624838656.000
  W=7 : Rmax=7 ; meilleur qoff=-1000000000000000019884624838656.000
  W=8 : Rmax=18 ; meilleur qoff=-1000000000000000019884624838656.000
  W=9 : Rmax=11 ; meilleur qoff=-1000000000000000019884624838656.000
NULL #290 qoff=-1000000000000000019884624838656.000 (W=-20041995 W2=0)
  W=2 : Rmax=13 ; meilleur qoff=-1000000000000000019884624838656.000
  W=3 : Rmax=5 ; meilleur qoff=-1000000000000000019884624838656.000
  W=4 : Rmax=8 ; meilleur qoff=-1000000000000000019884624838656.000
  W=5 : Rmax=9 ; meilleur qoff=-1000000000000000019884624838656.000
  W=6 : Rmax=16 ; meilleur qoff=-1000000000000000019884624838656.000
  W=7 : Rmax=10 ; meilleur qoff=-1000000000000000019884624838656.000
  W=8 : Rmax=8 ; meilleur qoff=-1000000000000000019884624838656.000
  W=9 : Rmax=14 ; meilleur qoff=-1000000000000000019884624838656.000
NULL #291 qoff=-1000000000000000019884624838656.000 (W=-20041995 W2=0)
  W=2 : Rmax=4 ; meilleur qoff=-1000000000000000019884624838656.000
  W=3 : Rmax=4 ; meilleur qoff=-1000000000000000019884624838656.000
  W=4 : Rmax=6 ; meilleur qoff=-1000000000000000019884624838656.000
  W=5 : Rmax=6 ; meilleur qoff=-1000000000000000019884624838656.000
  W=6 : Rmax=10 ; meilleur qoff=-1000000000000000019884624838656.000
  W=7 : Rmax=8 ; meilleur qoff=-1000000000000000019884624838656.000
  W=8 : Rmax=12 ; meilleur qoff=-1000000000000000019884624838656.000
  W=9 : Rmax=22 ; meilleur qoff=-1000000000000000019884624838656.000
NULL #292 qoff=-1000000000000000019884624838656.000 (W=-20041995 W2=0)
  W=2 : Rmax=8 ; meilleur qoff=-1000000000000000019884624838656.000
  W=3 : Rmax=11 ; meilleur qoff=-1000000000000000019884624838656.000
  W=4 : Rmax=6 ; meilleur qoff=-1000000000000000019884624838656.000
  W=5 : Rmax=5 ; meilleur qoff=-1000000000000000019884624838656.000
  W=6 : Rmax=21 ; meilleur qoff=-1000000000000000019884624838656.000
  W=7 : Rmax=9 ; meilleur qoff=-1000000000000000019884624838656.000
  W=8 : Rmax=7 ; meilleur qoff=-1000000000000000019884624838656.000
  W=9 : Rmax=18 ; meilleur qoff=-1000000000000000019884624838656.000
NULL #293 qoff=-1000000000000000019884624838656.000 (W=-20041995 W2=0)
  W=2 : Rmax=8 ; meilleur qoff=-1000000000000000019884624838656.000
  W=3 : Rmax=14 ; meilleur qoff=-1000000000000000019884624838656.000
  W=4 : Rmax=13 ; meilleur qoff=-1000000000000000019884624838656.000
  W=5 : Rmax=5 ; meilleur qoff=-1000000000000000019884624838656.000
  W=6 : Rmax=10 ; meilleur qoff=-1000000000000000019884624838656.000
  W=7 : Rmax=12 ; meilleur qoff=-1000000000000000019884624838656.000
  W=8 : Rmax=15 ; meilleur qoff=-1000000000000000019884624838656.000
  W=9 : Rmax=11 ; meilleur qoff=-1000000000000000019884624838656.000
NULL #294 qoff=-1000000000000000019884624838656.000 (W=-20041995 W2=0)
  W=2 : Rmax=10 ; meilleur qoff=-1000000000000000019884624838656.000
  W=3 : Rmax=3 ; meilleur qoff=-1000000000000000019884624838656.000
  W=4 : Rmax=9 ; meilleur qoff=-1000000000000000019884624838656.000
  W=5 : Rmax=6 ; meilleur qoff=-1000000000000000019884624838656.000
  W=6 : Rmax=15 ; meilleur qoff=-1000000000000000019884624838656.000
  W=7 : Rmax=13 ; meilleur qoff=-1000000000000000019884624838656.000
  W=8 : Rmax=13 ; meilleur qoff=-1000000000000000019884624838656.000
  W=9 : Rmax=15 ; meilleur qoff=-1000000000000000019884624838656.000
NULL #295 qoff=-1000000000000000019884624838656.000 (W=-20041995 W2=0)
  W=2 : Rmax=8 ; meilleur qoff=-1000000000000000019884624838656.000
  W=3 : Rmax=10 ; meilleur qoff=-1000000000000000019884624838656.000
  W=4 : Rmax=2 ; meilleur qoff=-1000000000000000019884624838656.000
  W=5 : Rmax=13 ; meilleur qoff=-1000000000000000019884624838656.000
  W=6 : Rmax=15 ; meilleur qoff=-1000000000000000019884624838656.000
  W=7 : Rmax=13 ; meilleur qoff=-1000000000000000019884624838656.000
  W=8 : Rmax=16 ; meilleur qoff=-1000000000000000019884624838656.000
  W=9 : Rmax=17 ; meilleur qoff=-1000000000000000019884624838656.000
NULL #296 qoff=-1000000000000000019884624838656.000 (W=-20041995 W2=0)
  W=2 : Rmax=9 ; meilleur qoff=-1000000000000000019884624838656.000
  W=3 : Rmax=8 ; meilleur qoff=-1000000000000000019884624838656.000
  W=4 : Rmax=6 ; meilleur qoff=-1000000000000000019884624838656.000
  W=5 : Rmax=9 ; meilleur qoff=-1000000000000000019884624838656.000
  W=6 : Rmax=7 ; meilleur qoff=-1000000000000000019884624838656.000
  W=7 : Rmax=8 ; meilleur qoff=-1000000000000000019884624838656.000
  W=8 : Rmax=10 ; meilleur qoff=-1000000000000000019884624838656.000
  W=9 : Rmax=12 ; meilleur qoff=-1000000000000000019884624838656.000
NULL #297 qoff=-1000000000000000019884624838656.000 (W=-20041995 W2=0)
  W=2 : Rmax=7 ; meilleur qoff=-1000000000000000019884624838656.000
  W=3 : Rmax=4 ; meilleur qoff=-1000000000000000019884624838656.000
  W=4 : Rmax=7 ; meilleur qoff=-1000000000000000019884624838656.000
  W=5 : Rmax=18 ; meilleur qoff=-1000000000000000019884624838656.000
  W=6 : Rmax=11 ; meilleur qoff=-1000000000000000019884624838656.000
  W=7 : Rmax=19 ; meilleur qoff=-1000000000000000019884624838656.000
  W=8 : Rmax=8 ; meilleur qoff=-1000000000000000019884624838656.000
  W=9 : Rmax=22 ; meilleur qoff=-1000000000000000019884624838656.000
NULL #298 qoff=-1000000000000000019884624838656.000 (W=-20041995 W2=0)
  W=2 : Rmax=9 ; meilleur qoff=-1000000000000000019884624838656.000
  W=3 : Rmax=6 ; meilleur qoff=-1000000000000000019884624838656.000
  W=4 : Rmax=10 ; meilleur qoff=-1000000000000000019884624838656.000
  W=5 : Rmax=9 ; meilleur qoff=-1000000000000000019884624838656.000
  W=6 : Rmax=7 ; meilleur qoff=-1000000000000000019884624838656.000
  W=7 : Rmax=13 ; meilleur qoff=-1000000000000000019884624838656.000
  W=8 : Rmax=18 ; meilleur qoff=-1000000000000000019884624838656.000
  W=9 : Rmax=14 ; meilleur qoff=-1000000000000000019884624838656.000
NULL #299 qoff=-1000000000000000019884624838656.000 (W=-20041995 W2=0)
  W=2 : Rmax=5 ; meilleur qoff=-1000000000000000019884624838656.000
  W=3 : Rmax=8 ; meilleur qoff=-1000000000000000019884624838656.000
  W=4 : Rmax=10 ; meilleur qoff=-1000000000000000019884624838656.000
  W=5 : Rmax=5 ; meilleur qoff=-1000000000000000019884624838656.000
  W=6 : Rmax=10 ; meilleur qoff=-1000000000000000019884624838656.000
  W=7 : Rmax=15 ; meilleur qoff=-1000000000000000019884624838656.000
  W=8 : Rmax=11 ; meilleur qoff=-1000000000000000019884624838656.000
  W=9 : Rmax=18 ; meilleur qoff=-1000000000000000019884624838656.000
NULL #300 qoff=-1000000000000000019884624838656.000 (W=-20041995 W2=0)
  W=2 : Rmax=11 ; meilleur qoff=-1000000000000000019884624838656.000
  W=3 : Rmax=11 ; meilleur qoff=-1000000000000000019884624838656.000
  W=4 : Rmax=10 ; meilleur qoff=-1000000000000000019884624838656.000
  W=5 : Rmax=9 ; meilleur qoff=-1000000000000000019884624838656.000
  W=6 : Rmax=12 ; meilleur qoff=-1000000000000000019884624838656.000
  W=7 : Rmax=18 ; meilleur qoff=-1000000000000000019884624838656.000
  W=8 : Rmax=15 ; meilleur qoff=-1000000000000000019884624838656.000
  W=9 : Rmax=10 ; meilleur qoff=-1000000000000000019884624838656.000
NULL #301 qoff=-1000000000000000019884624838656.000 (W=-20041995 W2=0)
  W=2 : Rmax=3 ; meilleur qoff=-1000000000000000019884624838656.000
  W=3 : Rmax=6 ; meilleur qoff=-1000000000000000019884624838656.000
  W=4 : Rmax=10 ; meilleur qoff=-1000000000000000019884624838656.000
  W=5 : Rmax=5 ; meilleur qoff=-1000000000000000019884624838656.000
  W=6 : Rmax=7 ; meilleur qoff=-1000000000000000019884624838656.000
  W=7 : Rmax=10 ; meilleur qoff=-1000000000000000019884624838656.000
  W=8 : Rmax=11 ; meilleur qoff=-1000000000000000019884624838656.000
  W=9 : Rmax=22 ; meilleur qoff=-1000000000000000019884624838656.000
NULL #302 qoff=-1000000000000000019884624838656.000 (W=-20041995 W2=0)
  W=2 : Rmax=4 ; meilleur qoff=-1000000000000000019884624838656.000
  W=3 : Rmax=9 ; meilleur qoff=-1000000000000000019884624838656.000
  W=4 : Rmax=14 ; meilleur qoff=-1000000000000000019884624838656.000
  W=5 : Rmax=26 ; meilleur qoff=-1000000000000000019884624838656.000
  W=6 : Rmax=9 ; meilleur qoff=-1000000000000000019884624838656.000
  W=7 : Rmax=9 ; meilleur qoff=-1000000000000000019884624838656.000
  W=8 : Rmax=15 ; meilleur qoff=-1000000000000000019884624838656.000
  W=9 : Rmax=15 ; meilleur qoff=-1000000000000000019884624838656.000
NULL #303 qoff=-1000000000000000019884624838656.000 (W=-20041995 W2=0)
  W=2 : Rmax=3 ; meilleur qoff=-1000000000000000019884624838656.000
  W=3 : Rmax=8 ; meilleur qoff=-1000000000000000019884624838656.000
  W=4 : Rmax=12 ; meilleur qoff=-1000000000000000019884624838656.000
  W=5 : Rmax=12 ; meilleur qoff=-1000000000000000019884624838656.000
  W=6 : Rmax=9 ; meilleur qoff=-1000000000000000019884624838656.000
  W=7 : Rmax=10 ; meilleur qoff=-1000000000000000019884624838656.000
  W=8 : Rmax=13 ; meilleur qoff=-1000000000000000019884624838656.000
  W=9 : Rmax=10 ; meilleur qoff=-1000000000000000019884624838656.000
NULL #304 qoff=-1000000000000000019884624838656.000 (W=-20041995 W2=0)
  W=2 : Rmax=7 ; meilleur qoff=-1000000000000000019884624838656.000
  W=3 : Rmax=4 ; meilleur qoff=-1000000000000000019884624838656.000
  W=4 : Rmax=8 ; meilleur qoff=-1000000000000000019884624838656.000
  W=5 : Rmax=6 ; meilleur qoff=-1000000000000000019884624838656.000
  W=6 : Rmax=5 ; meilleur qoff=-1000000000000000019884624838656.000
  W=7 : Rmax=24 ; meilleur qoff=-1000000000000000019884624838656.000
  W=8 : Rmax=13 ; meilleur qoff=-1000000000000000019884624838656.000
  W=9 : Rmax=14 ; meilleur qoff=-1000000000000000019884624838656.000
NULL #305 qoff=-1000000000000000019884624838656.000 (W=-20041995 W2=0)
  W=2 : Rmax=6 ; meilleur qoff=-1000000000000000019884624838656.000
  W=3 : Rmax=9 ; meilleur qoff=-1000000000000000019884624838656.000
  W=4 : Rmax=5 ; meilleur qoff=-1000000000000000019884624838656.000
  W=5 : Rmax=7 ; meilleur qoff=-1000000000000000019884624838656.000
  W=6 : Rmax=3 ; meilleur qoff=-1000000000000000019884624838656.000
  W=7 : Rmax=30 ; meilleur qoff=-1000000000000000019884624838656.000
  W=8 : Rmax=11 ; meilleur qoff=-1000000000000000019884624838656.000
  W=9 : Rmax=5 ; meilleur qoff=-1000000000000000019884624838656.000
NULL #306 qoff=-1000000000000000019884624838656.000 (W=-20041995 W2=0)
  W=2 : Rmax=9 ; meilleur qoff=-1000000000000000019884624838656.000
  W=3 : Rmax=9 ; meilleur qoff=-1000000000000000019884624838656.000
  W=4 : Rmax=6 ; meilleur qoff=-1000000000000000019884624838656.000
  W=5 : Rmax=7 ; meilleur qoff=-1000000000000000019884624838656.000
  W=6 : Rmax=7 ; meilleur qoff=-1000000000000000019884624838656.000
  W=7 : Rmax=18 ; meilleur qoff=-1000000000000000019884624838656.000
  W=8 : Rmax=34 ; meilleur qoff=-1000000000000000019884624838656.000
  W=9 : Rmax=11 ; meilleur qoff=-1000000000000000019884624838656.000
NULL #307 qoff=-1000000000000000019884624838656.000 (W=-20041995 W2=0)
  W=2 : Rmax=17 ; meilleur qoff=-1000000000000000019884624838656.000
  W=3 : Rmax=3 ; meilleur qoff=-1000000000000000019884624838656.000
  W=4 : Rmax=9 ; meilleur qoff=-1000000000000000019884624838656.000
  W=5 : Rmax=7 ; meilleur qoff=-1000000000000000019884624838656.000
  W=6 : Rmax=8 ; meilleur qoff=-1000000000000000019884624838656.000
  W=7 : Rmax=9 ; meilleur qoff=-1000000000000000019884624838656.000
  W=8 : Rmax=17 ; meilleur qoff=-1000000000000000019884624838656.000
  W=9 : Rmax=18 ; meilleur qoff=-1000000000000000019884624838656.000
NULL #308 qoff=-1000000000000000019884624838656.000 (W=-20041995 W2=0)
  W=2 : Rmax=5 ; meilleur qoff=-1000000000000000019884624838656.000
  W=3 : Rmax=13 ; meilleur qoff=-1000000000000000019884624838656.000
  W=4 : Rmax=1 ; meilleur qoff=-1000000000000000019884624838656.000
  W=5 : Rmax=12 ; meilleur qoff=-1000000000000000019884624838656.000
  W=6 : Rmax=3 ; meilleur qoff=-1000000000000000019884624838656.000
  W=7 : Rmax=9 ; meilleur qoff=-1000000000000000019884624838656.000
  W=8 : Rmax=14 ; meilleur qoff=-1000000000000000019884624838656.000
  W=9 : Rmax=11 ; meilleur qoff=-1000000000000000019884624838656.000
NULL #309 qoff=-1000000000000000019884624838656.000 (W=-20041995 W2=0)
  W=2 : Rmax=10 ; meilleur qoff=-1000000000000000019884624838656.000
  W=3 : Rmax=11 ; meilleur qoff=-1000000000000000019884624838656.000
  W=4 : Rmax=13 ; meilleur qoff=-1000000000000000019884624838656.000
  W=5 : Rmax=9 ; meilleur qoff=-1000000000000000019884624838656.000
  W=6 : Rmax=12 ; meilleur qoff=-1000000000000000019884624838656.000
  W=7 : Rmax=10 ; meilleur qoff=-1000000000000000019884624838656.000
  W=8 : Rmax=12 ; meilleur qoff=-1000000000000000019884624838656.000
  W=9 : Rmax=20 ; meilleur qoff=-1000000000000000019884624838656.000
NULL #310 qoff=-1000000000000000019884624838656.000 (W=-20041995 W2=0)
  W=2 : Rmax=18 ; meilleur qoff=-1000000000000000019884624838656.000
  W=3 : Rmax=9 ; meilleur qoff=-1000000000000000019884624838656.000
  W=4 : Rmax=9 ; meilleur qoff=-1000000000000000019884624838656.000
  W=5 : Rmax=8 ; meilleur qoff=-1000000000000000019884624838656.000
  W=6 : Rmax=9 ; meilleur qoff=-1000000000000000019884624838656.000
  W=7 : Rmax=7 ; meilleur qoff=-1000000000000000019884624838656.000
  W=8 : Rmax=6 ; meilleur qoff=-1000000000000000019884624838656.000
  W=9 : Rmax=16 ; meilleur qoff=-1000000000000000019884624838656.000
NULL #311 qoff=-1000000000000000019884624838656.000 (W=-20041995 W2=0)
  W=2 : Rmax=7 ; meilleur qoff=-1000000000000000019884624838656.000
  W=3 : Rmax=10 ; meilleur qoff=-1000000000000000019884624838656.000
  W=4 : Rmax=6 ; meilleur qoff=-1000000000000000019884624838656.000
  W=5 : Rmax=17 ; meilleur qoff=-1000000000000000019884624838656.000
  W=6 : Rmax=10 ; meilleur qoff=-1000000000000000019884624838656.000
  W=7 : Rmax=5 ; meilleur qoff=-1000000000000000019884624838656.000
  W=8 : Rmax=10 ; meilleur qoff=-1000000000000000019884624838656.000
  W=9 : Rmax=10 ; meilleur qoff=-1000000000000000019884624838656.000
NULL #312 qoff=-1000000000000000019884624838656.000 (W=-20041995 W2=0)
  W=2 : Rmax=15 ; meilleur qoff=-1000000000000000019884624838656.000
  W=3 : Rmax=4 ; meilleur qoff=-1000000000000000019884624838656.000
  W=4 : Rmax=10 ; meilleur qoff=-1000000000000000019884624838656.000
  W=5 : Rmax=17 ; meilleur qoff=-1000000000000000019884624838656.000
  W=6 : Rmax=6 ; meilleur qoff=-1000000000000000019884624838656.000
  W=7 : Rmax=9 ; meilleur qoff=-1000000000000000019884624838656.000
  W=8 : Rmax=8 ; meilleur qoff=-1000000000000000019884624838656.000
  W=9 : Rmax=14 ; meilleur qoff=-1000000000000000019884624838656.000
NULL #313 qoff=-1000000000000000019884624838656.000 (W=-20041995 W2=0)
  W=2 : Rmax=5 ; meilleur qoff=-1000000000000000019884624838656.000
  W=3 : Rmax=3 ; meilleur qoff=-1000000000000000019884624838656.000
  W=4 : Rmax=2 ; meilleur qoff=-1000000000000000019884624838656.000
  W=5 : Rmax=11 ; meilleur qoff=-1000000000000000019884624838656.000
  W=6 : Rmax=15 ; meilleur qoff=-1000000000000000019884624838656.000
  W=7 : Rmax=7 ; meilleur qoff=-1000000000000000019884624838656.000
  W=8 : Rmax=12 ; meilleur qoff=-1000000000000000019884624838656.000
  W=9 : Rmax=25 ; meilleur qoff=-1000000000000000019884624838656.000
NULL #314 qoff=-1000000000000000019884624838656.000 (W=-20041995 W2=0)
  W=2 : Rmax=10 ; meilleur qoff=-1000000000000000019884624838656.000
  W=3 : Rmax=8 ; meilleur qoff=-1000000000000000019884624838656.000
  W=4 : Rmax=4 ; meilleur qoff=-1000000000000000019884624838656.000
  W=5 : Rmax=10 ; meilleur qoff=-1000000000000000019884624838656.000
  W=6 : Rmax=9 ; meilleur qoff=-1000000000000000019884624838656.000
  W=7 : Rmax=8 ; meilleur qoff=-1000000000000000019884624838656.000
  W=8 : Rmax=14 ; meilleur qoff=-1000000000000000019884624838656.000
  W=9 : Rmax=13 ; meilleur qoff=-1000000000000000019884624838656.000
NULL #315 qoff=-1000000000000000019884624838656.000 (W=-20041995 W2=0)
  W=2 : Rmax=8 ; meilleur qoff=-1000000000000000019884624838656.000
  W=3 : Rmax=13 ; meilleur qoff=-1000000000000000019884624838656.000
  W=4 : Rmax=28 ; meilleur qoff=-1000000000000000019884624838656.000
  W=5 : Rmax=7 ; meilleur qoff=-1000000000000000019884624838656.000
  W=6 : Rmax=8 ; meilleur qoff=-1000000000000000019884624838656.000
  W=7 : Rmax=8 ; meilleur qoff=-1000000000000000019884624838656.000
  W=8 : Rmax=17 ; meilleur qoff=-1000000000000000019884624838656.000
  W=9 : Rmax=27 ; meilleur qoff=-1000000000000000019884624838656.000
NULL #316 qoff=-1000000000000000019884624838656.000 (W=-20041995 W2=0)
  W=2 : Rmax=6 ; meilleur qoff=-1000000000000000019884624838656.000
  W=3 : Rmax=12 ; meilleur qoff=-1000000000000000019884624838656.000
  W=4 : Rmax=10 ; meilleur qoff=-1000000000000000019884624838656.000
  W=5 : Rmax=6 ; meilleur qoff=-1000000000000000019884624838656.000
  W=6 : Rmax=11 ; meilleur qoff=-1000000000000000019884624838656.000
  W=7 : Rmax=17 ; meilleur qoff=-1000000000000000019884624838656.000
  W=8 : Rmax=11 ; meilleur qoff=-1000000000000000019884624838656.000
  W=9 : Rmax=14 ; meilleur qoff=-1000000000000000019884624838656.000
NULL #317 qoff=-1000000000000000019884624838656.000 (W=-20041995 W2=0)
  W=2 : Rmax=10 ; meilleur qoff=-1000000000000000019884624838656.000
  W=3 : Rmax=12 ; meilleur qoff=-1000000000000000019884624838656.000
  W=4 : Rmax=8 ; meilleur qoff=-1000000000000000019884624838656.000
  W=5 : Rmax=8 ; meilleur qoff=-1000000000000000019884624838656.000
  W=6 : Rmax=9 ; meilleur qoff=-1000000000000000019884624838656.000
  W=7 : Rmax=14 ; meilleur qoff=-1000000000000000019884624838656.000
  W=8 : Rmax=11 ; meilleur qoff=-1000000000000000019884624838656.000
  W=9 : Rmax=6 ; meilleur qoff=-1000000000000000019884624838656.000
NULL #318 qoff=-1000000000000000019884624838656.000 (W=-20041995 W2=0)
  W=2 : Rmax=1 ; meilleur qoff=-1000000000000000019884624838656.000
  W=3 : Rmax=6 ; meilleur qoff=-1000000000000000019884624838656.000
  W=4 : Rmax=21 ; meilleur qoff=-1000000000000000019884624838656.000
  W=5 : Rmax=11 ; meilleur qoff=-1000000000000000019884624838656.000
  W=6 : Rmax=8 ; meilleur qoff=-1000000000000000019884624838656.000
  W=7 : Rmax=17 ; meilleur qoff=-1000000000000000019884624838656.000
  W=8 : Rmax=12 ; meilleur qoff=-1000000000000000019884624838656.000
  W=9 : Rmax=27 ; meilleur qoff=-1000000000000000019884624838656.000
NULL #319 qoff=-1000000000000000019884624838656.000 (W=-20041995 W2=0)
  W=2 : Rmax=8 ; meilleur qoff=-1000000000000000019884624838656.000
  W=3 : Rmax=9 ; meilleur qoff=-1000000000000000019884624838656.000
  W=4 : Rmax=16 ; meilleur qoff=-1000000000000000019884624838656.000
  W=5 : Rmax=40 ; meilleur qoff=-1000000000000000019884624838656.000
  W=6 : Rmax=27 ; meilleur qoff=-1000000000000000019884624838656.000
  W=7 : Rmax=11 ; meilleur qoff=-1000000000000000019884624838656.000
  W=8 : Rmax=14 ; meilleur qoff=-1000000000000000019884624838656.000
  W=9 : Rmax=23 ; meilleur qoff=-1000000000000000019884624838656.000
NULL #320 qoff=-1000000000000000019884624838656.000 (W=-20041995 W2=0)
  W=2 : Rmax=6 ; meilleur qoff=-1000000000000000019884624838656.000
  W=3 : Rmax=11 ; meilleur qoff=-1000000000000000019884624838656.000
  W=4 : Rmax=22 ; meilleur qoff=-1000000000000000019884624838656.000
  W=5 : Rmax=19 ; meilleur qoff=-1000000000000000019884624838656.000
  W=6 : Rmax=18 ; meilleur qoff=-1000000000000000019884624838656.000
  W=7 : Rmax=16 ; meilleur qoff=-1000000000000000019884624838656.000
  W=8 : Rmax=24 ; meilleur qoff=-1000000000000000019884624838656.000
  W=9 : Rmax=11 ; meilleur qoff=-1000000000000000019884624838656.000
NULL #321 qoff=-1000000000000000019884624838656.000 (W=-20041995 W2=0)
  W=2 : Rmax=8 ; meilleur qoff=-1000000000000000019884624838656.000
  W=3 : Rmax=3 ; meilleur qoff=-1000000000000000019884624838656.000
  W=4 : Rmax=7 ; meilleur qoff=-1000000000000000019884624838656.000
  W=5 : Rmax=12 ; meilleur qoff=-1000000000000000019884624838656.000
  W=6 : Rmax=11 ; meilleur qoff=-1000000000000000019884624838656.000
  W=7 : Rmax=9 ; meilleur qoff=-1000000000000000019884624838656.000
  W=8 : Rmax=21 ; meilleur qoff=-1000000000000000019884624838656.000
  W=9 : Rmax=14 ; meilleur qoff=-1000000000000000019884624838656.000
NULL #322 qoff=-1000000000000000019884624838656.000 (W=-20041995 W2=0)
  W=2 : Rmax=8 ; meilleur qoff=-1000000000000000019884624838656.000
  W=3 : Rmax=5 ; meilleur qoff=-1000000000000000019884624838656.000
  W=4 : Rmax=7 ; meilleur qoff=-1000000000000000019884624838656.000
  W=5 : Rmax=6 ; meilleur qoff=-1000000000000000019884624838656.000
  W=6 : Rmax=16 ; meilleur qoff=-1000000000000000019884624838656.000
  W=7 : Rmax=9 ; meilleur qoff=-1000000000000000019884624838656.000
  W=8 : Rmax=11 ; meilleur qoff=-1000000000000000019884624838656.000
  W=9 : Rmax=13 ; meilleur qoff=-1000000000000000019884624838656.000
NULL #323 qoff=-1000000000000000019884624838656.000 (W=-20041995 W2=0)
  W=2 : Rmax=14 ; meilleur qoff=-1000000000000000019884624838656.000
  W=3 : Rmax=8 ; meilleur qoff=-1000000000000000019884624838656.000
  W=4 : Rmax=15 ; meilleur qoff=-1000000000000000019884624838656.000
  W=5 : Rmax=17 ; meilleur qoff=-1000000000000000019884624838656.000
  W=6 : Rmax=10 ; meilleur qoff=-1000000000000000019884624838656.000
  W=7 : Rmax=10 ; meilleur qoff=-1000000000000000019884624838656.000
  W=8 : Rmax=15 ; meilleur qoff=-1000000000000000019884624838656.000
  W=9 : Rmax=8 ; meilleur qoff=-1000000000000000019884624838656.000
NULL #324 qoff=-1000000000000000019884624838656.000 (W=-20041995 W2=0)
  W=2 : Rmax=6 ; meilleur qoff=-1000000000000000019884624838656.000
  W=3 : Rmax=8 ; meilleur qoff=-1000000000000000019884624838656.000
  W=4 : Rmax=7 ; meilleur qoff=-1000000000000000019884624838656.000
  W=5 : Rmax=16 ; meilleur qoff=-1000000000000000019884624838656.000
  W=6 : Rmax=14 ; meilleur qoff=-1000000000000000019884624838656.000
  W=7 : Rmax=11 ; meilleur qoff=-1000000000000000019884624838656.000
  W=8 : Rmax=10 ; meilleur qoff=-1000000000000000019884624838656.000
  W=9 : Rmax=18 ; meilleur qoff=-1000000000000000019884624838656.000
NULL #325 qoff=-1000000000000000019884624838656.000 (W=-20041995 W2=0)
  W=2 : Rmax=9 ; meilleur qoff=-1000000000000000019884624838656.000
  W=3 : Rmax=8 ; meilleur qoff=-1000000000000000019884624838656.000
  W=4 : Rmax=7 ; meilleur qoff=-1000000000000000019884624838656.000
  W=5 : Rmax=12 ; meilleur qoff=-1000000000000000019884624838656.000
  W=6 : Rmax=9 ; meilleur qoff=-1000000000000000019884624838656.000
  W=7 : Rmax=9 ; meilleur qoff=-1000000000000000019884624838656.000
  W=8 : Rmax=17 ; meilleur qoff=-1000000000000000019884624838656.000
  W=9 : Rmax=21 ; meilleur qoff=-1000000000000000019884624838656.000
NULL #326 qoff=-1000000000000000019884624838656.000 (W=-20041995 W2=0)
  W=2 : Rmax=13 ; meilleur qoff=-1000000000000000019884624838656.000
  W=3 : Rmax=14 ; meilleur qoff=-1000000000000000019884624838656.000
  W=4 : Rmax=9 ; meilleur qoff=-1000000000000000019884624838656.000
  W=5 : Rmax=14 ; meilleur qoff=-1000000000000000019884624838656.000
  W=6 : Rmax=11 ; meilleur qoff=-1000000000000000019884624838656.000
  W=7 : Rmax=10 ; meilleur qoff=-1000000000000000019884624838656.000
  W=8 : Rmax=10 ; meilleur qoff=-1000000000000000019884624838656.000
  W=9 : Rmax=9 ; meilleur qoff=-1000000000000000019884624838656.000
NULL #327 qoff=-1000000000000000019884624838656.000 (W=-20041995 W2=0)
  W=2 : Rmax=4 ; meilleur qoff=-1000000000000000019884624838656.000
  W=3 : Rmax=5 ; meilleur qoff=-1000000000000000019884624838656.000
  W=4 : Rmax=6 ; meilleur qoff=-1000000000000000019884624838656.000
  W=5 : Rmax=4 ; meilleur qoff=-1000000000000000019884624838656.000
  W=6 : Rmax=8 ; meilleur qoff=-1000000000000000019884624838656.000
  W=7 : Rmax=14 ; meilleur qoff=-1000000000000000019884624838656.000
  W=8 : Rmax=8 ; meilleur qoff=-1000000000000000019884624838656.000
  W=9 : Rmax=12 ; meilleur qoff=-1000000000000000019884624838656.000
NULL #328 qoff=-1000000000000000019884624838656.000 (W=-20041995 W2=0)
  W=2 : Rmax=5 ; meilleur qoff=-1000000000000000019884624838656.000
  W=3 : Rmax=11 ; meilleur qoff=-1000000000000000019884624838656.000
  W=4 : Rmax=5 ; meilleur qoff=-1000000000000000019884624838656.000
  W=5 : Rmax=7 ; meilleur qoff=-1000000000000000019884624838656.000
  W=6 : Rmax=28 ; meilleur qoff=-1000000000000000019884624838656.000
  W=7 : Rmax=4 ; meilleur qoff=-1000000000000000019884624838656.000
  W=8 : Rmax=27 ; meilleur qoff=-1000000000000000019884624838656.000
  W=9 : Rmax=8 ; meilleur qoff=-1000000000000000019884624838656.000
NULL #329 qoff=-1000000000000000019884624838656.000 (W=-20041995 W2=0)
  W=2 : Rmax=11 ; meilleur qoff=-1000000000000000019884624838656.000
  W=3 : Rmax=15 ; meilleur qoff=-1000000000000000019884624838656.000
  W=4 : Rmax=10 ; meilleur qoff=-1000000000000000019884624838656.000
  W=5 : Rmax=7 ; meilleur qoff=-1000000000000000019884624838656.000
  W=6 : Rmax=15 ; meilleur qoff=-1000000000000000019884624838656.000
  W=7 : Rmax=7 ; meilleur qoff=-1000000000000000019884624838656.000
  W=8 : Rmax=16 ; meilleur qoff=-1000000000000000019884624838656.000
  W=9 : Rmax=9 ; meilleur qoff=-1000000000000000019884624838656.000
NULL #330 qoff=-1000000000000000019884624838656.000 (W=-20041995 W2=0)
  W=2 : Rmax=10 ; meilleur qoff=-1000000000000000019884624838656.000
  W=3 : Rmax=6 ; meilleur qoff=-1000000000000000019884624838656.000
  W=4 : Rmax=4 ; meilleur qoff=-1000000000000000019884624838656.000
  W=5 : Rmax=5 ; meilleur qoff=-1000000000000000019884624838656.000
  W=6 : Rmax=3 ; meilleur qoff=-1000000000000000019884624838656.000
  W=7 : Rmax=24 ; meilleur qoff=-1000000000000000019884624838656.000
  W=8 : Rmax=18 ; meilleur qoff=-1000000000000000019884624838656.000
  W=9 : Rmax=12 ; meilleur qoff=-1000000000000000019884624838656.000
NULL #331 qoff=-1000000000000000019884624838656.000 (W=-20041995 W2=0)
  W=2 : Rmax=7 ; meilleur qoff=-1000000000000000019884624838656.000
  W=3 : Rmax=7 ; meilleur qoff=-1000000000000000019884624838656.000
  W=4 : Rmax=9 ; meilleur qoff=-1000000000000000019884624838656.000
  W=5 : Rmax=8 ; meilleur qoff=-1000000000000000019884624838656.000
  W=6 : Rmax=10 ; meilleur qoff=-1000000000000000019884624838656.000
  W=7 : Rmax=12 ; meilleur qoff=-1000000000000000019884624838656.000
  W=8 : Rmax=9 ; meilleur qoff=-1000000000000000019884624838656.000
  W=9 : Rmax=8 ; meilleur qoff=-1000000000000000019884624838656.000
NULL #332 qoff=-1000000000000000019884624838656.000 (W=-20041995 W2=0)
  W=2 : Rmax=3 ; meilleur qoff=-1000000000000000019884624838656.000
  W=3 : Rmax=10 ; meilleur qoff=-1000000000000000019884624838656.000
  W=4 : Rmax=2 ; meilleur qoff=-1000000000000000019884624838656.000
  W=5 : Rmax=9 ; meilleur qoff=-1000000000000000019884624838656.000
  W=6 : Rmax=12 ; meilleur qoff=-1000000000000000019884624838656.000
  W=7 : Rmax=6 ; meilleur qoff=-1000000000000000019884624838656.000
  W=8 : Rmax=10 ; meilleur qoff=-1000000000000000019884624838656.000
  W=9 : Rmax=14 ; meilleur qoff=-1000000000000000019884624838656.000
NULL #333 qoff=-1000000000000000019884624838656.000 (W=-20041995 W2=0)
  W=2 : Rmax=11 ; meilleur qoff=-1000000000000000019884624838656.000
  W=3 : Rmax=11 ; meilleur qoff=-1000000000000000019884624838656.000
  W=4 : Rmax=10 ; meilleur qoff=-1000000000000000019884624838656.000
  W=5 : Rmax=7 ; meilleur qoff=-1000000000000000019884624838656.000
  W=6 : Rmax=9 ; meilleur qoff=-1000000000000000019884624838656.000
  W=7 : Rmax=6 ; meilleur qoff=-1000000000000000019884624838656.000
  W=8 : Rmax=13 ; meilleur qoff=-1000000000000000019884624838656.000
  W=9 : Rmax=11 ; meilleur qoff=-1000000000000000019884624838656.000
NULL #334 qoff=-1000000000000000019884624838656.000 (W=-20041995 W2=0)
  W=2 : Rmax=6 ; meilleur qoff=-1000000000000000019884624838656.000
  W=3 : Rmax=7 ; meilleur qoff=-1000000000000000019884624838656.000
  W=4 : Rmax=10 ; meilleur qoff=-1000000000000000019884624838656.000
  W=5 : Rmax=11 ; meilleur qoff=-1000000000000000019884624838656.000
  W=6 : Rmax=6 ; meilleur qoff=-1000000000000000019884624838656.000
  W=7 : Rmax=11 ; meilleur qoff=-1000000000000000019884624838656.000
  W=8 : Rmax=24 ; meilleur qoff=-1000000000000000019884624838656.000
  W=9 : Rmax=8 ; meilleur qoff=-1000000000000000019884624838656.000
NULL #335 qoff=-1000000000000000019884624838656.000 (W=-20041995 W2=0)
  W=2 : Rmax=7 ; meilleur qoff=-1000000000000000019884624838656.000
  W=3 : Rmax=8 ; meilleur qoff=-1000000000000000019884624838656.000
  W=4 : Rmax=6 ; meilleur qoff=-1000000000000000019884624838656.000
  W=5 : Rmax=6 ; meilleur qoff=-1000000000000000019884624838656.000
  W=6 : Rmax=4 ; meilleur qoff=-1000000000000000019884624838656.000
  W=7 : Rmax=13 ; meilleur qoff=-1000000000000000019884624838656.000
  W=8 : Rmax=10 ; meilleur qoff=-1000000000000000019884624838656.000
  W=9 : Rmax=14 ; meilleur qoff=-1000000000000000019884624838656.000
NULL #336 qoff=-1000000000000000019884624838656.000 (W=-20041995 W2=0)
  W=2 : Rmax=5 ; meilleur qoff=-1000000000000000019884624838656.000
  W=3 : Rmax=12 ; meilleur qoff=-1000000000000000019884624838656.000
  W=4 : Rmax=12 ; meilleur qoff=-1000000000000000019884624838656.000
  W=5 : Rmax=18 ; meilleur qoff=-1000000000000000019884624838656.000
  W=6 : Rmax=8 ; meilleur qoff=-1000000000000000019884624838656.000
  W=7 : Rmax=10 ; meilleur qoff=-1000000000000000019884624838656.000
  W=8 : Rmax=11 ; meilleur qoff=-1000000000000000019884624838656.000
  W=9 : Rmax=21 ; meilleur qoff=-1000000000000000019884624838656.000
NULL #337 qoff=-1000000000000000019884624838656.000 (W=-20041995 W2=0)
  W=2 : Rmax=6 ; meilleur qoff=-1000000000000000019884624838656.000
  W=3 : Rmax=5 ; meilleur qoff=-1000000000000000019884624838656.000
  W=4 : Rmax=8 ; meilleur qoff=-1000000000000000019884624838656.000
  W=5 : Rmax=13 ; meilleur qoff=-1000000000000000019884624838656.000
  W=6 : Rmax=17 ; meilleur qoff=-1000000000000000019884624838656.000
  W=7 : Rmax=12 ; meilleur qoff=-1000000000000000019884624838656.000
  W=8 : Rmax=19 ; meilleur qoff=-1000000000000000019884624838656.000
  W=9 : Rmax=14 ; meilleur qoff=-1000000000000000019884624838656.000
NULL #338 qoff=-1000000000000000019884624838656.000 (W=-20041995 W2=0)
  W=2 : Rmax=12 ; meilleur qoff=-1000000000000000019884624838656.000
  W=3 : Rmax=6 ; meilleur qoff=-1000000000000000019884624838656.000
  W=4 : Rmax=9 ; meilleur qoff=-1000000000000000019884624838656.000
  W=5 : Rmax=13 ; meilleur qoff=-1000000000000000019884624838656.000
  W=6 : Rmax=21 ; meilleur qoff=-1000000000000000019884624838656.000
  W=7 : Rmax=11 ; meilleur qoff=-1000000000000000019884624838656.000
  W=8 : Rmax=16 ; meilleur qoff=-1000000000000000019884624838656.000
  W=9 : Rmax=16 ; meilleur qoff=-1000000000000000019884624838656.000
NULL #339 qoff=-1000000000000000019884624838656.000 (W=-20041995 W2=0)
  W=2 : Rmax=7 ; meilleur qoff=-1000000000000000019884624838656.000
  W=3 : Rmax=5 ; meilleur qoff=-1000000000000000019884624838656.000
  W=4 : Rmax=5 ; meilleur qoff=-1000000000000000019884624838656.000
  W=5 : Rmax=7 ; meilleur qoff=-1000000000000000019884624838656.000
  W=6 : Rmax=15 ; meilleur qoff=-1000000000000000019884624838656.000
  W=7 : Rmax=4 ; meilleur qoff=-1000000000000000019884624838656.000
  W=8 : Rmax=13 ; meilleur qoff=-1000000000000000019884624838656.000
  W=9 : Rmax=11 ; meilleur qoff=-1000000000000000019884624838656.000
NULL #340 qoff=-1000000000000000019884624838656.000 (W=-20041995 W2=0)
  W=2 : Rmax=8 ; meilleur qoff=-1000000000000000019884624838656.000
  W=3 : Rmax=7 ; meilleur qoff=-1000000000000000019884624838656.000
  W=4 : Rmax=14 ; meilleur qoff=-1000000000000000019884624838656.000
  W=5 : Rmax=11 ; meilleur qoff=-1000000000000000019884624838656.000
  W=6 : Rmax=13 ; meilleur qoff=-1000000000000000019884624838656.000
  W=7 : Rmax=10 ; meilleur qoff=-1000000000000000019884624838656.000
  W=8 : Rmax=13 ; meilleur qoff=-1000000000000000019884624838656.000
  W=9 : Rmax=20 ; meilleur qoff=-1000000000000000019884624838656.000
NULL #341 qoff=-1000000000000000019884624838656.000 (W=-20041995 W2=0)
  W=2 : Rmax=5 ; meilleur qoff=-1000000000000000019884624838656.000
  W=3 : Rmax=13 ; meilleur qoff=-1000000000000000019884624838656.000
  W=4 : Rmax=11 ; meilleur qoff=-1000000000000000019884624838656.000
  W=5 : Rmax=7 ; meilleur qoff=-1000000000000000019884624838656.000
  W=6 : Rmax=10 ; meilleur qoff=-1000000000000000019884624838656.000
  W=7 : Rmax=6 ; meilleur qoff=-1000000000000000019884624838656.000
  W=8 : Rmax=8 ; meilleur qoff=-1000000000000000019884624838656.000
  W=9 : Rmax=7 ; meilleur qoff=-1000000000000000019884624838656.000
NULL #342 qoff=-1000000000000000019884624838656.000 (W=-20041995 W2=0)
  W=2 : Rmax=11 ; meilleur qoff=-1000000000000000019884624838656.000
  W=3 : Rmax=1 ; meilleur qoff=-1000000000000000019884624838656.000
  W=4 : Rmax=19 ; meilleur qoff=-1000000000000000019884624838656.000
  W=5 : Rmax=21 ; meilleur qoff=-1000000000000000019884624838656.000
  W=6 : Rmax=6 ; meilleur qoff=-1000000000000000019884624838656.000
  W=7 : Rmax=6 ; meilleur qoff=-1000000000000000019884624838656.000
  W=8 : Rmax=22 ; meilleur qoff=-1000000000000000019884624838656.000
  W=9 : Rmax=14 ; meilleur qoff=-1000000000000000019884624838656.000
NULL #343 qoff=-1000000000000000019884624838656.000 (W=-20041995 W2=0)
  W=2 : Rmax=6 ; meilleur qoff=-1000000000000000019884624838656.000
  W=3 : Rmax=9 ; meilleur qoff=-1000000000000000019884624838656.000
  W=4 : Rmax=5 ; meilleur qoff=-1000000000000000019884624838656.000
  W=5 : Rmax=12 ; meilleur qoff=-1000000000000000019884624838656.000
  W=6 : Rmax=14 ; meilleur qoff=-1000000000000000019884624838656.000
  W=7 : Rmax=11 ; meilleur qoff=-1000000000000000019884624838656.000
  W=8 : Rmax=16 ; meilleur qoff=-1000000000000000019884624838656.000
  W=9 : Rmax=20 ; meilleur qoff=-1000000000000000019884624838656.000
NULL #344 qoff=-1000000000000000019884624838656.000 (W=-20041995 W2=0)
  W=2 : Rmax=7 ; meilleur qoff=-1000000000000000019884624838656.000
  W=3 : Rmax=10 ; meilleur qoff=-1000000000000000019884624838656.000
  W=4 : Rmax=7 ; meilleur qoff=-1000000000000000019884624838656.000
  W=5 : Rmax=3 ; meilleur qoff=-1000000000000000019884624838656.000
  W=6 : Rmax=12 ; meilleur qoff=-1000000000000000019884624838656.000
  W=7 : Rmax=8 ; meilleur qoff=-1000000000000000019884624838656.000
  W=8 : Rmax=12 ; meilleur qoff=-1000000000000000019884624838656.000
  W=9 : Rmax=10 ; meilleur qoff=-1000000000000000019884624838656.000
NULL #345 qoff=-1000000000000000019884624838656.000 (W=-20041995 W2=0)
  W=2 : Rmax=11 ; meilleur qoff=-1000000000000000019884624838656.000
  W=3 : Rmax=7 ; meilleur qoff=-1000000000000000019884624838656.000
  W=4 : Rmax=13 ; meilleur qoff=-1000000000000000019884624838656.000
  W=5 : Rmax=13 ; meilleur qoff=-1000000000000000019884624838656.000
  W=6 : Rmax=4 ; meilleur qoff=-1000000000000000019884624838656.000
  W=7 : Rmax=14 ; meilleur qoff=-1000000000000000019884624838656.000
  W=8 : Rmax=21 ; meilleur qoff=-1000000000000000019884624838656.000
  W=9 : Rmax=19 ; meilleur qoff=-1000000000000000019884624838656.000
NULL #346 qoff=-1000000000000000019884624838656.000 (W=-20041995 W2=0)
  W=2 : Rmax=9 ; meilleur qoff=-1000000000000000019884624838656.000
  W=3 : Rmax=7 ; meilleur qoff=-1000000000000000019884624838656.000
  W=4 : Rmax=8 ; meilleur qoff=-1000000000000000019884624838656.000
  W=5 : Rmax=6 ; meilleur qoff=-1000000000000000019884624838656.000
  W=6 : Rmax=7 ; meilleur qoff=-1000000000000000019884624838656.000
  W=7 : Rmax=12 ; meilleur qoff=-1000000000000000019884624838656.000
  W=8 : Rmax=21 ; meilleur qoff=-1000000000000000019884624838656.000
  W=9 : Rmax=13 ; meilleur qoff=-1000000000000000019884624838656.000
NULL #347 qoff=-1000000000000000019884624838656.000 (W=-20041995 W2=0)
  W=2 : Rmax=9 ; meilleur qoff=-1000000000000000019884624838656.000
  W=3 : Rmax=7 ; meilleur qoff=-1000000000000000019884624838656.000
  W=4 : Rmax=11 ; meilleur qoff=-1000000000000000019884624838656.000
  W=5 : Rmax=14 ; meilleur qoff=-1000000000000000019884624838656.000
  W=6 : Rmax=10 ; meilleur qoff=-1000000000000000019884624838656.000
  W=7 : Rmax=10 ; meilleur qoff=-1000000000000000019884624838656.000
  W=8 : Rmax=12 ; meilleur qoff=-1000000000000000019884624838656.000
  W=9 : Rmax=10 ; meilleur qoff=-1000000000000000019884624838656.000
NULL #348 qoff=-1000000000000000019884624838656.000 (W=-20041995 W2=0)
  W=2 : Rmax=12 ; meilleur qoff=-1000000000000000019884624838656.000
  W=3 : Rmax=14 ; meilleur qoff=-1000000000000000019884624838656.000
  W=4 : Rmax=9 ; meilleur qoff=-1000000000000000019884624838656.000
  W=5 : Rmax=6 ; meilleur qoff=-1000000000000000019884624838656.000
  W=6 : Rmax=10 ; meilleur qoff=-1000000000000000019884624838656.000
  W=7 : Rmax=6 ; meilleur qoff=-1000000000000000019884624838656.000
  W=8 : Rmax=19 ; meilleur qoff=-1000000000000000019884624838656.000
  W=9 : Rmax=18 ; meilleur qoff=-1000000000000000019884624838656.000
NULL #349 qoff=-1000000000000000019884624838656.000 (W=-20041995 W2=0)
  W=2 : Rmax=12 ; meilleur qoff=-1000000000000000019884624838656.000
  W=3 : Rmax=5 ; meilleur qoff=-1000000000000000019884624838656.000
  W=4 : Rmax=6 ; meilleur qoff=-1000000000000000019884624838656.000
  W=5 : Rmax=11 ; meilleur qoff=-1000000000000000019884624838656.000
  W=6 : Rmax=6 ; meilleur qoff=-1000000000000000019884624838656.000
  W=7 : Rmax=7 ; meilleur qoff=-1000000000000000019884624838656.000
  W=8 : Rmax=15 ; meilleur qoff=-1000000000000000019884624838656.000
  W=9 : Rmax=6 ; meilleur qoff=-1000000000000000019884624838656.000
NULL #350 qoff=-1000000000000000019884624838656.000 (W=-20041995 W2=0)
  W=2 : Rmax=5 ; meilleur qoff=-1000000000000000019884624838656.000
  W=3 : Rmax=12 ; meilleur qoff=-1000000000000000019884624838656.000
  W=4 : Rmax=5 ; meilleur qoff=-1000000000000000019884624838656.000
  W=5 : Rmax=7 ; meilleur qoff=-1000000000000000019884624838656.000
  W=6 : Rmax=9 ; meilleur qoff=-1000000000000000019884624838656.000
  W=7 : Rmax=7 ; meilleur qoff=-1000000000000000019884624838656.000
  W=8 : Rmax=15 ; meilleur qoff=-1000000000000000019884624838656.000
  W=9 : Rmax=18 ; meilleur qoff=-1000000000000000019884624838656.000
NULL #351 qoff=-1000000000000000019884624838656.000 (W=-20041995 W2=0)
  W=2 : Rmax=7 ; meilleur qoff=-1000000000000000019884624838656.000
  W=3 : Rmax=11 ; meilleur qoff=-1000000000000000019884624838656.000
  W=4 : Rmax=11 ; meilleur qoff=-1000000000000000019884624838656.000
  W=5 : Rmax=16 ; meilleur qoff=-1000000000000000019884624838656.000
  W=6 : Rmax=12 ; meilleur qoff=-1000000000000000019884624838656.000
  W=7 : Rmax=8 ; meilleur qoff=-1000000000000000019884624838656.000
  W=8 : Rmax=12 ; meilleur qoff=-1000000000000000019884624838656.000
  W=9 : Rmax=14 ; meilleur qoff=-1000000000000000019884624838656.000
NULL #352 qoff=-1000000000000000019884624838656.000 (W=-20041995 W2=0)
  W=2 : Rmax=8 ; meilleur qoff=-1000000000000000019884624838656.000
  W=3 : Rmax=6 ; meilleur qoff=-1000000000000000019884624838656.000
  W=4 : Rmax=18 ; meilleur qoff=-1000000000000000019884624838656.000
  W=5 : Rmax=9 ; meilleur qoff=-1000000000000000019884624838656.000
  W=6 : Rmax=12 ; meilleur qoff=-1000000000000000019884624838656.000
  W=7 : Rmax=15 ; meilleur qoff=-1000000000000000019884624838656.000
  W=8 : Rmax=21 ; meilleur qoff=-1000000000000000019884624838656.000
  W=9 : Rmax=19 ; meilleur qoff=-1000000000000000019884624838656.000
NULL #353 qoff=-1000000000000000019884624838656.000 (W=-20041995 W2=0)
  W=2 : Rmax=7 ; meilleur qoff=-1000000000000000019884624838656.000
  W=3 : Rmax=7 ; meilleur qoff=-1000000000000000019884624838656.000
  W=4 : Rmax=10 ; meilleur qoff=-1000000000000000019884624838656.000
  W=5 : Rmax=8 ; meilleur qoff=-1000000000000000019884624838656.000
  W=6 : Rmax=5 ; meilleur qoff=-1000000000000000019884624838656.000
  W=7 : Rmax=8 ; meilleur qoff=-1000000000000000019884624838656.000
  W=8 : Rmax=20 ; meilleur qoff=-1000000000000000019884624838656.000
  W=9 : Rmax=32 ; meilleur qoff=-1000000000000000019884624838656.000
NULL #354 qoff=-1000000000000000019884624838656.000 (W=-20041995 W2=0)
  W=2 : Rmax=7 ; meilleur qoff=-1000000000000000019884624838656.000
  W=3 : Rmax=7 ; meilleur qoff=-1000000000000000019884624838656.000
  W=4 : Rmax=14 ; meilleur qoff=-1000000000000000019884624838656.000
  W=5 : Rmax=15 ; meilleur qoff=-1000000000000000019884624838656.000
  W=6 : Rmax=13 ; meilleur qoff=-1000000000000000019884624838656.000
  W=7 : Rmax=10 ; meilleur qoff=-1000000000000000019884624838656.000
  W=8 : Rmax=7 ; meilleur qoff=-1000000000000000019884624838656.000
  W=9 : Rmax=15 ; meilleur qoff=-1000000000000000019884624838656.000
NULL #355 qoff=-1000000000000000019884624838656.000 (W=-20041995 W2=0)
  W=2 : Rmax=10 ; meilleur qoff=-1000000000000000019884624838656.000
  W=3 : Rmax=3 ; meilleur qoff=-1000000000000000019884624838656.000
  W=4 : Rmax=7 ; meilleur qoff=-1000000000000000019884624838656.000
  W=5 : Rmax=4 ; meilleur qoff=-1000000000000000019884624838656.000
  W=6 : Rmax=7 ; meilleur qoff=-1000000000000000019884624838656.000
  W=7 : Rmax=4 ; meilleur qoff=-1000000000000000019884624838656.000
  W=8 : Rmax=9 ; meilleur qoff=-1000000000000000019884624838656.000
  W=9 : Rmax=15 ; meilleur qoff=-1000000000000000019884624838656.000
NULL #356 qoff=-1000000000000000019884624838656.000 (W=-20041995 W2=0)
  W=2 : Rmax=8 ; meilleur qoff=-1000000000000000019884624838656.000
  W=3 : Rmax=6 ; meilleur qoff=-1000000000000000019884624838656.000
  W=4 : Rmax=7 ; meilleur qoff=-1000000000000000019884624838656.000
  W=5 : Rmax=6 ; meilleur qoff=-1000000000000000019884624838656.000
  W=6 : Rmax=15 ; meilleur qoff=-1000000000000000019884624838656.000
  W=7 : Rmax=6 ; meilleur qoff=-1000000000000000019884624838656.000
  W=8 : Rmax=14 ; meilleur qoff=-1000000000000000019884624838656.000
  W=9 : Rmax=16 ; meilleur qoff=-1000000000000000019884624838656.000
NULL #357 qoff=-1000000000000000019884624838656.000 (W=-20041995 W2=0)
  W=2 : Rmax=8 ; meilleur qoff=-1000000000000000019884624838656.000
  W=3 : Rmax=5 ; meilleur qoff=-1000000000000000019884624838656.000
  W=4 : Rmax=5 ; meilleur qoff=-1000000000000000019884624838656.000
  W=5 : Rmax=11 ; meilleur qoff=-1000000000000000019884624838656.000
  W=6 : Rmax=14 ; meilleur qoff=-1000000000000000019884624838656.000
  W=7 : Rmax=19 ; meilleur qoff=-1000000000000000019884624838656.000
  W=8 : Rmax=12 ; meilleur qoff=-1000000000000000019884624838656.000
  W=9 : Rmax=8 ; meilleur qoff=-1000000000000000019884624838656.000
NULL #358 qoff=-1000000000000000019884624838656.000 (W=-20041995 W2=0)
  W=2 : Rmax=5 ; meilleur qoff=-1000000000000000019884624838656.000
  W=3 : Rmax=8 ; meilleur qoff=-1000000000000000019884624838656.000
  W=4 : Rmax=10 ; meilleur qoff=-1000000000000000019884624838656.000
  W=5 : Rmax=9 ; meilleur qoff=-1000000000000000019884624838656.000
  W=6 : Rmax=12 ; meilleur qoff=-1000000000000000019884624838656.000
  W=7 : Rmax=18 ; meilleur qoff=-1000000000000000019884624838656.000
  W=8 : Rmax=8 ; meilleur qoff=-1000000000000000019884624838656.000
  W=9 : Rmax=17 ; meilleur qoff=-1000000000000000019884624838656.000
NULL #359 qoff=-1000000000000000019884624838656.000 (W=-20041995 W2=0)
  W=2 : Rmax=12 ; meilleur qoff=-1000000000000000019884624838656.000
  W=3 : Rmax=9 ; meilleur qoff=-1000000000000000019884624838656.000
  W=4 : Rmax=11 ; meilleur qoff=-1000000000000000019884624838656.000
  W=5 : Rmax=9 ; meilleur qoff=-1000000000000000019884624838656.000
  W=6 : Rmax=12 ; meilleur qoff=-1000000000000000019884624838656.000
  W=7 : Rmax=23 ; meilleur qoff=-1000000000000000019884624838656.000
  W=8 : Rmax=20 ; meilleur qoff=-1000000000000000019884624838656.000
  W=9 : Rmax=8 ; meilleur qoff=-1000000000000000019884624838656.000
NULL #360 qoff=-1000000000000000019884624838656.000 (W=-20041995 W2=0)
  W=2 : Rmax=6 ; meilleur qoff=-1000000000000000019884624838656.000
  W=3 : Rmax=9 ; meilleur qoff=-1000000000000000019884624838656.000
  W=4 : Rmax=16 ; meilleur qoff=-1000000000000000019884624838656.000
  W=5 : Rmax=7 ; meilleur qoff=-1000000000000000019884624838656.000
  W=6 : Rmax=9 ; meilleur qoff=-1000000000000000019884624838656.000
  W=7 : Rmax=12 ; meilleur qoff=-1000000000000000019884624838656.000
  W=8 : Rmax=14 ; meilleur qoff=-1000000000000000019884624838656.000
  W=9 : Rmax=18 ; meilleur qoff=-1000000000000000019884624838656.000
NULL #361 qoff=-1000000000000000019884624838656.000 (W=-20041995 W2=0)
  W=2 : Rmax=4 ; meilleur qoff=-1000000000000000019884624838656.000
  W=3 : Rmax=5 ; meilleur qoff=-1000000000000000019884624838656.000
  W=4 : Rmax=4 ; meilleur qoff=-1000000000000000019884624838656.000
  W=5 : Rmax=14 ; meilleur qoff=-1000000000000000019884624838656.000
  W=6 : Rmax=7 ; meilleur qoff=-1000000000000000019884624838656.000
  W=7 : Rmax=10 ; meilleur qoff=-1000000000000000019884624838656.000
  W=8 : Rmax=11 ; meilleur qoff=-1000000000000000019884624838656.000
  W=9 : Rmax=9 ; meilleur qoff=-1000000000000000019884624838656.000
NULL #362 qoff=-1000000000000000019884624838656.000 (W=-20041995 W2=0)
  W=2 : Rmax=7 ; meilleur qoff=-1000000000000000019884624838656.000
  W=3 : Rmax=10 ; meilleur qoff=-1000000000000000019884624838656.000
  W=4 : Rmax=6 ; meilleur qoff=-1000000000000000019884624838656.000
  W=5 : Rmax=7 ; meilleur qoff=-1000000000000000019884624838656.000
  W=6 : Rmax=5 ; meilleur qoff=-1000000000000000019884624838656.000
  W=7 : Rmax=19 ; meilleur qoff=-1000000000000000019884624838656.000
  W=8 : Rmax=14 ; meilleur qoff=-1000000000000000019884624838656.000
  W=9 : Rmax=21 ; meilleur qoff=-1000000000000000019884624838656.000
NULL #363 qoff=-1000000000000000019884624838656.000 (W=-20041995 W2=0)
  W=2 : Rmax=10 ; meilleur qoff=-1000000000000000019884624838656.000
  W=3 : Rmax=8 ; meilleur qoff=-1000000000000000019884624838656.000
  W=4 : Rmax=16 ; meilleur qoff=-1000000000000000019884624838656.000
  W=5 : Rmax=16 ; meilleur qoff=-1000000000000000019884624838656.000
  W=6 : Rmax=9 ; meilleur qoff=-1000000000000000019884624838656.000
  W=7 : Rmax=7 ; meilleur qoff=-1000000000000000019884624838656.000
  W=8 : Rmax=17 ; meilleur qoff=-1000000000000000019884624838656.000
  W=9 : Rmax=19 ; meilleur qoff=-1000000000000000019884624838656.000
NULL #364 qoff=-1000000000000000019884624838656.000 (W=-20041995 W2=0)
  W=2 : Rmax=14 ; meilleur qoff=-1000000000000000019884624838656.000
  W=3 : Rmax=12 ; meilleur qoff=-1000000000000000019884624838656.000
  W=4 : Rmax=9 ; meilleur qoff=-1000000000000000019884624838656.000
  W=5 : Rmax=9 ; meilleur qoff=-1000000000000000019884624838656.000
  W=6 : Rmax=9 ; meilleur qoff=-1000000000000000019884624838656.000
  W=7 : Rmax=14 ; meilleur qoff=-1000000000000000019884624838656.000
  W=8 : Rmax=17 ; meilleur qoff=-1000000000000000019884624838656.000
  W=9 : Rmax=14 ; meilleur qoff=-1000000000000000019884624838656.000
NULL #365 qoff=-1000000000000000019884624838656.000 (W=-20041995 W2=0)
  W=2 : Rmax=8 ; meilleur qoff=-1000000000000000019884624838656.000
  W=3 : Rmax=5 ; meilleur qoff=-1000000000000000019884624838656.000
  W=4 : Rmax=3 ; meilleur qoff=-1000000000000000019884624838656.000
  W=5 : Rmax=9 ; meilleur qoff=-1000000000000000019884624838656.000
  W=6 : Rmax=7 ; meilleur qoff=-1000000000000000019884624838656.000
  W=7 : Rmax=12 ; meilleur qoff=-1000000000000000019884624838656.000
  W=8 : Rmax=13 ; meilleur qoff=-1000000000000000019884624838656.000
  W=9 : Rmax=11 ; meilleur qoff=-1000000000000000019884624838656.000
NULL #366 qoff=-1000000000000000019884624838656.000 (W=-20041995 W2=0)
  W=2 : Rmax=11 ; meilleur qoff=-1000000000000000019884624838656.000
  W=3 : Rmax=18 ; meilleur qoff=-1000000000000000019884624838656.000
  W=4 : Rmax=11 ; meilleur qoff=-1000000000000000019884624838656.000
  W=5 : Rmax=20 ; meilleur qoff=-1000000000000000019884624838656.000
  W=6 : Rmax=17 ; meilleur qoff=-1000000000000000019884624838656.000
  W=7 : Rmax=20 ; meilleur qoff=-1000000000000000019884624838656.000
  W=8 : Rmax=10 ; meilleur qoff=-1000000000000000019884624838656.000
  W=9 : Rmax=15 ; meilleur qoff=-1000000000000000019884624838656.000
NULL #367 qoff=-1000000000000000019884624838656.000 (W=-20041995 W2=0)
  W=2 : Rmax=7 ; meilleur qoff=-1000000000000000019884624838656.000
  W=3 : Rmax=8 ; meilleur qoff=-1000000000000000019884624838656.000
  W=4 : Rmax=23 ; meilleur qoff=-1000000000000000019884624838656.000
  W=5 : Rmax=13 ; meilleur qoff=-1000000000000000019884624838656.000
  W=6 : Rmax=11 ; meilleur qoff=-1000000000000000019884624838656.000
  W=7 : Rmax=12 ; meilleur qoff=-1000000000000000019884624838656.000
  W=8 : Rmax=21 ; meilleur qoff=-1000000000000000019884624838656.000
  W=9 : Rmax=19 ; meilleur qoff=-1000000000000000019884624838656.000
NULL #368 qoff=-1000000000000000019884624838656.000 (W=-20041995 W2=0)
  W=2 : Rmax=11 ; meilleur qoff=-1000000000000000019884624838656.000
  W=3 : Rmax=9 ; meilleur qoff=-1000000000000000019884624838656.000
  W=4 : Rmax=4 ; meilleur qoff=-1000000000000000019884624838656.000
  W=5 : Rmax=10 ; meilleur qoff=-1000000000000000019884624838656.000
  W=6 : Rmax=7 ; meilleur qoff=-1000000000000000019884624838656.000
  W=7 : Rmax=9 ; meilleur qoff=-1000000000000000019884624838656.000
  W=8 : Rmax=5 ; meilleur qoff=-1000000000000000019884624838656.000
  W=9 : Rmax=24 ; meilleur qoff=-1000000000000000019884624838656.000
NULL #369 qoff=-1000000000000000019884624838656.000 (W=-20041995 W2=0)
  W=2 : Rmax=10 ; meilleur qoff=-1000000000000000019884624838656.000
  W=3 : Rmax=7 ; meilleur qoff=-1000000000000000019884624838656.000
  W=4 : Rmax=5 ; meilleur qoff=-1000000000000000019884624838656.000
  W=5 : Rmax=7 ; meilleur qoff=-1000000000000000019884624838656.000
  W=6 : Rmax=6 ; meilleur qoff=-1000000000000000019884624838656.000
  W=7 : Rmax=10 ; meilleur qoff=-1000000000000000019884624838656.000
  W=8 : Rmax=11 ; meilleur qoff=-1000000000000000019884624838656.000
  W=9 : Rmax=13 ; meilleur qoff=-1000000000000000019884624838656.000
NULL #370 qoff=-1000000000000000019884624838656.000 (W=-20041995 W2=0)
  W=2 : Rmax=9 ; meilleur qoff=-1000000000000000019884624838656.000
  W=3 : Rmax=6 ; meilleur qoff=-1000000000000000019884624838656.000
  W=4 : Rmax=8 ; meilleur qoff=-1000000000000000019884624838656.000
  W=5 : Rmax=7 ; meilleur qoff=-1000000000000000019884624838656.000
  W=6 : Rmax=16 ; meilleur qoff=-1000000000000000019884624838656.000
  W=7 : Rmax=5 ; meilleur qoff=-1000000000000000019884624838656.000
  W=8 : Rmax=4 ; meilleur qoff=-1000000000000000019884624838656.000
  W=9 : Rmax=23 ; meilleur qoff=-1000000000000000019884624838656.000
NULL #371 qoff=-1000000000000000019884624838656.000 (W=-20041995 W2=0)
  W=2 : Rmax=9 ; meilleur qoff=-1000000000000000019884624838656.000
  W=3 : Rmax=14 ; meilleur qoff=-1000000000000000019884624838656.000
  W=4 : Rmax=7 ; meilleur qoff=-1000000000000000019884624838656.000
  W=5 : Rmax=11 ; meilleur qoff=-1000000000000000019884624838656.000
  W=6 : Rmax=11 ; meilleur qoff=-1000000000000000019884624838656.000
  W=7 : Rmax=8 ; meilleur qoff=-1000000000000000019884624838656.000
  W=8 : Rmax=12 ; meilleur qoff=-1000000000000000019884624838656.000
  W=9 : Rmax=19 ; meilleur qoff=-1000000000000000019884624838656.000
NULL #372 qoff=-1000000000000000019884624838656.000 (W=-20041995 W2=0)
  W=2 : Rmax=3 ; meilleur qoff=-1000000000000000019884624838656.000
  W=3 : Rmax=5 ; meilleur qoff=-1000000000000000019884624838656.000
  W=4 : Rmax=8 ; meilleur qoff=-1000000000000000019884624838656.000
  W=5 : Rmax=16 ; meilleur qoff=-1000000000000000019884624838656.000
  W=6 : Rmax=17 ; meilleur qoff=-1000000000000000019884624838656.000
  W=7 : Rmax=12 ; meilleur qoff=-1000000000000000019884624838656.000
  W=8 : Rmax=7 ; meilleur qoff=-1000000000000000019884624838656.000
  W=9 : Rmax=10 ; meilleur qoff=-1000000000000000019884624838656.000
NULL #373 qoff=-1000000000000000019884624838656.000 (W=-20041995 W2=0)
  W=2 : Rmax=11 ; meilleur qoff=-1000000000000000019884624838656.000
  W=3 : Rmax=10 ; meilleur qoff=-1000000000000000019884624838656.000
  W=4 : Rmax=12 ; meilleur qoff=-1000000000000000019884624838656.000
  W=5 : Rmax=15 ; meilleur qoff=-1000000000000000019884624838656.000
  W=6 : Rmax=10 ; meilleur qoff=-1000000000000000019884624838656.000
  W=7 : Rmax=4 ; meilleur qoff=-1000000000000000019884624838656.000
  W=8 : Rmax=11 ; meilleur qoff=-1000000000000000019884624838656.000
  W=9 : Rmax=18 ; meilleur qoff=-1000000000000000019884624838656.000
NULL #374 qoff=-1000000000000000019884624838656.000 (W=-20041995 W2=0)
  W=2 : Rmax=17 ; meilleur qoff=-1000000000000000019884624838656.000
  W=3 : Rmax=11 ; meilleur qoff=-1000000000000000019884624838656.000
  W=4 : Rmax=12 ; meilleur qoff=-1000000000000000019884624838656.000
  W=5 : Rmax=12 ; meilleur qoff=-1000000000000000019884624838656.000
  W=6 : Rmax=12 ; meilleur qoff=-1000000000000000019884624838656.000
  W=7 : Rmax=8 ; meilleur qoff=-1000000000000000019884624838656.000
  W=8 : Rmax=12 ; meilleur qoff=-1000000000000000019884624838656.000
  W=9 : Rmax=14 ; meilleur qoff=-1000000000000000019884624838656.000
NULL #375 qoff=-1000000000000000019884624838656.000 (W=-20041995 W2=0)
  W=2 : Rmax=4 ; meilleur qoff=-1000000000000000019884624838656.000
  W=3 : Rmax=8 ; meilleur qoff=-1000000000000000019884624838656.000
  W=4 : Rmax=8 ; meilleur qoff=-1000000000000000019884624838656.000
  W=5 : Rmax=4 ; meilleur qoff=-1000000000000000019884624838656.000
  W=6 : Rmax=7 ; meilleur qoff=-1000000000000000019884624838656.000
  W=7 : Rmax=7 ; meilleur qoff=-1000000000000000019884624838656.000
  W=8 : Rmax=16 ; meilleur qoff=-1000000000000000019884624838656.000
  W=9 : Rmax=16 ; meilleur qoff=-1000000000000000019884624838656.000
NULL #376 qoff=-1000000000000000019884624838656.000 (W=-20041995 W2=0)
  W=2 : Rmax=5 ; meilleur qoff=-1000000000000000019884624838656.000
  W=3 : Rmax=6 ; meilleur qoff=-1000000000000000019884624838656.000
  W=4 : Rmax=21 ; meilleur qoff=-1000000000000000019884624838656.000
  W=5 : Rmax=12 ; meilleur qoff=-1000000000000000019884624838656.000
  W=6 : Rmax=15 ; meilleur qoff=-1000000000000000019884624838656.000
  W=7 : Rmax=13 ; meilleur qoff=-1000000000000000019884624838656.000
  W=8 : Rmax=18 ; meilleur qoff=-1000000000000000019884624838656.000
  W=9 : Rmax=10 ; meilleur qoff=-1000000000000000019884624838656.000
NULL #377 qoff=-1000000000000000019884624838656.000 (W=-20041995 W2=0)
  W=2 : Rmax=9 ; meilleur qoff=-1000000000000000019884624838656.000
  W=3 : Rmax=6 ; meilleur qoff=-1000000000000000019884624838656.000
  W=4 : Rmax=10 ; meilleur qoff=-1000000000000000019884624838656.000
  W=5 : Rmax=13 ; meilleur qoff=-1000000000000000019884624838656.000
  W=6 : Rmax=8 ; meilleur qoff=-1000000000000000019884624838656.000
  W=7 : Rmax=9 ; meilleur qoff=-1000000000000000019884624838656.000
  W=8 : Rmax=7 ; meilleur qoff=-1000000000000000019884624838656.000
  W=9 : Rmax=13 ; meilleur qoff=-1000000000000000019884624838656.000
NULL #378 qoff=-1000000000000000019884624838656.000 (W=-20041995 W2=0)
  W=2 : Rmax=8 ; meilleur qoff=-1000000000000000019884624838656.000
  W=3 : Rmax=6 ; meilleur qoff=-1000000000000000019884624838656.000
  W=4 : Rmax=13 ; meilleur qoff=-1000000000000000019884624838656.000
  W=5 : Rmax=5 ; meilleur qoff=-1000000000000000019884624838656.000
  W=6 : Rmax=9 ; meilleur qoff=-1000000000000000019884624838656.000
  W=7 : Rmax=13 ; meilleur qoff=-1000000000000000019884624838656.000
  W=8 : Rmax=11 ; meilleur qoff=-1000000000000000019884624838656.000
  W=9 : Rmax=7 ; meilleur qoff=-1000000000000000019884624838656.000
NULL #379 qoff=-1000000000000000019884624838656.000 (W=-20041995 W2=0)
  W=2 : Rmax=6 ; meilleur qoff=-1000000000000000019884624838656.000
  W=3 : Rmax=6 ; meilleur qoff=-1000000000000000019884624838656.000
  W=4 : Rmax=8 ; meilleur qoff=-1000000000000000019884624838656.000
  W=5 : Rmax=6 ; meilleur qoff=-1000000000000000019884624838656.000
  W=6 : Rmax=18 ; meilleur qoff=-1000000000000000019884624838656.000
  W=7 : Rmax=14 ; meilleur qoff=-1000000000000000019884624838656.000
  W=8 : Rmax=18 ; meilleur qoff=-1000000000000000019884624838656.000
  W=9 : Rmax=23 ; meilleur qoff=-1000000000000000019884624838656.000
NULL #380 qoff=-1000000000000000019884624838656.000 (W=-20041995 W2=0)
  W=2 : Rmax=9 ; meilleur qoff=-1000000000000000019884624838656.000
  W=3 : Rmax=11 ; meilleur qoff=-1000000000000000019884624838656.000
  W=4 : Rmax=6 ; meilleur qoff=-1000000000000000019884624838656.000
  W=5 : Rmax=5 ; meilleur qoff=-1000000000000000019884624838656.000
  W=6 : Rmax=14 ; meilleur qoff=-1000000000000000019884624838656.000
  W=7 : Rmax=11 ; meilleur qoff=-1000000000000000019884624838656.000
  W=8 : Rmax=19 ; meilleur qoff=-1000000000000000019884624838656.000
  W=9 : Rmax=12 ; meilleur qoff=-1000000000000000019884624838656.000
NULL #381 qoff=-1000000000000000019884624838656.000 (W=-20041995 W2=0)
  W=2 : Rmax=3 ; meilleur qoff=-1000000000000000019884624838656.000
  W=3 : Rmax=6 ; meilleur qoff=-1000000000000000019884624838656.000
  W=4 : Rmax=0 ; meilleur qoff=-1000000000000000019884624838656.000
  W=5 : Rmax=11 ; meilleur qoff=-1000000000000000019884624838656.000
  W=6 : Rmax=9 ; meilleur qoff=-1000000000000000019884624838656.000
  W=7 : Rmax=6 ; meilleur qoff=-1000000000000000019884624838656.000
  W=8 : Rmax=8 ; meilleur qoff=-1000000000000000019884624838656.000
  W=9 : Rmax=21 ; meilleur qoff=-1000000000000000019884624838656.000
NULL #382 qoff=-1000000000000000019884624838656.000 (W=-20041995 W2=0)
  W=2 : Rmax=8 ; meilleur qoff=-1000000000000000019884624838656.000
  W=3 : Rmax=12 ; meilleur qoff=-1000000000000000019884624838656.000
  W=4 : Rmax=6 ; meilleur qoff=-1000000000000000019884624838656.000
  W=5 : Rmax=14 ; meilleur qoff=-1000000000000000019884624838656.000
  W=6 : Rmax=7 ; meilleur qoff=-1000000000000000019884624838656.000
  W=7 : Rmax=18 ; meilleur qoff=-1000000000000000019884624838656.000
  W=8 : Rmax=20 ; meilleur qoff=-1000000000000000019884624838656.000
  W=9 : Rmax=7 ; meilleur qoff=-1000000000000000019884624838656.000
NULL #383 qoff=-1000000000000000019884624838656.000 (W=-20041995 W2=0)
  W=2 : Rmax=2 ; meilleur qoff=-1000000000000000019884624838656.000
  W=3 : Rmax=6 ; meilleur qoff=-1000000000000000019884624838656.000
  W=4 : Rmax=5 ; meilleur qoff=-1000000000000000019884624838656.000
  W=5 : Rmax=10 ; meilleur qoff=-1000000000000000019884624838656.000
  W=6 : Rmax=15 ; meilleur qoff=-1000000000000000019884624838656.000
  W=7 : Rmax=12 ; meilleur qoff=-1000000000000000019884624838656.000
  W=8 : Rmax=9 ; meilleur qoff=-1000000000000000019884624838656.000
  W=9 : Rmax=16 ; meilleur qoff=-1000000000000000019884624838656.000
NULL #384 qoff=-1000000000000000019884624838656.000 (W=-20041995 W2=0)
  W=2 : Rmax=5 ; meilleur qoff=-1000000000000000019884624838656.000
  W=3 : Rmax=9 ; meilleur qoff=-1000000000000000019884624838656.000
  W=4 : Rmax=4 ; meilleur qoff=-1000000000000000019884624838656.000
  W=5 : Rmax=11 ; meilleur qoff=-1000000000000000019884624838656.000
  W=6 : Rmax=6 ; meilleur qoff=-1000000000000000019884624838656.000
  W=7 : Rmax=21 ; meilleur qoff=-1000000000000000019884624838656.000
  W=8 : Rmax=18 ; meilleur qoff=-1000000000000000019884624838656.000
  W=9 : Rmax=10 ; meilleur qoff=-1000000000000000019884624838656.000
NULL #385 qoff=-1000000000000000019884624838656.000 (W=-20041995 W2=0)
  W=2 : Rmax=3 ; meilleur qoff=-1000000000000000019884624838656.000
  W=3 : Rmax=12 ; meilleur qoff=-1000000000000000019884624838656.000
  W=4 : Rmax=6 ; meilleur qoff=-1000000000000000019884624838656.000
  W=5 : Rmax=7 ; meilleur qoff=-1000000000000000019884624838656.000
  W=6 : Rmax=22 ; meilleur qoff=-1000000000000000019884624838656.000
  W=7 : Rmax=11 ; meilleur qoff=-1000000000000000019884624838656.000
  W=8 : Rmax=8 ; meilleur qoff=-1000000000000000019884624838656.000
  W=9 : Rmax=14 ; meilleur qoff=-1000000000000000019884624838656.000
NULL #386 qoff=-1000000000000000019884624838656.000 (W=-20041995 W2=0)
  W=2 : Rmax=5 ; meilleur qoff=-1000000000000000019884624838656.000
  W=3 : Rmax=6 ; meilleur qoff=-1000000000000000019884624838656.000
  W=4 : Rmax=7 ; meilleur qoff=-1000000000000000019884624838656.000
  W=5 : Rmax=21 ; meilleur qoff=-1000000000000000019884624838656.000
  W=6 : Rmax=22 ; meilleur qoff=-1000000000000000019884624838656.000
  W=7 : Rmax=18 ; meilleur qoff=-1000000000000000019884624838656.000
  W=8 : Rmax=8 ; meilleur qoff=-1000000000000000019884624838656.000
  W=9 : Rmax=17 ; meilleur qoff=-1000000000000000019884624838656.000
NULL #387 qoff=-1000000000000000019884624838656.000 (W=-20041995 W2=0)
  W=2 : Rmax=6 ; meilleur qoff=-1000000000000000019884624838656.000
  W=3 : Rmax=8 ; meilleur qoff=-1000000000000000019884624838656.000
  W=4 : Rmax=7 ; meilleur qoff=-1000000000000000019884624838656.000
  W=5 : Rmax=17 ; meilleur qoff=-1000000000000000019884624838656.000
  W=6 : Rmax=18 ; meilleur qoff=-1000000000000000019884624838656.000
  W=7 : Rmax=8 ; meilleur qoff=-1000000000000000019884624838656.000
  W=8 : Rmax=19 ; meilleur qoff=-1000000000000000019884624838656.000
  W=9 : Rmax=12 ; meilleur qoff=-1000000000000000019884624838656.000
NULL #388 qoff=-1000000000000000019884624838656.000 (W=-20041995 W2=0)
  W=2 : Rmax=14 ; meilleur qoff=-1000000000000000019884624838656.000
  W=3 : Rmax=5 ; meilleur qoff=-1000000000000000019884624838656.000
  W=4 : Rmax=8 ; meilleur qoff=-1000000000000000019884624838656.000
  W=5 : Rmax=5 ; meilleur qoff=-1000000000000000019884624838656.000
  W=6 : Rmax=10 ; meilleur qoff=-1000000000000000019884624838656.000
  W=7 : Rmax=16 ; meilleur qoff=-1000000000000000019884624838656.000
  W=8 : Rmax=5 ; meilleur qoff=-1000000000000000019884624838656.000
  W=9 : Rmax=16 ; meilleur qoff=-1000000000000000019884624838656.000
NULL #389 qoff=-1000000000000000019884624838656.000 (W=-20041995 W2=0)
  W=2 : Rmax=12 ; meilleur qoff=-1000000000000000019884624838656.000
  W=3 : Rmax=13 ; meilleur qoff=-1000000000000000019884624838656.000
  W=4 : Rmax=7 ; meilleur qoff=-1000000000000000019884624838656.000
  W=5 : Rmax=7 ; meilleur qoff=-1000000000000000019884624838656.000
  W=6 : Rmax=18 ; meilleur qoff=-1000000000000000019884624838656.000
  W=7 : Rmax=8 ; meilleur qoff=-1000000000000000019884624838656.000
  W=8 : Rmax=27 ; meilleur qoff=-1000000000000000019884624838656.000
  W=9 : Rmax=7 ; meilleur qoff=-1000000000000000019884624838656.000
NULL #390 qoff=-1000000000000000019884624838656.000 (W=-20041995 W2=0)
  W=2 : Rmax=7 ; meilleur qoff=-1000000000000000019884624838656.000
  W=3 : Rmax=7 ; meilleur qoff=-1000000000000000019884624838656.000
  W=4 : Rmax=11 ; meilleur qoff=-1000000000000000019884624838656.000
  W=5 : Rmax=14 ; meilleur qoff=-1000000000000000019884624838656.000
  W=6 : Rmax=8 ; meilleur qoff=-1000000000000000019884624838656.000
  W=7 : Rmax=17 ; meilleur qoff=-1000000000000000019884624838656.000
  W=8 : Rmax=22 ; meilleur qoff=-1000000000000000019884624838656.000
  W=9 : Rmax=17 ; meilleur qoff=-1000000000000000019884624838656.000
NULL #391 qoff=-1000000000000000019884624838656.000 (W=-20041995 W2=0)
  W=2 : Rmax=4 ; meilleur qoff=-1000000000000000019884624838656.000
  W=3 : Rmax=17 ; meilleur qoff=-1000000000000000019884624838656.000
  W=4 : Rmax=3 ; meilleur qoff=-1000000000000000019884624838656.000
  W=5 : Rmax=18 ; meilleur qoff=-1000000000000000019884624838656.000
  W=6 : Rmax=7 ; meilleur qoff=-1000000000000000019884624838656.000
  W=7 : Rmax=20 ; meilleur qoff=-1000000000000000019884624838656.000
  W=8 : Rmax=17 ; meilleur qoff=-1000000000000000019884624838656.000
  W=9 : Rmax=6 ; meilleur qoff=-1000000000000000019884624838656.000
NULL #392 qoff=-1000000000000000019884624838656.000 (W=-20041995 W2=0)
  W=2 : Rmax=2 ; meilleur qoff=-1000000000000000019884624838656.000
  W=3 : Rmax=8 ; meilleur qoff=-1000000000000000019884624838656.000
  W=4 : Rmax=5 ; meilleur qoff=-1000000000000000019884624838656.000
  W=5 : Rmax=8 ; meilleur qoff=-1000000000000000019884624838656.000
  W=6 : Rmax=13 ; meilleur qoff=-1000000000000000019884624838656.000
  W=7 : Rmax=7 ; meilleur qoff=-1000000000000000019884624838656.000
  W=8 : Rmax=7 ; meilleur qoff=-1000000000000000019884624838656.000
  W=9 : Rmax=16 ; meilleur qoff=-1000000000000000019884624838656.000
NULL #393 qoff=-1000000000000000019884624838656.000 (W=-20041995 W2=0)
  W=2 : Rmax=7 ; meilleur qoff=-1000000000000000019884624838656.000
  W=3 : Rmax=6 ; meilleur qoff=-1000000000000000019884624838656.000
  W=4 : Rmax=17 ; meilleur qoff=-1000000000000000019884624838656.000
  W=5 : Rmax=17 ; meilleur qoff=-1000000000000000019884624838656.000
  W=6 : Rmax=7 ; meilleur qoff=-1000000000000000019884624838656.000
  W=7 : Rmax=10 ; meilleur qoff=-1000000000000000019884624838656.000
  W=8 : Rmax=16 ; meilleur qoff=-1000000000000000019884624838656.000
  W=9 : Rmax=15 ; meilleur qoff=-1000000000000000019884624838656.000
NULL #394 qoff=-1000000000000000019884624838656.000 (W=-20041995 W2=0)
  W=2 : Rmax=4 ; meilleur qoff=-1000000000000000019884624838656.000
  W=3 : Rmax=6 ; meilleur qoff=-1000000000000000019884624838656.000
  W=4 : Rmax=15 ; meilleur qoff=-1000000000000000019884624838656.000
  W=5 : Rmax=13 ; meilleur qoff=-1000000000000000019884624838656.000
  W=6 : Rmax=13 ; meilleur qoff=-1000000000000000019884624838656.000
  W=7 : Rmax=12 ; meilleur qoff=-1000000000000000019884624838656.000
  W=8 : Rmax=27 ; meilleur qoff=-1000000000000000019884624838656.000
  W=9 : Rmax=12 ; meilleur qoff=-1000000000000000019884624838656.000
NULL #395 qoff=-1000000000000000019884624838656.000 (W=-20041995 W2=0)
  W=2 : Rmax=11 ; meilleur qoff=-1000000000000000019884624838656.000
  W=3 : Rmax=5 ; meilleur qoff=-1000000000000000019884624838656.000
  W=4 : Rmax=10 ; meilleur qoff=-1000000000000000019884624838656.000
  W=5 : Rmax=5 ; meilleur qoff=-1000000000000000019884624838656.000
  W=6 : Rmax=10 ; meilleur qoff=-1000000000000000019884624838656.000
  W=7 : Rmax=23 ; meilleur qoff=-1000000000000000019884624838656.000
  W=8 : Rmax=14 ; meilleur qoff=-1000000000000000019884624838656.000
  W=9 : Rmax=17 ; meilleur qoff=-1000000000000000019884624838656.000
NULL #396 qoff=-1000000000000000019884624838656.000 (W=-20041995 W2=0)
  W=2 : Rmax=8 ; meilleur qoff=-1000000000000000019884624838656.000
  W=3 : Rmax=14 ; meilleur qoff=-1000000000000000019884624838656.000
  W=4 : Rmax=7 ; meilleur qoff=-1000000000000000019884624838656.000
  W=5 : Rmax=9 ; meilleur qoff=-1000000000000000019884624838656.000
  W=6 : Rmax=8 ; meilleur qoff=-1000000000000000019884624838656.000
  W=7 : Rmax=16 ; meilleur qoff=-1000000000000000019884624838656.000
  W=8 : Rmax=7 ; meilleur qoff=-1000000000000000019884624838656.000
  W=9 : Rmax=11 ; meilleur qoff=-1000000000000000019884624838656.000
NULL #397 qoff=-1000000000000000019884624838656.000 (W=-20041995 W2=0)
  W=2 : Rmax=4 ; meilleur qoff=-1000000000000000019884624838656.000
  W=3 : Rmax=4 ; meilleur qoff=-1000000000000000019884624838656.000
  W=4 : Rmax=11 ; meilleur qoff=-1000000000000000019884624838656.000
  W=5 : Rmax=10 ; meilleur qoff=-1000000000000000019884624838656.000
  W=6 : Rmax=5 ; meilleur qoff=-1000000000000000019884624838656.000
  W=7 : Rmax=13 ; meilleur qoff=-1000000000000000019884624838656.000
  W=8 : Rmax=10 ; meilleur qoff=-1000000000000000019884624838656.000
  W=9 : Rmax=17 ; meilleur qoff=-1000000000000000019884624838656.000
NULL #398 qoff=-1000000000000000019884624838656.000 (W=-20041995 W2=0)
  W=2 : Rmax=9 ; meilleur qoff=-1000000000000000019884624838656.000
  W=3 : Rmax=8 ; meilleur qoff=-1000000000000000019884624838656.000
  W=4 : Rmax=6 ; meilleur qoff=-1000000000000000019884624838656.000
  W=5 : Rmax=11 ; meilleur qoff=-1000000000000000019884624838656.000
  W=6 : Rmax=9 ; meilleur qoff=-1000000000000000019884624838656.000
  W=7 : Rmax=12 ; meilleur qoff=-1000000000000000019884624838656.000
  W=8 : Rmax=16 ; meilleur qoff=-1000000000000000019884624838656.000
  W=9 : Rmax=12 ; meilleur qoff=-1000000000000000019884624838656.000
NULL #399 qoff=-1000000000000000019884624838656.000 (W=-20041995 W2=0)
  W=2 : Rmax=9 ; meilleur qoff=-1000000000000000019884624838656.000
  W=3 : Rmax=17 ; meilleur qoff=-1000000000000000019884624838656.000
  W=4 : Rmax=11 ; meilleur qoff=-1000000000000000019884624838656.000
  W=5 : Rmax=4 ; meilleur qoff=-1000000000000000019884624838656.000
  W=6 : Rmax=9 ; meilleur qoff=-1000000000000000019884624838656.000
  W=7 : Rmax=15 ; meilleur qoff=-1000000000000000019884624838656.000
  W=8 : Rmax=10 ; meilleur qoff=-1000000000000000019884624838656.000
  W=9 : Rmax=25 ; meilleur qoff=-1000000000000000019884624838656.000
NULL #400 qoff=-1000000000000000019884624838656.000 (W=-20041995 W2=0)
  W=2 : Rmax=9 ; meilleur qoff=-1000000000000000019884624838656.000
  W=3 : Rmax=18 ; meilleur qoff=-1000000000000000019884624838656.000
  W=4 : Rmax=8 ; meilleur qoff=-1000000000000000019884624838656.000
  W=5 : Rmax=9 ; meilleur qoff=-1000000000000000019884624838656.000
  W=6 : Rmax=13 ; meilleur qoff=-1000000000000000019884624838656.000
  W=7 : Rmax=15 ; meilleur qoff=-1000000000000000019884624838656.000
  W=8 : Rmax=11 ; meilleur qoff=-1000000000000000019884624838656.000
  W=9 : Rmax=10 ; meilleur qoff=-1000000000000000019884624838656.000
NULL #401 qoff=-1000000000000000019884624838656.000 (W=-20041995 W2=0)
  W=2 : Rmax=11 ; meilleur qoff=-1000000000000000019884624838656.000
  W=3 : Rmax=15 ; meilleur qoff=-1000000000000000019884624838656.000
  W=4 : Rmax=10 ; meilleur qoff=-1000000000000000019884624838656.000
  W=5 : Rmax=5 ; meilleur qoff=-1000000000000000019884624838656.000
  W=6 : Rmax=5 ; meilleur qoff=-1000000000000000019884624838656.000
  W=7 : Rmax=10 ; meilleur qoff=-1000000000000000019884624838656.000
  W=8 : Rmax=12 ; meilleur qoff=-1000000000000000019884624838656.000
  W=9 : Rmax=14 ; meilleur qoff=-1000000000000000019884624838656.000
NULL #402 qoff=-1000000000000000019884624838656.000 (W=-20041995 W2=0)
  W=2 : Rmax=8 ; meilleur qoff=-1000000000000000019884624838656.000
  W=3 : Rmax=12 ; meilleur qoff=-1000000000000000019884624838656.000
  W=4 : Rmax=8 ; meilleur qoff=-1000000000000000019884624838656.000
  W=5 : Rmax=7 ; meilleur qoff=-1000000000000000019884624838656.000
  W=6 : Rmax=12 ; meilleur qoff=-1000000000000000019884624838656.000
  W=7 : Rmax=11 ; meilleur qoff=-1000000000000000019884624838656.000
  W=8 : Rmax=10 ; meilleur qoff=-1000000000000000019884624838656.000
  W=9 : Rmax=16 ; meilleur qoff=-1000000000000000019884624838656.000
NULL #403 qoff=-1000000000000000019884624838656.000 (W=-20041995 W2=0)
  W=2 : Rmax=10 ; meilleur qoff=-1000000000000000019884624838656.000
  W=3 : Rmax=8 ; meilleur qoff=-1000000000000000019884624838656.000
  W=4 : Rmax=15 ; meilleur qoff=-1000000000000000019884624838656.000
  W=5 : Rmax=5 ; meilleur qoff=-1000000000000000019884624838656.000
  W=6 : Rmax=19 ; meilleur qoff=-1000000000000000019884624838656.000
  W=7 : Rmax=28 ; meilleur qoff=-1000000000000000019884624838656.000
  W=8 : Rmax=18 ; meilleur qoff=-1000000000000000019884624838656.000
  W=9 : Rmax=16 ; meilleur qoff=-1000000000000000019884624838656.000
NULL #404 qoff=-1000000000000000019884624838656.000 (W=-20041995 W2=0)
  W=2 : Rmax=2 ; meilleur qoff=-1000000000000000019884624838656.000
  W=3 : Rmax=15 ; meilleur qoff=-1000000000000000019884624838656.000
  W=4 : Rmax=8 ; meilleur qoff=-1000000000000000019884624838656.000
  W=5 : Rmax=7 ; meilleur qoff=-1000000000000000019884624838656.000
  W=6 : Rmax=8 ; meilleur qoff=-1000000000000000019884624838656.000
  W=7 : Rmax=11 ; meilleur qoff=-1000000000000000019884624838656.000
  W=8 : Rmax=15 ; meilleur qoff=-1000000000000000019884624838656.000
  W=9 : Rmax=25 ; meilleur qoff=-1000000000000000019884624838656.000
NULL #405 qoff=-1000000000000000019884624838656.000 (W=-20041995 W2=0)
  W=2 : Rmax=7 ; meilleur qoff=-1000000000000000019884624838656.000
  W=3 : Rmax=6 ; meilleur qoff=-1000000000000000019884624838656.000
  W=4 : Rmax=8 ; meilleur qoff=-1000000000000000019884624838656.000
  W=5 : Rmax=12 ; meilleur qoff=-1000000000000000019884624838656.000
  W=6 : Rmax=3 ; meilleur qoff=-1000000000000000019884624838656.000
  W=7 : Rmax=7 ; meilleur qoff=-1000000000000000019884624838656.000
  W=8 : Rmax=16 ; meilleur qoff=-1000000000000000019884624838656.000
  W=9 : Rmax=18 ; meilleur qoff=-1000000000000000019884624838656.000
NULL #406 qoff=-1000000000000000019884624838656.000 (W=-20041995 W2=0)
  W=2 : Rmax=5 ; meilleur qoff=-1000000000000000019884624838656.000
  W=3 : Rmax=11 ; meilleur qoff=-1000000000000000019884624838656.000
  W=4 : Rmax=8 ; meilleur qoff=-1000000000000000019884624838656.000
  W=5 : Rmax=7 ; meilleur qoff=-1000000000000000019884624838656.000
  W=6 : Rmax=9 ; meilleur qoff=-1000000000000000019884624838656.000
  W=7 : Rmax=10 ; meilleur qoff=-1000000000000000019884624838656.000
  W=8 : Rmax=13 ; meilleur qoff=-1000000000000000019884624838656.000
  W=9 : Rmax=27 ; meilleur qoff=-1000000000000000019884624838656.000
NULL #407 qoff=-1000000000000000019884624838656.000 (W=-20041995 W2=0)
  W=2 : Rmax=7 ; meilleur qoff=-1000000000000000019884624838656.000
  W=3 : Rmax=4 ; meilleur qoff=-1000000000000000019884624838656.000
  W=4 : Rmax=5 ; meilleur qoff=-1000000000000000019884624838656.000
  W=5 : Rmax=15 ; meilleur qoff=-1000000000000000019884624838656.000
  W=6 : Rmax=8 ; meilleur qoff=-1000000000000000019884624838656.000
  W=7 : Rmax=8 ; meilleur qoff=-1000000000000000019884624838656.000
  W=8 : Rmax=12 ; meilleur qoff=-1000000000000000019884624838656.000
  W=9 : Rmax=14 ; meilleur qoff=-1000000000000000019884624838656.000
NULL #408 qoff=-1000000000000000019884624838656.000 (W=-20041995 W2=0)
  W=2 : Rmax=11 ; meilleur qoff=-1000000000000000019884624838656.000
  W=3 : Rmax=7 ; meilleur qoff=-1000000000000000019884624838656.000
  W=4 : Rmax=17 ; meilleur qoff=-1000000000000000019884624838656.000
  W=5 : Rmax=10 ; meilleur qoff=-1000000000000000019884624838656.000
  W=6 : Rmax=17 ; meilleur qoff=-1000000000000000019884624838656.000
  W=7 : Rmax=16 ; meilleur qoff=-1000000000000000019884624838656.000
  W=8 : Rmax=17 ; meilleur qoff=-1000000000000000019884624838656.000
  W=9 : Rmax=22 ; meilleur qoff=-1000000000000000019884624838656.000
NULL #409 qoff=-1000000000000000019884624838656.000 (W=-20041995 W2=0)
  W=2 : Rmax=5 ; meilleur qoff=-1000000000000000019884624838656.000
  W=3 : Rmax=8 ; meilleur qoff=-1000000000000000019884624838656.000
  W=4 : Rmax=14 ; meilleur qoff=-1000000000000000019884624838656.000
  W=5 : Rmax=8 ; meilleur qoff=-1000000000000000019884624838656.000
  W=6 : Rmax=11 ; meilleur qoff=-1000000000000000019884624838656.000
  W=7 : Rmax=7 ; meilleur qoff=-1000000000000000019884624838656.000
  W=8 : Rmax=10 ; meilleur qoff=-1000000000000000019884624838656.000
  W=9 : Rmax=11 ; meilleur qoff=-1000000000000000019884624838656.000
NULL #410 qoff=-1000000000000000019884624838656.000 (W=-20041995 W2=0)
  W=2 : Rmax=13 ; meilleur qoff=-1000000000000000019884624838656.000
  W=3 : Rmax=5 ; meilleur qoff=-1000000000000000019884624838656.000
  W=4 : Rmax=13 ; meilleur qoff=-1000000000000000019884624838656.000
  W=5 : Rmax=9 ; meilleur qoff=-1000000000000000019884624838656.000
  W=6 : Rmax=9 ; meilleur qoff=-1000000000000000019884624838656.000
  W=7 : Rmax=10 ; meilleur qoff=-1000000000000000019884624838656.000
  W=8 : Rmax=8 ; meilleur qoff=-1000000000000000019884624838656.000
  W=9 : Rmax=14 ; meilleur qoff=-1000000000000000019884624838656.000
NULL #411 qoff=-1000000000000000019884624838656.000 (W=-20041995 W2=0)
  W=2 : Rmax=3 ; meilleur qoff=-1000000000000000019884624838656.000
  W=3 : Rmax=11 ; meilleur qoff=-1000000000000000019884624838656.000
  W=4 : Rmax=2 ; meilleur qoff=-1000000000000000019884624838656.000
  W=5 : Rmax=15 ; meilleur qoff=-1000000000000000019884624838656.000
  W=6 : Rmax=7 ; meilleur qoff=-1000000000000000019884624838656.000
  W=7 : Rmax=10 ; meilleur qoff=-1000000000000000019884624838656.000
  W=8 : Rmax=24 ; meilleur qoff=-1000000000000000019884624838656.000
  W=9 : Rmax=12 ; meilleur qoff=-1000000000000000019884624838656.000
NULL #412 qoff=-1000000000000000019884624838656.000 (W=-20041995 W2=0)
  W=2 : Rmax=3 ; meilleur qoff=-1000000000000000019884624838656.000
  W=3 : Rmax=7 ; meilleur qoff=-1000000000000000019884624838656.000
  W=4 : Rmax=5 ; meilleur qoff=-1000000000000000019884624838656.000
  W=5 : Rmax=9 ; meilleur qoff=-1000000000000000019884624838656.000
  W=6 : Rmax=13 ; meilleur qoff=-1000000000000000019884624838656.000
  W=7 : Rmax=8 ; meilleur qoff=-1000000000000000019884624838656.000
  W=8 : Rmax=14 ; meilleur qoff=-1000000000000000019884624838656.000
  W=9 : Rmax=4 ; meilleur qoff=-1000000000000000019884624838656.000
NULL #413 qoff=-1000000000000000019884624838656.000 (W=-20041995 W2=0)
  W=2 : Rmax=7 ; meilleur qoff=-1000000000000000019884624838656.000
  W=3 : Rmax=11 ; meilleur qoff=-1000000000000000019884624838656.000
  W=4 : Rmax=3 ; meilleur qoff=-1000000000000000019884624838656.000
  W=5 : Rmax=6 ; meilleur qoff=-1000000000000000019884624838656.000
  W=6 : Rmax=22 ; meilleur qoff=-1000000000000000019884624838656.000
  W=7 : Rmax=22 ; meilleur qoff=-1000000000000000019884624838656.000
  W=8 : Rmax=8 ; meilleur qoff=-1000000000000000019884624838656.000
  W=9 : Rmax=9 ; meilleur qoff=-1000000000000000019884624838656.000
NULL #414 qoff=-1000000000000000019884624838656.000 (W=-20041995 W2=0)
  W=2 : Rmax=7 ; meilleur qoff=-1000000000000000019884624838656.000
  W=3 : Rmax=14 ; meilleur qoff=-1000000000000000019884624838656.000
  W=4 : Rmax=8 ; meilleur qoff=-1000000000000000019884624838656.000
  W=5 : Rmax=12 ; meilleur qoff=-1000000000000000019884624838656.000
  W=6 : Rmax=9 ; meilleur qoff=-1000000000000000019884624838656.000
  W=7 : Rmax=11 ; meilleur qoff=-1000000000000000019884624838656.000
  W=8 : Rmax=14 ; meilleur qoff=-1000000000000000019884624838656.000
  W=9 : Rmax=13 ; meilleur qoff=-1000000000000000019884624838656.000
NULL #415 qoff=-1000000000000000019884624838656.000 (W=-20041995 W2=0)
  W=2 : Rmax=5 ; meilleur qoff=-1000000000000000019884624838656.000
  W=3 : Rmax=9 ; meilleur qoff=-1000000000000000019884624838656.000
  W=4 : Rmax=7 ; meilleur qoff=-1000000000000000019884624838656.000
  W=5 : Rmax=8 ; meilleur qoff=-1000000000000000019884624838656.000
  W=6 : Rmax=10 ; meilleur qoff=-1000000000000000019884624838656.000
  W=7 : Rmax=10 ; meilleur qoff=-1000000000000000019884624838656.000
  W=8 : Rmax=10 ; meilleur qoff=-1000000000000000019884624838656.000
  W=9 : Rmax=16 ; meilleur qoff=-1000000000000000019884624838656.000
NULL #416 qoff=-1000000000000000019884624838656.000 (W=-20041995 W2=0)
  W=2 : Rmax=7 ; meilleur qoff=-1000000000000000019884624838656.000
  W=3 : Rmax=9 ; meilleur qoff=-1000000000000000019884624838656.000
  W=4 : Rmax=6 ; meilleur qoff=-1000000000000000019884624838656.000
  W=5 : Rmax=19 ; meilleur qoff=-1000000000000000019884624838656.000
  W=6 : Rmax=13 ; meilleur qoff=-1000000000000000019884624838656.000
  W=7 : Rmax=14 ; meilleur qoff=-1000000000000000019884624838656.000
  W=8 : Rmax=19 ; meilleur qoff=-1000000000000000019884624838656.000
  W=9 : Rmax=11 ; meilleur qoff=-1000000000000000019884624838656.000
NULL #417 qoff=-1000000000000000019884624838656.000 (W=-20041995 W2=0)
  W=2 : Rmax=7 ; meilleur qoff=-1000000000000000019884624838656.000
  W=3 : Rmax=9 ; meilleur qoff=-1000000000000000019884624838656.000
  W=4 : Rmax=11 ; meilleur qoff=-1000000000000000019884624838656.000
  W=5 : Rmax=12 ; meilleur qoff=-1000000000000000019884624838656.000
  W=6 : Rmax=22 ; meilleur qoff=-1000000000000000019884624838656.000
  W=7 : Rmax=4 ; meilleur qoff=-1000000000000000019884624838656.000
  W=8 : Rmax=12 ; meilleur qoff=-1000000000000000019884624838656.000
  W=9 : Rmax=20 ; meilleur qoff=-1000000000000000019884624838656.000
NULL #418 qoff=-1000000000000000019884624838656.000 (W=-20041995 W2=0)
  W=2 : Rmax=4 ; meilleur qoff=-1000000000000000019884624838656.000
  W=3 : Rmax=4 ; meilleur qoff=-1000000000000000019884624838656.000
  W=4 : Rmax=6 ; meilleur qoff=-1000000000000000019884624838656.000
  W=5 : Rmax=14 ; meilleur qoff=-1000000000000000019884624838656.000
  W=6 : Rmax=9 ; meilleur qoff=-1000000000000000019884624838656.000
  W=7 : Rmax=15 ; meilleur qoff=-1000000000000000019884624838656.000
  W=8 : Rmax=17 ; meilleur qoff=-1000000000000000019884624838656.000
  W=9 : Rmax=15 ; meilleur qoff=-1000000000000000019884624838656.000
NULL #419 qoff=-1000000000000000019884624838656.000 (W=-20041995 W2=0)
  W=2 : Rmax=3 ; meilleur qoff=-1000000000000000019884624838656.000
  W=3 : Rmax=1 ; meilleur qoff=-1000000000000000019884624838656.000
  W=4 : Rmax=4 ; meilleur qoff=-1000000000000000019884624838656.000
  W=5 : Rmax=9 ; meilleur qoff=-1000000000000000019884624838656.000
  W=6 : Rmax=8 ; meilleur qoff=-1000000000000000019884624838656.000
  W=7 : Rmax=10 ; meilleur qoff=-1000000000000000019884624838656.000
  W=8 : Rmax=12 ; meilleur qoff=-1000000000000000019884624838656.000
  W=9 : Rmax=11 ; meilleur qoff=-1000000000000000019884624838656.000
NULL #420 qoff=-1000000000000000019884624838656.000 (W=-20041995 W2=0)
  W=2 : Rmax=7 ; meilleur qoff=-1000000000000000019884624838656.000
  W=3 : Rmax=7 ; meilleur qoff=-1000000000000000019884624838656.000
  W=4 : Rmax=16 ; meilleur qoff=-1000000000000000019884624838656.000
  W=5 : Rmax=7 ; meilleur qoff=-1000000000000000019884624838656.000
  W=6 : Rmax=7 ; meilleur qoff=-1000000000000000019884624838656.000
  W=7 : Rmax=12 ; meilleur qoff=-1000000000000000019884624838656.000
  W=8 : Rmax=9 ; meilleur qoff=-1000000000000000019884624838656.000
  W=9 : Rmax=9 ; meilleur qoff=-1000000000000000019884624838656.000
NULL #421 qoff=-1000000000000000019884624838656.000 (W=-20041995 W2=0)
  W=2 : Rmax=2 ; meilleur qoff=-1000000000000000019884624838656.000
  W=3 : Rmax=12 ; meilleur qoff=-1000000000000000019884624838656.000
  W=4 : Rmax=11 ; meilleur qoff=-1000000000000000019884624838656.000
  W=5 : Rmax=9 ; meilleur qoff=-1000000000000000019884624838656.000
  W=6 : Rmax=13 ; meilleur qoff=-1000000000000000019884624838656.000
  W=7 : Rmax=10 ; meilleur qoff=-1000000000000000019884624838656.000
  W=8 : Rmax=11 ; meilleur qoff=-1000000000000000019884624838656.000
  W=9 : Rmax=14 ; meilleur qoff=-1000000000000000019884624838656.000
NULL #422 qoff=-1000000000000000019884624838656.000 (W=-20041995 W2=0)
  W=2 : Rmax=12 ; meilleur qoff=-1000000000000000019884624838656.000
  W=3 : Rmax=8 ; meilleur qoff=-1000000000000000019884624838656.000
  W=4 : Rmax=4 ; meilleur qoff=-1000000000000000019884624838656.000
  W=5 : Rmax=26 ; meilleur qoff=-1000000000000000019884624838656.000
  W=6 : Rmax=12 ; meilleur qoff=-1000000000000000019884624838656.000
  W=7 : Rmax=7 ; meilleur qoff=-1000000000000000019884624838656.000
  W=8 : Rmax=11 ; meilleur qoff=-1000000000000000019884624838656.000
  W=9 : Rmax=16 ; meilleur qoff=-1000000000000000019884624838656.000
NULL #423 qoff=-1000000000000000019884624838656.000 (W=-20041995 W2=0)
  W=2 : Rmax=3 ; meilleur qoff=-1000000000000000019884624838656.000
  W=3 : Rmax=11 ; meilleur qoff=-1000000000000000019884624838656.000
  W=4 : Rmax=10 ; meilleur qoff=-1000000000000000019884624838656.000
  W=5 : Rmax=17 ; meilleur qoff=-1000000000000000019884624838656.000
  W=6 : Rmax=5 ; meilleur qoff=-1000000000000000019884624838656.000
  W=7 : Rmax=10 ; meilleur qoff=-1000000000000000019884624838656.000
  W=8 : Rmax=10 ; meilleur qoff=-1000000000000000019884624838656.000
  W=9 : Rmax=16 ; meilleur qoff=-1000000000000000019884624838656.000
NULL #424 qoff=-1000000000000000019884624838656.000 (W=-20041995 W2=0)
  W=2 : Rmax=6 ; meilleur qoff=-1000000000000000019884624838656.000
  W=3 : Rmax=7 ; meilleur qoff=-1000000000000000019884624838656.000
  W=4 : Rmax=18 ; meilleur qoff=-1000000000000000019884624838656.000
  W=5 : Rmax=5 ; meilleur qoff=-1000000000000000019884624838656.000
  W=6 : Rmax=11 ; meilleur qoff=-1000000000000000019884624838656.000
  W=7 : Rmax=16 ; meilleur qoff=-1000000000000000019884624838656.000
  W=8 : Rmax=14 ; meilleur qoff=-1000000000000000019884624838656.000
  W=9 : Rmax=12 ; meilleur qoff=-1000000000000000019884624838656.000
NULL #425 qoff=-1000000000000000019884624838656.000 (W=-20041995 W2=0)
  W=2 : Rmax=8 ; meilleur qoff=-1000000000000000019884624838656.000
  W=3 : Rmax=12 ; meilleur qoff=-1000000000000000019884624838656.000
  W=4 : Rmax=22 ; meilleur qoff=-1000000000000000019884624838656.000
  W=5 : Rmax=8 ; meilleur qoff=-1000000000000000019884624838656.000
  W=6 : Rmax=11 ; meilleur qoff=-1000000000000000019884624838656.000
  W=7 : Rmax=14 ; meilleur qoff=-1000000000000000019884624838656.000
  W=8 : Rmax=9 ; meilleur qoff=-1000000000000000019884624838656.000
  W=9 : Rmax=11 ; meilleur qoff=-1000000000000000019884624838656.000
NULL #426 qoff=-1000000000000000019884624838656.000 (W=-20041995 W2=0)
  W=2 : Rmax=15 ; meilleur qoff=-1000000000000000019884624838656.000
  W=3 : Rmax=7 ; meilleur qoff=-1000000000000000019884624838656.000
  W=4 : Rmax=17 ; meilleur qoff=-1000000000000000019884624838656.000
  W=5 : Rmax=10 ; meilleur qoff=-1000000000000000019884624838656.000
  W=6 : Rmax=9 ; meilleur qoff=-1000000000000000019884624838656.000
  W=7 : Rmax=11 ; meilleur qoff=-1000000000000000019884624838656.000
  W=8 : Rmax=16 ; meilleur qoff=-1000000000000000019884624838656.000
  W=9 : Rmax=16 ; meilleur qoff=-1000000000000000019884624838656.000
NULL #427 qoff=-1000000000000000019884624838656.000 (W=-20041995 W2=0)
  W=2 : Rmax=17 ; meilleur qoff=-1000000000000000019884624838656.000
  W=3 : Rmax=7 ; meilleur qoff=-1000000000000000019884624838656.000
  W=4 : Rmax=7 ; meilleur qoff=-1000000000000000019884624838656.000
  W=5 : Rmax=7 ; meilleur qoff=-1000000000000000019884624838656.000
  W=6 : Rmax=18 ; meilleur qoff=-1000000000000000019884624838656.000
  W=7 : Rmax=11 ; meilleur qoff=-1000000000000000019884624838656.000
  W=8 : Rmax=26 ; meilleur qoff=-1000000000000000019884624838656.000
  W=9 : Rmax=26 ; meilleur qoff=-1000000000000000019884624838656.000
NULL #428 qoff=-1000000000000000019884624838656.000 (W=-20041995 W2=0)
  W=2 : Rmax=13 ; meilleur qoff=-1000000000000000019884624838656.000
  W=3 : Rmax=5 ; meilleur qoff=-1000000000000000019884624838656.000
  W=4 : Rmax=8 ; meilleur qoff=-1000000000000000019884624838656.000
  W=5 : Rmax=5 ; meilleur qoff=-1000000000000000019884624838656.000
  W=6 : Rmax=6 ; meilleur qoff=-1000000000000000019884624838656.000
  W=7 : Rmax=9 ; meilleur qoff=-1000000000000000019884624838656.000
  W=8 : Rmax=8 ; meilleur qoff=-1000000000000000019884624838656.000
  W=9 : Rmax=10 ; meilleur qoff=-1000000000000000019884624838656.000
NULL #429 qoff=-1000000000000000019884624838656.000 (W=-20041995 W2=0)
  W=2 : Rmax=5 ; meilleur qoff=-1000000000000000019884624838656.000
  W=3 : Rmax=8 ; meilleur qoff=-1000000000000000019884624838656.000
  W=4 : Rmax=6 ; meilleur qoff=-1000000000000000019884624838656.000
  W=5 : Rmax=8 ; meilleur qoff=-1000000000000000019884624838656.000
  W=6 : Rmax=6 ; meilleur qoff=-1000000000000000019884624838656.000
  W=7 : Rmax=12 ; meilleur qoff=-1000000000000000019884624838656.000
  W=8 : Rmax=14 ; meilleur qoff=-1000000000000000019884624838656.000
  W=9 : Rmax=26 ; meilleur qoff=-1000000000000000019884624838656.000
NULL #430 qoff=-1000000000000000019884624838656.000 (W=-20041995 W2=0)
  W=2 : Rmax=12 ; meilleur qoff=-1000000000000000019884624838656.000
  W=3 : Rmax=14 ; meilleur qoff=-1000000000000000019884624838656.000
  W=4 : Rmax=6 ; meilleur qoff=-1000000000000000019884624838656.000
  W=5 : Rmax=7 ; meilleur qoff=-1000000000000000019884624838656.000
  W=6 : Rmax=11 ; meilleur qoff=-1000000000000000019884624838656.000
  W=7 : Rmax=20 ; meilleur qoff=-1000000000000000019884624838656.000
  W=8 : Rmax=8 ; meilleur qoff=-1000000000000000019884624838656.000
  W=9 : Rmax=9 ; meilleur qoff=-1000000000000000019884624838656.000
NULL #431 qoff=-1000000000000000019884624838656.000 (W=-20041995 W2=0)
  W=2 : Rmax=7 ; meilleur qoff=-1000000000000000019884624838656.000
  W=3 : Rmax=5 ; meilleur qoff=-1000000000000000019884624838656.000
  W=4 : Rmax=13 ; meilleur qoff=-1000000000000000019884624838656.000
  W=5 : Rmax=9 ; meilleur qoff=-1000000000000000019884624838656.000
  W=6 : Rmax=8 ; meilleur qoff=-1000000000000000019884624838656.000
  W=7 : Rmax=12 ; meilleur qoff=-1000000000000000019884624838656.000
  W=8 : Rmax=7 ; meilleur qoff=-1000000000000000019884624838656.000
  W=9 : Rmax=17 ; meilleur qoff=-1000000000000000019884624838656.000
NULL #432 qoff=-1000000000000000019884624838656.000 (W=-20041995 W2=0)
  W=2 : Rmax=5 ; meilleur qoff=-1000000000000000019884624838656.000
  W=3 : Rmax=6 ; meilleur qoff=-1000000000000000019884624838656.000
  W=4 : Rmax=10 ; meilleur qoff=-1000000000000000019884624838656.000
  W=5 : Rmax=10 ; meilleur qoff=-1000000000000000019884624838656.000
  W=6 : Rmax=7 ; meilleur qoff=-1000000000000000019884624838656.000
  W=7 : Rmax=12 ; meilleur qoff=-1000000000000000019884624838656.000
  W=8 : Rmax=18 ; meilleur qoff=-1000000000000000019884624838656.000
  W=9 : Rmax=12 ; meilleur qoff=-1000000000000000019884624838656.000
NULL #433 qoff=-1000000000000000019884624838656.000 (W=-20041995 W2=0)
  W=2 : Rmax=8 ; meilleur qoff=-1000000000000000019884624838656.000
  W=3 : Rmax=3 ; meilleur qoff=-1000000000000000019884624838656.000
  W=4 : Rmax=5 ; meilleur qoff=-1000000000000000019884624838656.000
  W=5 : Rmax=18 ; meilleur qoff=-1000000000000000019884624838656.000
  W=6 : Rmax=9 ; meilleur qoff=-1000000000000000019884624838656.000
  W=7 : Rmax=26 ; meilleur qoff=-1000000000000000019884624838656.000
  W=8 : Rmax=8 ; meilleur qoff=-1000000000000000019884624838656.000
  W=9 : Rmax=17 ; meilleur qoff=-1000000000000000019884624838656.000
NULL #434 qoff=-1000000000000000019884624838656.000 (W=-20041995 W2=0)
  W=2 : Rmax=5 ; meilleur qoff=-1000000000000000019884624838656.000
  W=3 : Rmax=12 ; meilleur qoff=-1000000000000000019884624838656.000
  W=4 : Rmax=2 ; meilleur qoff=-1000000000000000019884624838656.000
  W=5 : Rmax=2 ; meilleur qoff=-1000000000000000019884624838656.000
  W=6 : Rmax=10 ; meilleur qoff=-1000000000000000019884624838656.000
  W=7 : Rmax=17 ; meilleur qoff=-1000000000000000019884624838656.000
  W=8 : Rmax=23 ; meilleur qoff=-1000000000000000019884624838656.000
  W=9 : Rmax=21 ; meilleur qoff=-1000000000000000019884624838656.000
NULL #435 qoff=-1000000000000000019884624838656.000 (W=-20041995 W2=0)
  W=2 : Rmax=7 ; meilleur qoff=-1000000000000000019884624838656.000
  W=3 : Rmax=9 ; meilleur qoff=-1000000000000000019884624838656.000
  W=4 : Rmax=5 ; meilleur qoff=-1000000000000000019884624838656.000
  W=5 : Rmax=11 ; meilleur qoff=-1000000000000000019884624838656.000
  W=6 : Rmax=13 ; meilleur qoff=-1000000000000000019884624838656.000
  W=7 : Rmax=19 ; meilleur qoff=-1000000000000000019884624838656.000
  W=8 : Rmax=9 ; meilleur qoff=-1000000000000000019884624838656.000
  W=9 : Rmax=5 ; meilleur qoff=-1000000000000000019884624838656.000
NULL #436 qoff=-1000000000000000019884624838656.000 (W=-20041995 W2=0)
  W=2 : Rmax=4 ; meilleur qoff=-1000000000000000019884624838656.000
  W=3 : Rmax=22 ; meilleur qoff=-1000000000000000019884624838656.000
  W=4 : Rmax=10 ; meilleur qoff=-1000000000000000019884624838656.000
  W=5 : Rmax=17 ; meilleur qoff=-1000000000000000019884624838656.000
  W=6 : Rmax=12 ; meilleur qoff=-1000000000000000019884624838656.000
  W=7 : Rmax=8 ; meilleur qoff=-1000000000000000019884624838656.000
  W=8 : Rmax=10 ; meilleur qoff=-1000000000000000019884624838656.000
  W=9 : Rmax=12 ; meilleur qoff=-1000000000000000019884624838656.000
NULL #437 qoff=-1000000000000000019884624838656.000 (W=-20041995 W2=0)
  W=2 : Rmax=8 ; meilleur qoff=-1000000000000000019884624838656.000
  W=3 : Rmax=11 ; meilleur qoff=-1000000000000000019884624838656.000
  W=4 : Rmax=9 ; meilleur qoff=-1000000000000000019884624838656.000
  W=5 : Rmax=9 ; meilleur qoff=-1000000000000000019884624838656.000
  W=6 : Rmax=15 ; meilleur qoff=-1000000000000000019884624838656.000
  W=7 : Rmax=9 ; meilleur qoff=-1000000000000000019884624838656.000
  W=8 : Rmax=20 ; meilleur qoff=-1000000000000000019884624838656.000
  W=9 : Rmax=10 ; meilleur qoff=-1000000000000000019884624838656.000
NULL #438 qoff=-1000000000000000019884624838656.000 (W=-20041995 W2=0)
  W=2 : Rmax=6 ; meilleur qoff=-1000000000000000019884624838656.000
  W=3 : Rmax=7 ; meilleur qoff=-1000000000000000019884624838656.000
  W=4 : Rmax=4 ; meilleur qoff=-1000000000000000019884624838656.000
  W=5 : Rmax=8 ; meilleur qoff=-1000000000000000019884624838656.000
  W=6 : Rmax=9 ; meilleur qoff=-1000000000000000019884624838656.000
  W=7 : Rmax=24 ; meilleur qoff=-1000000000000000019884624838656.000
  W=8 : Rmax=13 ; meilleur qoff=-1000000000000000019884624838656.000
  W=9 : Rmax=9 ; meilleur qoff=-1000000000000000019884624838656.000
NULL #439 qoff=-1000000000000000019884624838656.000 (W=-20041995 W2=0)
  W=2 : Rmax=21 ; meilleur qoff=-1000000000000000019884624838656.000
  W=3 : Rmax=7 ; meilleur qoff=-1000000000000000019884624838656.000
  W=4 : Rmax=9 ; meilleur qoff=-1000000000000000019884624838656.000
  W=5 : Rmax=9 ; meilleur qoff=-1000000000000000019884624838656.000
  W=6 : Rmax=17 ; meilleur qoff=-1000000000000000019884624838656.000
  W=7 : Rmax=11 ; meilleur qoff=-1000000000000000019884624838656.000
  W=8 : Rmax=10 ; meilleur qoff=-1000000000000000019884624838656.000
  W=9 : Rmax=16 ; meilleur qoff=-1000000000000000019884624838656.000
NULL #440 qoff=-1000000000000000019884624838656.000 (W=-20041995 W2=0)
  W=2 : Rmax=13 ; meilleur qoff=-1000000000000000019884624838656.000
  W=3 : Rmax=7 ; meilleur qoff=-1000000000000000019884624838656.000
  W=4 : Rmax=11 ; meilleur qoff=-1000000000000000019884624838656.000
  W=5 : Rmax=3 ; meilleur qoff=-1000000000000000019884624838656.000
  W=6 : Rmax=12 ; meilleur qoff=-1000000000000000019884624838656.000
  W=7 : Rmax=15 ; meilleur qoff=-1000000000000000019884624838656.000
  W=8 : Rmax=13 ; meilleur qoff=-1000000000000000019884624838656.000
  W=9 : Rmax=10 ; meilleur qoff=-1000000000000000019884624838656.000
NULL #441 qoff=-1000000000000000019884624838656.000 (W=-20041995 W2=0)
  W=2 : Rmax=8 ; meilleur qoff=-1000000000000000019884624838656.000
  W=3 : Rmax=5 ; meilleur qoff=-1000000000000000019884624838656.000
  W=4 : Rmax=2 ; meilleur qoff=-1000000000000000019884624838656.000
  W=5 : Rmax=14 ; meilleur qoff=-1000000000000000019884624838656.000
  W=6 : Rmax=16 ; meilleur qoff=-1000000000000000019884624838656.000
  W=7 : Rmax=13 ; meilleur qoff=-1000000000000000019884624838656.000
  W=8 : Rmax=13 ; meilleur qoff=-1000000000000000019884624838656.000
  W=9 : Rmax=18 ; meilleur qoff=-1000000000000000019884624838656.000
NULL #442 qoff=-1000000000000000019884624838656.000 (W=-20041995 W2=0)
  W=2 : Rmax=15 ; meilleur qoff=-1000000000000000019884624838656.000
  W=3 : Rmax=9 ; meilleur qoff=-1000000000000000019884624838656.000
  W=4 : Rmax=6 ; meilleur qoff=-1000000000000000019884624838656.000
  W=5 : Rmax=8 ; meilleur qoff=-1000000000000000019884624838656.000
  W=6 : Rmax=11 ; meilleur qoff=-1000000000000000019884624838656.000
  W=7 : Rmax=17 ; meilleur qoff=-1000000000000000019884624838656.000
  W=8 : Rmax=14 ; meilleur qoff=-1000000000000000019884624838656.000
  W=9 : Rmax=18 ; meilleur qoff=-1000000000000000019884624838656.000
NULL #443 qoff=-1000000000000000019884624838656.000 (W=-20041995 W2=0)
  W=2 : Rmax=9 ; meilleur qoff=-1000000000000000019884624838656.000
  W=3 : Rmax=10 ; meilleur qoff=-1000000000000000019884624838656.000
  W=4 : Rmax=8 ; meilleur qoff=-1000000000000000019884624838656.000
  W=5 : Rmax=8 ; meilleur qoff=-1000000000000000019884624838656.000
  W=6 : Rmax=11 ; meilleur qoff=-1000000000000000019884624838656.000
  W=7 : Rmax=12 ; meilleur qoff=-1000000000000000019884624838656.000
  W=8 : Rmax=13 ; meilleur qoff=-1000000000000000019884624838656.000
  W=9 : Rmax=28 ; meilleur qoff=-1000000000000000019884624838656.000
NULL #444 qoff=-1000000000000000019884624838656.000 (W=-20041995 W2=0)
  W=2 : Rmax=3 ; meilleur qoff=-1000000000000000019884624838656.000
  W=3 : Rmax=10 ; meilleur qoff=-1000000000000000019884624838656.000
  W=4 : Rmax=12 ; meilleur qoff=-1000000000000000019884624838656.000
  W=5 : Rmax=5 ; meilleur qoff=-1000000000000000019884624838656.000
  W=6 : Rmax=12 ; meilleur qoff=-1000000000000000019884624838656.000
  W=7 : Rmax=27 ; meilleur qoff=-1000000000000000019884624838656.000
  W=8 : Rmax=10 ; meilleur qoff=-1000000000000000019884624838656.000
  W=9 : Rmax=12 ; meilleur qoff=-1000000000000000019884624838656.000
NULL #445 qoff=-1000000000000000019884624838656.000 (W=-20041995 W2=0)
  W=2 : Rmax=4 ; meilleur qoff=-1000000000000000019884624838656.000
  W=3 : Rmax=4 ; meilleur qoff=-1000000000000000019884624838656.000
  W=4 : Rmax=5 ; meilleur qoff=-1000000000000000019884624838656.000
  W=5 : Rmax=9 ; meilleur qoff=-1000000000000000019884624838656.000
  W=6 : Rmax=7 ; meilleur qoff=-1000000000000000019884624838656.000
  W=7 : Rmax=10 ; meilleur qoff=-1000000000000000019884624838656.000
  W=8 : Rmax=8 ; meilleur qoff=-1000000000000000019884624838656.000
  W=9 : Rmax=7 ; meilleur qoff=-1000000000000000019884624838656.000
NULL #446 qoff=-1000000000000000019884624838656.000 (W=-20041995 W2=0)
  W=2 : Rmax=13 ; meilleur qoff=-1000000000000000019884624838656.000
  W=3 : Rmax=10 ; meilleur qoff=-1000000000000000019884624838656.000
  W=4 : Rmax=6 ; meilleur qoff=-1000000000000000019884624838656.000
  W=5 : Rmax=8 ; meilleur qoff=-1000000000000000019884624838656.000
  W=6 : Rmax=15 ; meilleur qoff=-1000000000000000019884624838656.000
  W=7 : Rmax=6 ; meilleur qoff=-1000000000000000019884624838656.000
  W=8 : Rmax=9 ; meilleur qoff=-1000000000000000019884624838656.000
  W=9 : Rmax=11 ; meilleur qoff=-1000000000000000019884624838656.000
NULL #447 qoff=-1000000000000000019884624838656.000 (W=-20041995 W2=0)
  W=2 : Rmax=6 ; meilleur qoff=-1000000000000000019884624838656.000
  W=3 : Rmax=11 ; meilleur qoff=-1000000000000000019884624838656.000
  W=4 : Rmax=12 ; meilleur qoff=-1000000000000000019884624838656.000
  W=5 : Rmax=5 ; meilleur qoff=-1000000000000000019884624838656.000
  W=6 : Rmax=9 ; meilleur qoff=-1000000000000000019884624838656.000
  W=7 : Rmax=10 ; meilleur qoff=-1000000000000000019884624838656.000
  W=8 : Rmax=9 ; meilleur qoff=-1000000000000000019884624838656.000
  W=9 : Rmax=14 ; meilleur qoff=-1000000000000000019884624838656.000
NULL #448 qoff=-1000000000000000019884624838656.000 (W=-20041995 W2=0)
  W=2 : Rmax=16 ; meilleur qoff=-1000000000000000019884624838656.000
  W=3 : Rmax=5 ; meilleur qoff=-1000000000000000019884624838656.000
  W=4 : Rmax=13 ; meilleur qoff=-1000000000000000019884624838656.000
  W=5 : Rmax=7 ; meilleur qoff=-1000000000000000019884624838656.000
  W=6 : Rmax=7 ; meilleur qoff=-1000000000000000019884624838656.000
  W=7 : Rmax=13 ; meilleur qoff=-1000000000000000019884624838656.000
  W=8 : Rmax=10 ; meilleur qoff=-1000000000000000019884624838656.000
  W=9 : Rmax=14 ; meilleur qoff=-1000000000000000019884624838656.000
NULL #449 qoff=-1000000000000000019884624838656.000 (W=-20041995 W2=0)
  W=2 : Rmax=7 ; meilleur qoff=-1000000000000000019884624838656.000
  W=3 : Rmax=10 ; meilleur qoff=-1000000000000000019884624838656.000
  W=4 : Rmax=7 ; meilleur qoff=-1000000000000000019884624838656.000
  W=5 : Rmax=9 ; meilleur qoff=-1000000000000000019884624838656.000
  W=6 : Rmax=11 ; meilleur qoff=-1000000000000000019884624838656.000
  W=7 : Rmax=15 ; meilleur qoff=-1000000000000000019884624838656.000
  W=8 : Rmax=10 ; meilleur qoff=-1000000000000000019884624838656.000
  W=9 : Rmax=14 ; meilleur qoff=-1000000000000000019884624838656.000
NULL #450 qoff=-1000000000000000019884624838656.000 (W=-20041995 W2=0)
  W=2 : Rmax=8 ; meilleur qoff=-1000000000000000019884624838656.000
  W=3 : Rmax=12 ; meilleur qoff=-1000000000000000019884624838656.000
  W=4 : Rmax=11 ; meilleur qoff=-1000000000000000019884624838656.000
  W=5 : Rmax=15 ; meilleur qoff=-1000000000000000019884624838656.000
  W=6 : Rmax=12 ; meilleur qoff=-1000000000000000019884624838656.000
  W=7 : Rmax=11 ; meilleur qoff=-1000000000000000019884624838656.000
  W=8 : Rmax=11 ; meilleur qoff=-1000000000000000019884624838656.000
  W=9 : Rmax=10 ; meilleur qoff=-1000000000000000019884624838656.000
NULL #451 qoff=-1000000000000000019884624838656.000 (W=-20041995 W2=0)
  W=2 : Rmax=3 ; meilleur qoff=-1000000000000000019884624838656.000
  W=3 : Rmax=9 ; meilleur qoff=-1000000000000000019884624838656.000
  W=4 : Rmax=7 ; meilleur qoff=-1000000000000000019884624838656.000
  W=5 : Rmax=6 ; meilleur qoff=-1000000000000000019884624838656.000
  W=6 : Rmax=10 ; meilleur qoff=-1000000000000000019884624838656.000
  W=7 : Rmax=8 ; meilleur qoff=-1000000000000000019884624838656.000
  W=8 : Rmax=13 ; meilleur qoff=-1000000000000000019884624838656.000
  W=9 : Rmax=17 ; meilleur qoff=-1000000000000000019884624838656.000
NULL #452 qoff=-1000000000000000019884624838656.000 (W=-20041995 W2=0)
  W=2 : Rmax=5 ; meilleur qoff=-1000000000000000019884624838656.000
  W=3 : Rmax=10 ; meilleur qoff=-1000000000000000019884624838656.000
  W=4 : Rmax=2 ; meilleur qoff=-1000000000000000019884624838656.000
  W=5 : Rmax=5 ; meilleur qoff=-1000000000000000019884624838656.000
  W=6 : Rmax=7 ; meilleur qoff=-1000000000000000019884624838656.000
  W=7 : Rmax=10 ; meilleur qoff=-1000000000000000019884624838656.000
  W=8 : Rmax=16 ; meilleur qoff=-1000000000000000019884624838656.000
  W=9 : Rmax=12 ; meilleur qoff=-1000000000000000019884624838656.000
NULL #453 qoff=-1000000000000000019884624838656.000 (W=-20041995 W2=0)
  W=2 : Rmax=8 ; meilleur qoff=-1000000000000000019884624838656.000
  W=3 : Rmax=9 ; meilleur qoff=-1000000000000000019884624838656.000
  W=4 : Rmax=13 ; meilleur qoff=-1000000000000000019884624838656.000
  W=5 : Rmax=6 ; meilleur qoff=-1000000000000000019884624838656.000
  W=6 : Rmax=6 ; meilleur qoff=-1000000000000000019884624838656.000
  W=7 : Rmax=11 ; meilleur qoff=-1000000000000000019884624838656.000
  W=8 : Rmax=17 ; meilleur qoff=-1000000000000000019884624838656.000
  W=9 : Rmax=13 ; meilleur qoff=-1000000000000000019884624838656.000
NULL #454 qoff=-1000000000000000019884624838656.000 (W=-20041995 W2=0)
  W=2 : Rmax=5 ; meilleur qoff=-1000000000000000019884624838656.000
  W=3 : Rmax=14 ; meilleur qoff=-1000000000000000019884624838656.000
  W=4 : Rmax=10 ; meilleur qoff=-1000000000000000019884624838656.000
  W=5 : Rmax=9 ; meilleur qoff=-1000000000000000019884624838656.000
  W=6 : Rmax=10 ; meilleur qoff=-1000000000000000019884624838656.000
  W=7 : Rmax=20 ; meilleur qoff=-1000000000000000019884624838656.000
  W=8 : Rmax=14 ; meilleur qoff=-1000000000000000019884624838656.000
  W=9 : Rmax=8 ; meilleur qoff=-1000000000000000019884624838656.000
NULL #455 qoff=-1000000000000000019884624838656.000 (W=-20041995 W2=0)
  W=2 : Rmax=10 ; meilleur qoff=-1000000000000000019884624838656.000
  W=3 : Rmax=11 ; meilleur qoff=-1000000000000000019884624838656.000
  W=4 : Rmax=5 ; meilleur qoff=-1000000000000000019884624838656.000
  W=5 : Rmax=5 ; meilleur qoff=-1000000000000000019884624838656.000
  W=6 : Rmax=14 ; meilleur qoff=-1000000000000000019884624838656.000
  W=7 : Rmax=10 ; meilleur qoff=-1000000000000000019884624838656.000
  W=8 : Rmax=8 ; meilleur qoff=-1000000000000000019884624838656.000
  W=9 : Rmax=5 ; meilleur qoff=-1000000000000000019884624838656.000
NULL #456 qoff=-1000000000000000019884624838656.000 (W=-20041995 W2=0)
  W=2 : Rmax=8 ; meilleur qoff=-1000000000000000019884624838656.000
  W=3 : Rmax=6 ; meilleur qoff=-1000000000000000019884624838656.000
  W=4 : Rmax=4 ; meilleur qoff=-1000000000000000019884624838656.000
  W=5 : Rmax=5 ; meilleur qoff=-1000000000000000019884624838656.000
  W=6 : Rmax=14 ; meilleur qoff=-1000000000000000019884624838656.000
  W=7 : Rmax=12 ; meilleur qoff=-1000000000000000019884624838656.000
  W=8 : Rmax=11 ; meilleur qoff=-1000000000000000019884624838656.000
  W=9 : Rmax=10 ; meilleur qoff=-1000000000000000019884624838656.000
NULL #457 qoff=-1000000000000000019884624838656.000 (W=-20041995 W2=0)
  W=2 : Rmax=4 ; meilleur qoff=-1000000000000000019884624838656.000
  W=3 : Rmax=4 ; meilleur qoff=-1000000000000000019884624838656.000
  W=4 : Rmax=9 ; meilleur qoff=-1000000000000000019884624838656.000
  W=5 : Rmax=13 ; meilleur qoff=-1000000000000000019884624838656.000
  W=6 : Rmax=3 ; meilleur qoff=-1000000000000000019884624838656.000
  W=7 : Rmax=13 ; meilleur qoff=-1000000000000000019884624838656.000
  W=8 : Rmax=7 ; meilleur qoff=-1000000000000000019884624838656.000
  W=9 : Rmax=15 ; meilleur qoff=-1000000000000000019884624838656.000
NULL #458 qoff=-1000000000000000019884624838656.000 (W=-20041995 W2=0)
  W=2 : Rmax=7 ; meilleur qoff=-1000000000000000019884624838656.000
  W=3 : Rmax=21 ; meilleur qoff=-1000000000000000019884624838656.000
  W=4 : Rmax=5 ; meilleur qoff=-1000000000000000019884624838656.000
  W=5 : Rmax=16 ; meilleur qoff=-1000000000000000019884624838656.000
  W=6 : Rmax=8 ; meilleur qoff=-1000000000000000019884624838656.000
  W=7 : Rmax=6 ; meilleur qoff=-1000000000000000019884624838656.000
  W=8 : Rmax=18 ; meilleur qoff=-1000000000000000019884624838656.000
  W=9 : Rmax=15 ; meilleur qoff=-1000000000000000019884624838656.000
NULL #459 qoff=-1000000000000000019884624838656.000 (W=-20041995 W2=0)
  W=2 : Rmax=8 ; meilleur qoff=-1000000000000000019884624838656.000
  W=3 : Rmax=11 ; meilleur qoff=-1000000000000000019884624838656.000
  W=4 : Rmax=12 ; meilleur qoff=-1000000000000000019884624838656.000
  W=5 : Rmax=16 ; meilleur qoff=-1000000000000000019884624838656.000
  W=6 : Rmax=7 ; meilleur qoff=-1000000000000000019884624838656.000
  W=7 : Rmax=10 ; meilleur qoff=-1000000000000000019884624838656.000
  W=8 : Rmax=24 ; meilleur qoff=-1000000000000000019884624838656.000
  W=9 : Rmax=12 ; meilleur qoff=-1000000000000000019884624838656.000
NULL #460 qoff=-1000000000000000019884624838656.000 (W=-20041995 W2=0)
  W=2 : Rmax=11 ; meilleur qoff=-1000000000000000019884624838656.000
  W=3 : Rmax=19 ; meilleur qoff=-1000000000000000019884624838656.000
  W=4 : Rmax=9 ; meilleur qoff=-1000000000000000019884624838656.000
  W=5 : Rmax=5 ; meilleur qoff=-1000000000000000019884624838656.000
  W=6 : Rmax=23 ; meilleur qoff=-1000000000000000019884624838656.000
  W=7 : Rmax=9 ; meilleur qoff=-1000000000000000019884624838656.000
  W=8 : Rmax=20 ; meilleur qoff=-1000000000000000019884624838656.000
  W=9 : Rmax=11 ; meilleur qoff=-1000000000000000019884624838656.000
NULL #461 qoff=-1000000000000000019884624838656.000 (W=-20041995 W2=0)
  W=2 : Rmax=4 ; meilleur qoff=-1000000000000000019884624838656.000
  W=3 : Rmax=6 ; meilleur qoff=-1000000000000000019884624838656.000
  W=4 : Rmax=5 ; meilleur qoff=-1000000000000000019884624838656.000
  W=5 : Rmax=7 ; meilleur qoff=-1000000000000000019884624838656.000
  W=6 : Rmax=8 ; meilleur qoff=-1000000000000000019884624838656.000
  W=7 : Rmax=6 ; meilleur qoff=-1000000000000000019884624838656.000
  W=8 : Rmax=18 ; meilleur qoff=-1000000000000000019884624838656.000
  W=9 : Rmax=13 ; meilleur qoff=-1000000000000000019884624838656.000
NULL #462 qoff=-1000000000000000019884624838656.000 (W=-20041995 W2=0)
  W=2 : Rmax=6 ; meilleur qoff=-1000000000000000019884624838656.000
  W=3 : Rmax=4 ; meilleur qoff=-1000000000000000019884624838656.000
  W=4 : Rmax=18 ; meilleur qoff=-1000000000000000019884624838656.000
  W=5 : Rmax=16 ; meilleur qoff=-1000000000000000019884624838656.000
  W=6 : Rmax=17 ; meilleur qoff=-1000000000000000019884624838656.000
  W=7 : Rmax=6 ; meilleur qoff=-1000000000000000019884624838656.000
  W=8 : Rmax=11 ; meilleur qoff=-1000000000000000019884624838656.000
  W=9 : Rmax=12 ; meilleur qoff=-1000000000000000019884624838656.000
NULL #463 qoff=-1000000000000000019884624838656.000 (W=-20041995 W2=0)
  W=2 : Rmax=11 ; meilleur qoff=-1000000000000000019884624838656.000
  W=3 : Rmax=6 ; meilleur qoff=-1000000000000000019884624838656.000
  W=4 : Rmax=13 ; meilleur qoff=-1000000000000000019884624838656.000
  W=5 : Rmax=9 ; meilleur qoff=-1000000000000000019884624838656.000
  W=6 : Rmax=27 ; meilleur qoff=-1000000000000000019884624838656.000
  W=7 : Rmax=16 ; meilleur qoff=-1000000000000000019884624838656.000
  W=8 : Rmax=14 ; meilleur qoff=-1000000000000000019884624838656.000
  W=9 : Rmax=13 ; meilleur qoff=-1000000000000000019884624838656.000
NULL #464 qoff=-1000000000000000019884624838656.000 (W=-20041995 W2=0)
  W=2 : Rmax=9 ; meilleur qoff=-1000000000000000019884624838656.000
  W=3 : Rmax=9 ; meilleur qoff=-1000000000000000019884624838656.000
  W=4 : Rmax=29 ; meilleur qoff=-1000000000000000019884624838656.000
  W=5 : Rmax=11 ; meilleur qoff=-1000000000000000019884624838656.000
  W=6 : Rmax=9 ; meilleur qoff=-1000000000000000019884624838656.000
  W=7 : Rmax=20 ; meilleur qoff=-1000000000000000019884624838656.000
  W=8 : Rmax=11 ; meilleur qoff=-1000000000000000019884624838656.000
  W=9 : Rmax=14 ; meilleur qoff=-1000000000000000019884624838656.000
NULL #465 qoff=-1000000000000000019884624838656.000 (W=-20041995 W2=0)
  W=2 : Rmax=9 ; meilleur qoff=-1000000000000000019884624838656.000
  W=3 : Rmax=11 ; meilleur qoff=-1000000000000000019884624838656.000
  W=4 : Rmax=15 ; meilleur qoff=-1000000000000000019884624838656.000
  W=5 : Rmax=16 ; meilleur qoff=-1000000000000000019884624838656.000
  W=6 : Rmax=9 ; meilleur qoff=-1000000000000000019884624838656.000
  W=7 : Rmax=6 ; meilleur qoff=-1000000000000000019884624838656.000
  W=8 : Rmax=16 ; meilleur qoff=-1000000000000000019884624838656.000
  W=9 : Rmax=17 ; meilleur qoff=-1000000000000000019884624838656.000
NULL #466 qoff=-1000000000000000019884624838656.000 (W=-20041995 W2=0)
  W=2 : Rmax=6 ; meilleur qoff=-1000000000000000019884624838656.000
  W=3 : Rmax=4 ; meilleur qoff=-1000000000000000019884624838656.000
  W=4 : Rmax=9 ; meilleur qoff=-1000000000000000019884624838656.000
  W=5 : Rmax=23 ; meilleur qoff=-1000000000000000019884624838656.000
  W=6 : Rmax=12 ; meilleur qoff=-1000000000000000019884624838656.000
  W=7 : Rmax=5 ; meilleur qoff=-1000000000000000019884624838656.000
  W=8 : Rmax=19 ; meilleur qoff=-1000000000000000019884624838656.000
  W=9 : Rmax=15 ; meilleur qoff=-1000000000000000019884624838656.000
NULL #467 qoff=-1000000000000000019884624838656.000 (W=-20041995 W2=0)
  W=2 : Rmax=6 ; meilleur qoff=-1000000000000000019884624838656.000
  W=3 : Rmax=6 ; meilleur qoff=-1000000000000000019884624838656.000
  W=4 : Rmax=7 ; meilleur qoff=-1000000000000000019884624838656.000
  W=5 : Rmax=10 ; meilleur qoff=-1000000000000000019884624838656.000
  W=6 : Rmax=9 ; meilleur qoff=-1000000000000000019884624838656.000
  W=7 : Rmax=9 ; meilleur qoff=-1000000000000000019884624838656.000
  W=8 : Rmax=21 ; meilleur qoff=-1000000000000000019884624838656.000
  W=9 : Rmax=12 ; meilleur qoff=-1000000000000000019884624838656.000
NULL #468 qoff=-1000000000000000019884624838656.000 (W=-20041995 W2=0)
  W=2 : Rmax=4 ; meilleur qoff=-1000000000000000019884624838656.000
  W=3 : Rmax=6 ; meilleur qoff=-1000000000000000019884624838656.000
  W=4 : Rmax=7 ; meilleur qoff=-1000000000000000019884624838656.000
  W=5 : Rmax=16 ; meilleur qoff=-1000000000000000019884624838656.000
  W=6 : Rmax=6 ; meilleur qoff=-1000000000000000019884624838656.000
  W=7 : Rmax=6 ; meilleur qoff=-1000000000000000019884624838656.000
  W=8 : Rmax=18 ; meilleur qoff=-1000000000000000019884624838656.000
  W=9 : Rmax=13 ; meilleur qoff=-1000000000000000019884624838656.000
NULL #469 qoff=-1000000000000000019884624838656.000 (W=-20041995 W2=0)
  W=2 : Rmax=10 ; meilleur qoff=-1000000000000000019884624838656.000
  W=3 : Rmax=6 ; meilleur qoff=-1000000000000000019884624838656.000
  W=4 : Rmax=7 ; meilleur qoff=-1000000000000000019884624838656.000
  W=5 : Rmax=9 ; meilleur qoff=-1000000000000000019884624838656.000
  W=6 : Rmax=5 ; meilleur qoff=-1000000000000000019884624838656.000
  W=7 : Rmax=9 ; meilleur qoff=-1000000000000000019884624838656.000
  W=8 : Rmax=8 ; meilleur qoff=-1000000000000000019884624838656.000
  W=9 : Rmax=8 ; meilleur qoff=-1000000000000000019884624838656.000
NULL #470 qoff=-1000000000000000019884624838656.000 (W=-20041995 W2=0)
  W=2 : Rmax=4 ; meilleur qoff=-1000000000000000019884624838656.000
  W=3 : Rmax=6 ; meilleur qoff=-1000000000000000019884624838656.000
  W=4 : Rmax=6 ; meilleur qoff=-1000000000000000019884624838656.000
  W=5 : Rmax=10 ; meilleur qoff=-1000000000000000019884624838656.000
  W=6 : Rmax=13 ; meilleur qoff=-1000000000000000019884624838656.000
  W=7 : Rmax=7 ; meilleur qoff=-1000000000000000019884624838656.000
  W=8 : Rmax=13 ; meilleur qoff=-1000000000000000019884624838656.000
  W=9 : Rmax=9 ; meilleur qoff=-1000000000000000019884624838656.000
NULL #471 qoff=-1000000000000000019884624838656.000 (W=-20041995 W2=0)
  W=2 : Rmax=5 ; meilleur qoff=-1000000000000000019884624838656.000
  W=3 : Rmax=12 ; meilleur qoff=-1000000000000000019884624838656.000
  W=4 : Rmax=9 ; meilleur qoff=-1000000000000000019884624838656.000
  W=5 : Rmax=10 ; meilleur qoff=-1000000000000000019884624838656.000
  W=6 : Rmax=11 ; meilleur qoff=-1000000000000000019884624838656.000
  W=7 : Rmax=18 ; meilleur qoff=-1000000000000000019884624838656.000
  W=8 : Rmax=14 ; meilleur qoff=-1000000000000000019884624838656.000
  W=9 : Rmax=9 ; meilleur qoff=-1000000000000000019884624838656.000
NULL #472 qoff=-1000000000000000019884624838656.000 (W=-20041995 W2=0)
  W=2 : Rmax=8 ; meilleur qoff=-1000000000000000019884624838656.000
  W=3 : Rmax=6 ; meilleur qoff=-1000000000000000019884624838656.000
  W=4 : Rmax=7 ; meilleur qoff=-1000000000000000019884624838656.000
  W=5 : Rmax=3 ; meilleur qoff=-1000000000000000019884624838656.000
  W=6 : Rmax=5 ; meilleur qoff=-1000000000000000019884624838656.000
  W=7 : Rmax=20 ; meilleur qoff=-1000000000000000019884624838656.000
  W=8 : Rmax=10 ; meilleur qoff=-1000000000000000019884624838656.000
  W=9 : Rmax=7 ; meilleur qoff=-1000000000000000019884624838656.000
NULL #473 qoff=-1000000000000000019884624838656.000 (W=-20041995 W2=0)
  W=2 : Rmax=3 ; meilleur qoff=-1000000000000000019884624838656.000
  W=3 : Rmax=9 ; meilleur qoff=-1000000000000000019884624838656.000
  W=4 : Rmax=13 ; meilleur qoff=-1000000000000000019884624838656.000
  W=5 : Rmax=5 ; meilleur qoff=-1000000000000000019884624838656.000
  W=6 : Rmax=20 ; meilleur qoff=-1000000000000000019884624838656.000
  W=7 : Rmax=5 ; meilleur qoff=-1000000000000000019884624838656.000
  W=8 : Rmax=8 ; meilleur qoff=-1000000000000000019884624838656.000
  W=9 : Rmax=23 ; meilleur qoff=-1000000000000000019884624838656.000
NULL #474 qoff=-1000000000000000019884624838656.000 (W=-20041995 W2=0)
  W=2 : Rmax=8 ; meilleur qoff=-1000000000000000019884624838656.000
  W=3 : Rmax=14 ; meilleur qoff=-1000000000000000019884624838656.000
  W=4 : Rmax=8 ; meilleur qoff=-1000000000000000019884624838656.000
  W=5 : Rmax=7 ; meilleur qoff=-1000000000000000019884624838656.000
  W=6 : Rmax=4 ; meilleur qoff=-1000000000000000019884624838656.000
  W=7 : Rmax=21 ; meilleur qoff=-1000000000000000019884624838656.000
  W=8 : Rmax=13 ; meilleur qoff=-1000000000000000019884624838656.000
  W=9 : Rmax=10 ; meilleur qoff=-1000000000000000019884624838656.000
NULL #475 qoff=-1000000000000000019884624838656.000 (W=-20041995 W2=0)
  W=2 : Rmax=6 ; meilleur qoff=-1000000000000000019884624838656.000
  W=3 : Rmax=9 ; meilleur qoff=-1000000000000000019884624838656.000
  W=4 : Rmax=11 ; meilleur qoff=-1000000000000000019884624838656.000
  W=5 : Rmax=9 ; meilleur qoff=-1000000000000000019884624838656.000
  W=6 : Rmax=10 ; meilleur qoff=-1000000000000000019884624838656.000
  W=7 : Rmax=18 ; meilleur qoff=-1000000000000000019884624838656.000
  W=8 : Rmax=14 ; meilleur qoff=-1000000000000000019884624838656.000
  W=9 : Rmax=13 ; meilleur qoff=-1000000000000000019884624838656.000
NULL #476 qoff=-1000000000000000019884624838656.000 (W=-20041995 W2=0)
  W=2 : Rmax=3 ; meilleur qoff=-1000000000000000019884624838656.000
  W=3 : Rmax=9 ; meilleur qoff=-1000000000000000019884624838656.000
  W=4 : Rmax=4 ; meilleur qoff=-1000000000000000019884624838656.000
  W=5 : Rmax=7 ; meilleur qoff=-1000000000000000019884624838656.000
  W=6 : Rmax=16 ; meilleur qoff=-1000000000000000019884624838656.000
  W=7 : Rmax=18 ; meilleur qoff=-1000000000000000019884624838656.000
  W=8 : Rmax=18 ; meilleur qoff=-1000000000000000019884624838656.000
  W=9 : Rmax=26 ; meilleur qoff=-1000000000000000019884624838656.000
NULL #477 qoff=-1000000000000000019884624838656.000 (W=-20041995 W2=0)
  W=2 : Rmax=14 ; meilleur qoff=-1000000000000000019884624838656.000
  W=3 : Rmax=5 ; meilleur qoff=-1000000000000000019884624838656.000
  W=4 : Rmax=15 ; meilleur qoff=-1000000000000000019884624838656.000
  W=5 : Rmax=6 ; meilleur qoff=-1000000000000000019884624838656.000
  W=6 : Rmax=9 ; meilleur qoff=-1000000000000000019884624838656.000
  W=7 : Rmax=9 ; meilleur qoff=-1000000000000000019884624838656.000
  W=8 : Rmax=15 ; meilleur qoff=-1000000000000000019884624838656.000
  W=9 : Rmax=14 ; meilleur qoff=-1000000000000000019884624838656.000
NULL #478 qoff=-1000000000000000019884624838656.000 (W=-20041995 W2=0)
  W=2 : Rmax=6 ; meilleur qoff=-1000000000000000019884624838656.000
  W=3 : Rmax=8 ; meilleur qoff=-1000000000000000019884624838656.000
  W=4 : Rmax=13 ; meilleur qoff=-1000000000000000019884624838656.000
  W=5 : Rmax=15 ; meilleur qoff=-1000000000000000019884624838656.000
  W=6 : Rmax=15 ; meilleur qoff=-1000000000000000019884624838656.000
  W=7 : Rmax=20 ; meilleur qoff=-1000000000000000019884624838656.000
  W=8 : Rmax=13 ; meilleur qoff=-1000000000000000019884624838656.000
  W=9 : Rmax=9 ; meilleur qoff=-1000000000000000019884624838656.000
NULL #479 qoff=-1000000000000000019884624838656.000 (W=-20041995 W2=0)
  W=2 : Rmax=13 ; meilleur qoff=-1000000000000000019884624838656.000
  W=3 : Rmax=15 ; meilleur qoff=-1000000000000000019884624838656.000
  W=4 : Rmax=9 ; meilleur qoff=-1000000000000000019884624838656.000
  W=5 : Rmax=14 ; meilleur qoff=-1000000000000000019884624838656.000
  W=6 : Rmax=12 ; meilleur qoff=-1000000000000000019884624838656.000
  W=7 : Rmax=18 ; meilleur qoff=-1000000000000000019884624838656.000
  W=8 : Rmax=10 ; meilleur qoff=-1000000000000000019884624838656.000
  W=9 : Rmax=7 ; meilleur qoff=-1000000000000000019884624838656.000
NULL #480 qoff=-1000000000000000019884624838656.000 (W=-20041995 W2=0)
  W=2 : Rmax=4 ; meilleur qoff=-1000000000000000019884624838656.000
  W=3 : Rmax=7 ; meilleur qoff=-1000000000000000019884624838656.000
  W=4 : Rmax=6 ; meilleur qoff=-1000000000000000019884624838656.000
  W=5 : Rmax=9 ; meilleur qoff=-1000000000000000019884624838656.000
  W=6 : Rmax=4 ; meilleur qoff=-1000000000000000019884624838656.000
  W=7 : Rmax=9 ; meilleur qoff=-1000000000000000019884624838656.000
  W=8 : Rmax=7 ; meilleur qoff=-1000000000000000019884624838656.000
  W=9 : Rmax=10 ; meilleur qoff=-1000000000000000019884624838656.000
NULL #481 qoff=-1000000000000000019884624838656.000 (W=-20041995 W2=0)
  W=2 : Rmax=1 ; meilleur qoff=-1000000000000000019884624838656.000
  W=3 : Rmax=7 ; meilleur qoff=-1000000000000000019884624838656.000
  W=4 : Rmax=12 ; meilleur qoff=-1000000000000000019884624838656.000
  W=5 : Rmax=18 ; meilleur qoff=-1000000000000000019884624838656.000
  W=6 : Rmax=11 ; meilleur qoff=-1000000000000000019884624838656.000
  W=7 : Rmax=11 ; meilleur qoff=-1000000000000000019884624838656.000
  W=8 : Rmax=15 ; meilleur qoff=-1000000000000000019884624838656.000
  W=9 : Rmax=12 ; meilleur qoff=-1000000000000000019884624838656.000
NULL #482 qoff=-1000000000000000019884624838656.000 (W=-20041995 W2=0)
  W=2 : Rmax=11 ; meilleur qoff=-1000000000000000019884624838656.000
  W=3 : Rmax=5 ; meilleur qoff=-1000000000000000019884624838656.000
  W=4 : Rmax=5 ; meilleur qoff=-1000000000000000019884624838656.000
  W=5 : Rmax=6 ; meilleur qoff=-1000000000000000019884624838656.000
  W=6 : Rmax=11 ; meilleur qoff=-1000000000000000019884624838656.000
  W=7 : Rmax=15 ; meilleur qoff=-1000000000000000019884624838656.000
  W=8 : Rmax=9 ; meilleur qoff=-1000000000000000019884624838656.000
  W=9 : Rmax=14 ; meilleur qoff=-1000000000000000019884624838656.000
NULL #483 qoff=-1000000000000000019884624838656.000 (W=-20041995 W2=0)
  W=2 : Rmax=2 ; meilleur qoff=-1000000000000000019884624838656.000
  W=3 : Rmax=12 ; meilleur qoff=-1000000000000000019884624838656.000
  W=4 : Rmax=7 ; meilleur qoff=-1000000000000000019884624838656.000
  W=5 : Rmax=10 ; meilleur qoff=-1000000000000000019884624838656.000
  W=6 : Rmax=7 ; meilleur qoff=-1000000000000000019884624838656.000
  W=7 : Rmax=5 ; meilleur qoff=-1000000000000000019884624838656.000
  W=8 : Rmax=19 ; meilleur qoff=-1000000000000000019884624838656.000
  W=9 : Rmax=15 ; meilleur qoff=-1000000000000000019884624838656.000
NULL #484 qoff=-1000000000000000019884624838656.000 (W=-20041995 W2=0)
  W=2 : Rmax=9 ; meilleur qoff=-1000000000000000019884624838656.000
  W=3 : Rmax=6 ; meilleur qoff=-1000000000000000019884624838656.000
  W=4 : Rmax=12 ; meilleur qoff=-1000000000000000019884624838656.000
  W=5 : Rmax=11 ; meilleur qoff=-1000000000000000019884624838656.000
  W=6 : Rmax=16 ; meilleur qoff=-1000000000000000019884624838656.000
  W=7 : Rmax=12 ; meilleur qoff=-1000000000000000019884624838656.000
  W=8 : Rmax=10 ; meilleur qoff=-1000000000000000019884624838656.000
  W=9 : Rmax=25 ; meilleur qoff=-1000000000000000019884624838656.000
NULL #485 qoff=-1000000000000000019884624838656.000 (W=-20041995 W2=0)
  W=2 : Rmax=8 ; meilleur qoff=-1000000000000000019884624838656.000
  W=3 : Rmax=4 ; meilleur qoff=-1000000000000000019884624838656.000
  W=4 : Rmax=6 ; meilleur qoff=-1000000000000000019884624838656.000
  W=5 : Rmax=16 ; meilleur qoff=-1000000000000000019884624838656.000
  W=6 : Rmax=10 ; meilleur qoff=-1000000000000000019884624838656.000
  W=7 : Rmax=10 ; meilleur qoff=-1000000000000000019884624838656.000
  W=8 : Rmax=18 ; meilleur qoff=-1000000000000000019884624838656.000
  W=9 : Rmax=19 ; meilleur qoff=-1000000000000000019884624838656.000
NULL #486 qoff=-1000000000000000019884624838656.000 (W=-20041995 W2=0)
  W=2 : Rmax=11 ; meilleur qoff=-1000000000000000019884624838656.000
  W=3 : Rmax=26 ; meilleur qoff=-1000000000000000019884624838656.000
  W=4 : Rmax=9 ; meilleur qoff=-1000000000000000019884624838656.000
  W=5 : Rmax=19 ; meilleur qoff=-1000000000000000019884624838656.000
  W=6 : Rmax=5 ; meilleur qoff=-1000000000000000019884624838656.000
  W=7 : Rmax=11 ; meilleur qoff=-1000000000000000019884624838656.000
  W=8 : Rmax=20 ; meilleur qoff=-1000000000000000019884624838656.000
  W=9 : Rmax=11 ; meilleur qoff=-1000000000000000019884624838656.000
NULL #487 qoff=-1000000000000000019884624838656.000 (W=-20041995 W2=0)
  W=2 : Rmax=5 ; meilleur qoff=-1000000000000000019884624838656.000
  W=3 : Rmax=12 ; meilleur qoff=-1000000000000000019884624838656.000
  W=4 : Rmax=14 ; meilleur qoff=-1000000000000000019884624838656.000
  W=5 : Rmax=11 ; meilleur qoff=-1000000000000000019884624838656.000
  W=6 : Rmax=21 ; meilleur qoff=-1000000000000000019884624838656.000
  W=7 : Rmax=10 ; meilleur qoff=-1000000000000000019884624838656.000
  W=8 : Rmax=25 ; meilleur qoff=-1000000000000000019884624838656.000
  W=9 : Rmax=22 ; meilleur qoff=-1000000000000000019884624838656.000
NULL #488 qoff=-1000000000000000019884624838656.000 (W=-20041995 W2=0)
  W=2 : Rmax=6 ; meilleur qoff=-1000000000000000019884624838656.000
  W=3 : Rmax=15 ; meilleur qoff=-1000000000000000019884624838656.000
  W=4 : Rmax=12 ; meilleur qoff=-1000000000000000019884624838656.000
  W=5 : Rmax=12 ; meilleur qoff=-1000000000000000019884624838656.000
  W=6 : Rmax=10 ; meilleur qoff=-1000000000000000019884624838656.000
  W=7 : Rmax=8 ; meilleur qoff=-1000000000000000019884624838656.000
  W=8 : Rmax=17 ; meilleur qoff=-1000000000000000019884624838656.000
  W=9 : Rmax=10 ; meilleur qoff=-1000000000000000019884624838656.000
NULL #489 qoff=-1000000000000000019884624838656.000 (W=-20041995 W2=0)
  W=2 : Rmax=5 ; meilleur qoff=-1000000000000000019884624838656.000
  W=3 : Rmax=7 ; meilleur qoff=-1000000000000000019884624838656.000
  W=4 : Rmax=15 ; meilleur qoff=-1000000000000000019884624838656.000
  W=5 : Rmax=7 ; meilleur qoff=-1000000000000000019884624838656.000
  W=6 : Rmax=7 ; meilleur qoff=-1000000000000000019884624838656.000
  W=7 : Rmax=13 ; meilleur qoff=-1000000000000000019884624838656.000
  W=8 : Rmax=12 ; meilleur qoff=-1000000000000000019884624838656.000
  W=9 : Rmax=8 ; meilleur qoff=-1000000000000000019884624838656.000
NULL #490 qoff=-1000000000000000019884624838656.000 (W=-20041995 W2=0)
  W=2 : Rmax=10 ; meilleur qoff=-1000000000000000019884624838656.000
  W=3 : Rmax=15 ; meilleur qoff=-1000000000000000019884624838656.000
  W=4 : Rmax=7 ; meilleur qoff=-1000000000000000019884624838656.000
  W=5 : Rmax=9 ; meilleur qoff=-1000000000000000019884624838656.000
  W=6 : Rmax=21 ; meilleur qoff=-1000000000000000019884624838656.000
  W=7 : Rmax=14 ; meilleur qoff=-1000000000000000019884624838656.000
  W=8 : Rmax=7 ; meilleur qoff=-1000000000000000019884624838656.000
  W=9 : Rmax=21 ; meilleur qoff=-1000000000000000019884624838656.000
NULL #491 qoff=-1000000000000000019884624838656.000 (W=-20041995 W2=0)
  W=2 : Rmax=10 ; meilleur qoff=-1000000000000000019884624838656.000
  W=3 : Rmax=12 ; meilleur qoff=-1000000000000000019884624838656.000
  W=4 : Rmax=7 ; meilleur qoff=-1000000000000000019884624838656.000
  W=5 : Rmax=8 ; meilleur qoff=-1000000000000000019884624838656.000
  W=6 : Rmax=4 ; meilleur qoff=-1000000000000000019884624838656.000
  W=7 : Rmax=8 ; meilleur qoff=-1000000000000000019884624838656.000
  W=8 : Rmax=9 ; meilleur qoff=-1000000000000000019884624838656.000
  W=9 : Rmax=11 ; meilleur qoff=-1000000000000000019884624838656.000
NULL #492 qoff=-1000000000000000019884624838656.000 (W=-20041995 W2=0)
  W=2 : Rmax=6 ; meilleur qoff=-1000000000000000019884624838656.000
  W=3 : Rmax=15 ; meilleur qoff=-1000000000000000019884624838656.000
  W=4 : Rmax=11 ; meilleur qoff=-1000000000000000019884624838656.000
  W=5 : Rmax=11 ; meilleur qoff=-1000000000000000019884624838656.000
  W=6 : Rmax=10 ; meilleur qoff=-1000000000000000019884624838656.000
  W=7 : Rmax=16 ; meilleur qoff=-1000000000000000019884624838656.000
  W=8 : Rmax=16 ; meilleur qoff=-1000000000000000019884624838656.000
  W=9 : Rmax=14 ; meilleur qoff=-1000000000000000019884624838656.000
NULL #493 qoff=-1000000000000000019884624838656.000 (W=-20041995 W2=0)
  W=2 : Rmax=13 ; meilleur qoff=-1000000000000000019884624838656.000
  W=3 : Rmax=11 ; meilleur qoff=-1000000000000000019884624838656.000
  W=4 : Rmax=10 ; meilleur qoff=-1000000000000000019884624838656.000
  W=5 : Rmax=9 ; meilleur qoff=-1000000000000000019884624838656.000
  W=6 : Rmax=12 ; meilleur qoff=-1000000000000000019884624838656.000
  W=7 : Rmax=6 ; meilleur qoff=-1000000000000000019884624838656.000
  W=8 : Rmax=25 ; meilleur qoff=-1000000000000000019884624838656.000
  W=9 : Rmax=17 ; meilleur qoff=-1000000000000000019884624838656.000
NULL #494 qoff=-1000000000000000019884624838656.000 (W=-20041995 W2=0)
  W=2 : Rmax=14 ; meilleur qoff=-1000000000000000019884624838656.000
  W=3 : Rmax=13 ; meilleur qoff=-1000000000000000019884624838656.000
  W=4 : Rmax=4 ; meilleur qoff=-1000000000000000019884624838656.000
  W=5 : Rmax=8 ; meilleur qoff=-1000000000000000019884624838656.000
  W=6 : Rmax=8 ; meilleur qoff=-1000000000000000019884624838656.000
  W=7 : Rmax=20 ; meilleur qoff=-1000000000000000019884624838656.000
  W=8 : Rmax=10 ; meilleur qoff=-1000000000000000019884624838656.000
  W=9 : Rmax=12 ; meilleur qoff=-1000000000000000019884624838656.000
NULL #495 qoff=-1000000000000000019884624838656.000 (W=-20041995 W2=0)
  W=2 : Rmax=11 ; meilleur qoff=-1000000000000000019884624838656.000
  W=3 : Rmax=9 ; meilleur qoff=-1000000000000000019884624838656.000
  W=4 : Rmax=10 ; meilleur qoff=-1000000000000000019884624838656.000
  W=5 : Rmax=10 ; meilleur qoff=-1000000000000000019884624838656.000
  W=6 : Rmax=9 ; meilleur qoff=-1000000000000000019884624838656.000
  W=7 : Rmax=25 ; meilleur qoff=-1000000000000000019884624838656.000
  W=8 : Rmax=11 ; meilleur qoff=-1000000000000000019884624838656.000
  W=9 : Rmax=14 ; meilleur qoff=-1000000000000000019884624838656.000
NULL #496 qoff=-1000000000000000019884624838656.000 (W=-20041995 W2=0)
  W=2 : Rmax=15 ; meilleur qoff=-1000000000000000019884624838656.000
  W=3 : Rmax=14 ; meilleur qoff=-1000000000000000019884624838656.000
  W=4 : Rmax=8 ; meilleur qoff=-1000000000000000019884624838656.000
  W=5 : Rmax=19 ; meilleur qoff=-1000000000000000019884624838656.000
  W=6 : Rmax=22 ; meilleur qoff=-1000000000000000019884624838656.000
  W=7 : Rmax=19 ; meilleur qoff=-1000000000000000019884624838656.000
  W=8 : Rmax=21 ; meilleur qoff=-1000000000000000019884624838656.000
  W=9 : Rmax=12 ; meilleur qoff=-1000000000000000019884624838656.000
NULL #497 qoff=-1000000000000000019884624838656.000 (W=-20041995 W2=0)
  W=2 : Rmax=7 ; meilleur qoff=-1000000000000000019884624838656.000
  W=3 : Rmax=3 ; meilleur qoff=-1000000000000000019884624838656.000
  W=4 : Rmax=10 ; meilleur qoff=-1000000000000000019884624838656.000
  W=5 : Rmax=7 ; meilleur qoff=-1000000000000000019884624838656.000
  W=6 : Rmax=20 ; meilleur qoff=-1000000000000000019884624838656.000
  W=7 : Rmax=14 ; meilleur qoff=-1000000000000000019884624838656.000
  W=8 : Rmax=10 ; meilleur qoff=-1000000000000000019884624838656.000
  W=9 : Rmax=14 ; meilleur qoff=-1000000000000000019884624838656.000
NULL #498 qoff=-1000000000000000019884624838656.000 (W=-20041995 W2=0)
  W=2 : Rmax=4 ; meilleur qoff=-1000000000000000019884624838656.000
  W=3 : Rmax=5 ; meilleur qoff=-1000000000000000019884624838656.000
  W=4 : Rmax=10 ; meilleur qoff=-1000000000000000019884624838656.000
  W=5 : Rmax=8 ; meilleur qoff=-1000000000000000019884624838656.000
  W=6 : Rmax=13 ; meilleur qoff=-1000000000000000019884624838656.000
  W=7 : Rmax=12 ; meilleur qoff=-1000000000000000019884624838656.000
  W=8 : Rmax=7 ; meilleur qoff=-1000000000000000019884624838656.000
  W=9 : Rmax=18 ; meilleur qoff=-1000000000000000019884624838656.000
NULL #499 qoff=-1000000000000000019884624838656.000 (W=-20041995 W2=0)
